verb,noun,item,n_kwics,coll_freq,logDice,usage,noun_concreteness,noun_synset_len,verb_synset_len,snd3,snd10,snd25,snd50,queried_by_verb,queried_by_noun,n_nouns_for_verb,n_verbs_for_noun
abandon,animal,abandon animal,100,2542,5.05,abandoned animals,4.61,1,5,176.69,244.8,282.95,316.08,1,0,99,7
abandon,approach,abandon approach,100,3257,4.6,abandoned this approach,2.74,9,5,228.24,334.77,377.46,398.77,1,0,99,6
abandon,area,abandon area,100,4080,4.06,abandoned areas,3.72,6,5,263.68,404.24,463.02,501.91,1,0,99,24
abandon,attempt,abandon attempt,100,6249,6.46,abandon the attempt,2.22,2,5,201.8,327.95,379.58,407.42,1,0,99,3
abandon,baby,abandon baby,100,3453,5.58,abandoned baby,5.0,7,5,142.59,217.27,250.61,271.03,1,0,99,8
abandon,base,abandon base,100,2218,4.86,abandoned base,3.86,20,5,222.59,315.28,348.13,366.59,1,0,99,6
abandon,belief,abandon belief,100,2734,5.55,abandon their beliefs,1.19,2,5,175.05,262.14,299.23,321.46,1,0,99,8
abandon,building,abandon building,100,15935,7.17,abandoned buildings,4.64,4,5,193.2,298.76,338.74,361.38,1,0,99,10
abandon,business,abandon business,100,1761,3.13,abandoned the business,3.28,9,5,153.74,238.14,275.17,295.29,1,0,99,18
abandon,camp,abandon camp,100,2036,5.35,abandoned camp,4.35,8,5,168.41,253.77,289.28,308.16,1,0,99,3
abandon,car,abandon car,100,7381,5.56,abandoned car,4.89,5,5,146.58,271.86,328.14,362.93,1,0,99,26
abandon,career,abandon career,100,3272,5.1,abandoned his career,2.54,2,5,185.6,286.27,327.76,349.0,1,0,99,10
abandon,cart,abandon cart,100,4496,6.92,abandoned carts,4.89,2,5,63.562,101.27,117.89,131.55,1,0,99,2
abandon,child,abandon child,100,12728,5.62,abandoned children,4.78,4,5,201.04,295.22,346.37,384.22,1,0,99,21
abandon,church,abandon church,100,3078,5.33,abandoned church,4.9,4,5,201.2,314.22,372.83,407.26,1,0,99,5
abandon,city,abandon city,100,6065,5.8,abandoned city,4.79,3,5,196.98,329.78,410.83,452.11,1,0,99,11
abandon,claim,abandon claim,100,4036,5.29,abandoned his claim,2.96,6,5,178.94,264.63,304.05,329.59,1,0,99,5
abandon,commitment,abandon commitment,100,2205,5.06,abandoned its commitment,1.74,5,5,155.9,224.41,251.61,268.44,1,0,99,3
abandon,concept,abandon concept,100,2838,4.88,abandon the concept,1.41,1,5,170.06,269.24,328.11,364.43,1,0,99,5
abandon,country,abandon country,100,2074,3.83,abandon the country,4.17,5,5,173.56,276.1,341.96,389.05,1,0,99,12
abandon,dog,abandon dog,100,2144,4.69,abandoned dogs,4.85,7,5,104.88,197.0,248.38,285.38,1,0,99,10
abandon,dream,abandon dream,100,2327,5.05,abandon their dreams,2.6,6,5,147.1,213.55,239.31,254.22,1,0,99,8
abandon,duty,abandon duty,100,2043,4.85,abandoned their duties,2.19,3,5,140.95,207.04,235.19,248.69,1,0,99,6
abandon,effort,abandon effort,100,7338,5.67,abandoned the effort,2.33,4,5,200.2,307.62,348.88,374.91,1,0,99,16
abandon,factory,abandon factory,100,3277,6.23,an abandoned factory,4.76,1,5,159.34,242.73,282.93,304.22,1,0,99,3
abandon,faith,abandon faith,100,3991,6.03,abandon their faith,1.63,4,5,140.78,206.99,234.99,249.85,1,0,99,5
abandon,family,abandon family,100,6552,5.46,abandoned the family,4.23,8,5,241.61,347.92,387.48,407.58,1,0,99,11
abandon,farm,abandon farm,100,2597,5.68,abandoned farm,4.59,1,5,165.77,267.03,315.01,342.08,1,0,99,1
abandon,field,abandon field,100,3728,5.21,abandoned fields,4.26,17,5,244.0,344.01,383.08,400.82,1,0,99,12
abandon,fort,abandon fort,100,2387,6.06,fort was abandoned,4.72,2,5,103.91,159.53,183.33,196.41,1,0,99,2
abandon,friend,abandon friend,100,2133,3.83,Abandoning Friends,3.07,5,5,232.09,344.16,410.42,459.92,1,0,99,7
abandon,game,abandon game,100,3407,3.54,abandon the game,4.5,11,5,197.97,310.04,362.54,399.13,1,0,99,35
abandon,goal,abandon goal,100,2002,3.78,abandoned the goal,3.06,4,5,186.1,266.96,303.41,324.86,1,0,99,6
abandon,home,abandon home,100,9011,5.11,abandon their homes,4.11,9,5,239.73,352.55,396.94,419.06,1,0,99,14
abandon,hope,abandon hope,100,7031,6.7,abandon hope,1.25,6,5,166.95,241.91,272.45,287.77,1,0,99,11
abandon,house,abandon house,100,11783,6.5,an abandoned house,5.0,12,5,207.43,310.94,359.63,394.2,1,0,99,10
abandon,idea,abandon idea,100,14442,5.78,abandoned the idea,1.61,5,5,186.11,292.47,339.77,365.76,1,0,99,31
abandon,land,abandon land,100,4723,5.58,abandoned land,4.57,11,5,211.49,302.04,339.59,359.75,1,0,99,10
abandon,life,abandon life,100,3750,3.69,abandoned his life,2.69,14,5,228.25,333.37,374.48,396.14,1,0,99,27
abandon,line,abandon line,100,5860,4.96,line was abandoned,4.5,30,5,253.42,357.41,397.32,421.22,1,0,99,42
abandon,lot,abandon lot,100,2056,2.28,abandoned lot,3.7,7,5,144.92,243.93,294.05,322.54,1,0,99,34
abandon,match,abandon match,100,2546,5.12,match was abandoned,4.14,9,5,179.16,263.76,319.74,359.0,1,0,99,6
abandon,method,abandon method,100,1744,3.47,method was abandoned,2.41,2,5,169.55,290.9,345.13,377.68,1,0,99,1
abandon,mine,abandon mine,100,7807,7.27,abandoned mines,3.56,2,5,129.16,191.91,219.85,235.59,1,0,99,5
abandon,mission,abandon mission,100,2862,5.45,abandon the mission,2.9,5,5,169.93,249.42,281.6,298.22,1,0,99,3
abandon,model,abandon model,100,1949,3.56,model was abandoned,4.53,9,5,257.89,360.86,399.17,421.43,1,0,99,10
abandon,nest,abandon nest,100,2220,5.89,abandon the nest,4.86,5,5,111.57,163.11,180.35,189.38,1,0,99,3
abandon,notion,abandon notion,100,2507,5.67,abandon the notion,1.93,4,5,164.54,242.78,288.04,315.87,1,0,99,5
abandon,party,abandon party,100,1932,4.1,abandoned the party,3.89,5,5,161.4,244.31,287.75,312.33,1,0,99,10
abandon,people,abandon people,100,4107,2.79,abandon the people,4.82,4,5,190.25,264.24,315.17,343.14,1,0,99,39
abandon,place,abandon place,100,3576,3.31,abandoned places,3.48,16,5,235.9,337.1,371.44,386.77,1,0,99,13
abandon,plan,abandon plan,100,19302,6.66,abandoned plans,3.4,3,5,144.41,259.22,311.43,339.79,1,0,99,17
abandon,policy,abandon policy,100,5121,5.28,abandon the policy,2.76,3,5,171.66,250.29,295.41,320.55,1,0,99,12
abandon,position,abandon position,100,5714,5.23,abandoned their positions,2.62,16,5,229.38,325.34,362.4,380.34,1,0,99,11
abandon,post,abandon post,100,4980,5.5,abandoned their posts,4.3,11,5,152.62,212.88,237.75,249.94,1,0,99,7
abandon,practice,abandon practice,100,5209,5.45,abandoned the practice,2.52,5,5,192.38,277.96,309.49,329.29,1,0,99,4
abandon,pretense,abandon pretense,100,1903,5.88,abandoned any pretense,1.76,5,5,30.335,63.331,75.125,80.499,1,0,99,1
abandon,principle,abandon principle,100,5860,6.3,abandon the principle,1.7,6,5,173.17,258.58,301.03,328.38,1,0,99,2
abandon,process,abandon process,100,1845,3.0,abandon the process,2.93,6,5,219.57,309.68,362.4,391.04,1,0,99,24
abandon,program,abandon program,100,4089,4.05,abandon its nuclear program,3.43,8,5,175.08,280.8,337.3,363.32,1,0,99,15
abandon,project,abandon project,100,18018,6.46,project was abandoned,3.62,2,5,170.17,284.97,344.87,374.52,1,0,99,19
abandon,property,abandon property,100,6228,5.51,abandoned property,3.9,5,5,209.32,300.52,334.86,350.85,1,0,99,6
abandon,pursuit,abandon pursuit,100,2119,5.9,abandon the pursuit,2.92,4,5,149.54,212.46,234.98,247.86,1,0,99,1
abandon,quest,abandon quest,100,1917,5.64,abandon the quest,2.87,2,5,151.88,212.52,234.84,247.07,1,0,99,1
abandon,race,abandon race,100,2113,4.82,abandon the race,3.59,6,5,158.94,236.9,277.44,300.12,1,0,99,4
abandon,religion,abandon religion,100,1949,5.24,abandon their religion,1.71,2,5,138.07,223.93,264.14,287.99,1,0,99,2
abandon,responsibility,abandon responsibility,100,2356,4.68,abandoned their responsibilities,1.4,3,5,139.46,206.54,231.4,249.11,1,0,99,6
abandon,right,abandon right,100,2442,3.51,abandon the right,3.47,8,5,191.92,277.76,311.67,326.78,1,0,99,7
abandon,road,abandon road,100,1855,4.6,abandoned road,4.75,2,5,236.91,405.38,498.87,551.42,1,0,99,9
abandon,role,abandon role,100,2190,3.42,abandoned its role,2.19,4,5,246.23,352.95,394.79,417.68,1,0,99,6
abandon,rule,abandon rule,100,1911,3.89,abandon the rule,2.57,12,5,177.48,280.06,326.59,358.7,1,0,99,11
abandon,school,abandon school,100,2027,3.92,abandoned school,4.79,7,5,149.12,280.27,350.18,390.54,1,0,99,7
abandon,search,abandon search,100,2254,5.17,abandon the search,3.0,5,5,172.57,251.46,282.01,296.52,1,0,99,2
abandon,service,abandon service,100,1745,2.5,service was abandoned,2.21,15,5,200.41,284.58,315.39,332.94,1,0,99,18
abandon,settlement,abandon settlement,100,2156,5.53,settlement was abandoned,3.07,7,5,168.4,233.88,260.37,273.7,1,0,99,1
abandon,ship,abandon ship,100,16629,7.86,to abandon ship,4.87,1,5,128.34,250.17,304.84,346.07,1,0,99,15
abandon,site,abandon site,100,8277,5.56,site was abandoned,4.56,3,5,252.6,368.9,411.88,434.34,1,0,99,18
abandon,standard,abandon standard,100,2040,4.17,abandoned the gold standard,1.83,6,5,145.8,231.6,271.5,290.46,1,0,99,2
abandon,station,abandon station,100,4270,5.75,abandoned gas station,4.32,5,5,219.1,332.06,378.41,407.53,1,0,99,5
abandon,strategy,abandon strategy,100,1950,4.07,abandon the strategy,1.93,2,5,159.33,237.03,280.72,303.86,1,0,99,8
abandon,structure,abandon structure,100,2297,4.4,abandoned structures,4.03,5,5,243.93,343.97,379.8,400.18,1,0,99,8
abandon,study,abandon study,100,2783,4.27,abandoned his studies,3.7,10,5,170.51,280.01,333.13,360.44,1,0,99,5
abandon,support,abandon support,100,1995,3.52,abandon support,2.83,11,5,192.66,285.67,327.93,350.38,1,0,99,9
abandon,system,abandon system,100,4551,3.7,system was abandoned,2.94,9,5,223.61,330.78,374.49,401.55,1,0,99,36
abandon,theory,abandon theory,100,1701,4.52,abandoned the theory,1.47,3,5,196.65,287.5,337.25,366.48,1,0,99,7
abandon,town,abandon town,100,4531,5.98,abandoned town,4.64,4,5,167.37,359.75,445.5,497.25,1,0,99,7
abandon,tradition,abandon tradition,100,1871,5.04,abandon tradition,1.69,2,5,209.79,305.49,345.92,368.67,1,0,99,4
abandon,use,abandon use,100,5271,4.87,absolutely renounced and abandoned the use of,2.78,7,5,280.86,395.0,441.41,469.21,1,0,99,6
abandon,vehicle,abandon vehicle,100,6599,6.11,abandoned vehicles,4.64,4,5,135.77,243.43,288.48,318.05,1,0,99,14
abandon,village,abandon village,100,4625,6.31,abandoned village,4.89,3,5,197.9,320.64,384.5,419.84,1,0,99,6
abandon,warehouse,abandon warehouse,100,3121,6.46,an abandoned warehouse,4.69,1,5,100.35,145.08,166.39,179.75,1,0,99,1
abandon,way,abandon way,100,2971,2.33,abandon the way,2.34,12,5,244.04,355.4,397.34,421.07,1,0,99,38
abandon,weapon,abandon weapon,100,1716,4.54,abandon its nuclear weapons,4.76,2,5,121.89,179.72,215.89,244.38,1,0,99,12
abandon,well,abandon well,100,2359,5.86,abandoned wells,3.33,5,5,117.42,166.64,184.32,193.09,1,0,99,1
abandon,wife,abandon wife,100,3195,5.56,abandoned his wife,4.13,1,5,151.21,301.64,415.57,502.75,1,0,99,3
abandon,woman,abandon woman,100,1771,3.27,abandoned women,4.46,4,5,176.89,278.3,349.75,390.06,1,0,99,19
abandon,work,abandon work,100,4976,3.8,work was abandoned,3.48,7,5,272.87,386.54,424.55,447.82,1,0,99,22
abandon,world,abandon world,100,1916,3.5,abandoned the world,4.36,8,5,202.2,309.66,360.98,390.98,1,0,99,28
abandon,year,abandon year,100,4640,3.36,abandoned years,3.25,4,5,119.49,308.84,424.66,500.24,1,0,99,26
battle,abuse,battle abuse,100,493,4.27,battling substance abuse,2.71,3,1,95.851,150.62,181.18,201.53,1,0,94,2
battle,addiction,battle addiction,100,3438,7.91,battling addiction,2.85,3,1,63.751,106.06,123.49,134.14,1,0,94,3
battle,alcoholism,battle alcoholism,100,616,5.97,battled alcoholism,2.93,2,1,47.308,73.811,86.471,94.405,1,0,94,1
battle,alien,battle alien,100,722,5.52,battling aliens,3.52,3,1,78.966,120.34,139.53,151.46,1,0,94,3
battle,anxiety,battle anxiety,100,635,4.98,battling anxiety,2.21,2,1,122.88,174.78,195.2,210.37,1,0,94,1
battle,army,battle army,100,1082,5.05,battle an army,4.7,3,1,127.38,213.56,259.99,294.17,1,0,94,8
battle,beast,battle beast,100,733,5.37,battle the beast,4.63,2,1,79.706,134.98,160.11,178.98,1,0,94,2
battle,blaze,battle blaze,100,3930,8.52,battling the blaze,4.28,5,1,58.756,85.678,95.287,102.75,1,0,94,2
battle,boss,battle boss,100,705,5.18,battling bosses,3.83,6,1,153.56,227.6,257.07,273.58,1,0,94,4
battle,bug,battle bug,100,565,4.09,battling bugs,5.0,5,1,90.702,134.72,154.59,166.79,1,0,94,6
battle,cancer,battle cancer,100,16941,9.03,battling cancer,3.86,5,1,80.151,122.8,146.49,163.87,1,0,94,3
battle,case,battle case,100,505,1.16,battling a case,3.93,20,1,282.91,389.36,429.99,455.63,1,0,94,16
battle,challenge,battle challenge,100,684,2.63,battle the challenges,2.11,5,1,158.7,224.89,250.88,263.63,1,0,94,9
battle,change,battle change,100,838,1.96,to battle climate change,2.89,10,1,169.83,260.43,300.98,324.77,1,0,94,14
battle,cold,battle cold,100,811,5.75,battling a cold,3.85,3,1,76.31,108.95,120.21,125.42,1,0,94,3
battle,company,battle company,100,476,1.16,battling insurance companies,4.11,9,1,158.09,282.67,333.64,366.19,1,0,94,17
battle,condition,battle condition,100,1656,3.86,battling the condition,2.15,8,1,194.29,312.47,352.93,373.86,1,0,94,5
battle,corruption,battle corruption,100,563,5.05,battling corruption,2.39,6,1,96.623,149.85,176.13,191.97,1,0,94,3
battle,creature,battle creature,100,1278,5.53,battling creatures,4.07,3,1,127.71,213.82,251.0,272.74,1,0,94,3
battle,crime,battle crime,100,611,3.74,battling crime,3.03,2,1,110.39,176.43,212.35,236.78,1,0,94,3
battle,crisis,battle crisis,100,1233,5.15,battling the crisis,2.33,2,1,139.99,213.55,249.27,271.87,1,0,94,9
battle,crowd,battle crowd,100,535,4.13,battle the crowds,4.52,2,1,168.11,256.74,291.15,308.88,1,0,94,6
battle,demon,battle demon,100,4244,8.0,battling demons,3.32,3,1,81.379,122.55,152.67,171.0,1,0,94,4
battle,depression,battle depression,100,3019,7.45,battling depression,2.39,10,1,133.25,188.22,212.71,226.54,1,0,94,1
battle,disease,battle disease,100,4809,6.46,battling the disease,3.45,1,1,102.9,195.33,244.79,273.82,1,0,94,7
battle,disorder,battle disorder,100,792,4.93,battling an eating disorder,3.1,3,1,85.615,145.59,173.21,194.34,1,0,94,2
battle,dragon,battle dragon,100,746,5.59,battling dragons,4.39,4,1,88.263,133.52,158.8,175.7,1,0,94,3
battle,effect,battle effect,100,778,2.11,battling the effects of,1.8,6,1,218.79,347.59,391.78,415.54,1,0,94,8
battle,element,battle element,100,1830,4.37,battling the elements,3.63,7,1,214.49,312.21,360.35,389.13,1,0,94,9
battle,enemy,battle enemy,100,3316,6.38,battling enemies,2.83,4,1,148.22,227.71,259.5,276.9,1,0,94,13
battle,epidemic,battle epidemic,100,729,5.75,battling the epidemic,3.23,1,1,39.298,66.52,80.064,87.959,1,0,94,3
battle,evil,battle evil,100,1082,5.97,battling evil,1.93,3,1,99.432,147.25,170.47,183.24,1,0,94,3
battle,fatigue,battle fatigue,100,489,5.21,battling fatigue,3.14,4,1,66.896,100.16,115.18,127.43,1,0,94,1
battle,fear,battle fear,100,559,3.81,battling fear,2.57,3,1,208.48,300.15,342.67,365.02,1,0,94,14
battle,fire,battle fire,100,3771,6.11,battling the fire,4.68,9,1,142.33,217.4,250.15,268.89,1,0,94,13
battle,flame,battle flame,100,910,5.78,battling the flames,4.67,1,1,93.561,139.75,160.47,173.35,1,0,94,5
battle,flu,battle flu,100,519,5.45,battling the flu,3.65,1,1,39.344,59.197,76.02,87.314,1,0,94,2
battle,foe,battle foe,100,1389,6.77,battling foes,2.96,2,1,81.923,141.67,163.93,174.89,1,0,94,2
battle,force,battle force,100,4389,5.56,battle the forces,3.0,10,1,126.65,244.96,289.46,319.69,1,0,94,11
battle,form,battle form,100,613,2.1,battling a rare form,3.13,16,1,243.13,363.22,411.47,440.19,1,0,94,6
battle,friend,battle friend,100,678,2.4,battle your friends,3.07,5,1,232.09,344.16,410.42,459.92,1,0,94,7
battle,game,battle game,100,778,1.51,battling game,4.5,11,1,197.97,310.04,362.54,399.13,1,0,94,35
battle,giant,battle giant,100,465,4.98,battling giants,4.3,7,1,136.09,198.64,220.02,231.07,1,0,94,1
battle,government,battle government,100,751,2.95,battling the government,2.88,4,1,149.61,245.04,291.34,317.6,1,0,94,7
battle,group,battle group,100,1155,2.73,battling a group,4.12,3,1,225.61,346.48,394.01,420.34,1,0,94,12
battle,guy,battle guy,100,646,3.05,battling bad guys,4.68,3,1,158.9,243.11,283.09,309.25,1,0,94,10
battle,heat,battle heat,100,586,4.06,battle the heat,3.79,7,1,140.74,200.68,224.65,238.65,1,0,94,3
battle,horde,battle horde,100,699,6.0,battling hordes,3.7,3,1,80.335,130.35,150.93,162.79,1,0,94,3
battle,illness,battle illness,100,3799,7.42,battling illness,3.54,1,1,130.54,184.72,212.24,232.71,1,0,94,3
battle,infection,battle infection,100,1123,5.25,battling an infection,4.1,7,1,88.597,155.87,186.17,207.4,1,0,94,4
battle,injury,battle injury,100,7309,7.39,battled injuries,4.0,5,1,143.16,220.1,255.3,272.09,1,0,94,2
battle,insurgency,battle insurgency,100,501,5.56,battling an insurgency,2.44,1,1,51.792,88.5,103.21,111.31,1,0,94,2
battle,insurgent,battle insurgent,100,445,5.4,battling insurgents,3.42,2,1,49.318,84.287,105.12,118.97,1,0,94,1
battle,issue,battle issue,100,3322,3.57,battling health issues,2.37,11,1,174.52,308.87,366.65,399.06,1,0,94,16
battle,leukemia,battle leukemia,100,1087,6.74,battling leukemia,3.57,1,1,18.672,34.041,43.722,50.781,1,0,94,1
battle,man,battle man,100,701,1.56,men battled,4.79,11,1,192.73,336.5,412.7,455.21,1,0,94,37
battle,militant,battle militant,100,579,5.59,battling militants,2.62,1,1,55.418,100.78,132.07,151.84,1,0,94,2
battle,monster,battle monster,100,3046,7.08,battling monsters,3.72,5,1,80.382,142.02,178.1,200.01,1,0,94,4
battle,number,battle number,100,451,0.41,battling a number of,3.3,11,1,198.05,280.36,322.92,351.63,1,0,94,36
battle,odd,battle odd,100,632,5.11,battling the odds,1.7,0,1,26.264,36.774,40.899,43.129,1,0,94,5
battle,opponent,battle opponent,100,1084,5.34,battling opponents,3.52,2,1,176.66,283.87,330.83,357.57,1,0,94,12
battle,outbreak,battle outbreak,100,1166,6.16,battling an outbreak,3.04,1,1,128.25,187.64,213.08,227.95,1,0,94,1
battle,pain,battle pain,100,555,3.23,battling pain,3.5,5,1,146.11,209.1,238.27,258.16,1,0,94,4
battle,pandemic,battle pandemic,100,2892,7.41,battling the pandemic,2.54,1,1,33.198,52.242,61.842,67.957,1,0,94,3
battle,pirate,battle pirate,100,468,5.18,battling pirates,4.64,3,1,67.108,104.39,127.41,141.31,1,0,94,1
battle,player,battle player,100,930,2.83,battle other players,4.15,5,1,226.69,338.56,382.77,407.1,1,0,94,13
battle,police,battle police,100,597,4.08,battled police,4.79,1,1,142.05,205.86,231.44,245.41,1,0,94,2
battle,poverty,battle poverty,100,449,4.58,battling poverty,2.54,1,1,92.143,137.02,157.33,169.46,1,0,94,2
battle,problem,battle problem,100,2732,2.97,battling health problems,2.68,3,1,202.61,312.71,353.01,375.03,1,0,94,16
battle,rebel,battle rebel,100,598,5.48,battling rebels,3.07,3,1,69.332,130.3,172.76,196.47,1,0,94,1
battle,rival,battle rival,100,430,4.93,battling rivals,3.03,1,1,170.98,273.51,324.7,352.91,1,0,94,2
battle,robot,battle robot,100,687,5.04,battling robots,4.65,1,1,104.23,148.22,165.25,174.59,1,0,94,1
battle,side,battle side,100,752,3.23,battled side by side,3.68,12,1,242.69,366.37,436.59,477.44,1,0,94,25
battle,spirit,battle spirit,100,475,3.45,battling spirit,1.6,8,1,185.02,272.1,307.13,325.29,1,0,94,10
battle,state,battle state,100,445,1.89,battling the Islamic State,3.52,8,1,191.75,277.34,313.22,330.08,1,0,94,12
battle,storm,battle storm,100,489,4.65,battling storms,4.7,3,1,113.46,178.08,210.12,230.75,1,0,94,5
battle,system,battle system,100,641,0.96,battling system,2.94,9,1,223.61,330.78,374.49,401.55,1,0,94,36
battle,team,battle team,100,1325,2.83,teams battled,3.79,2,1,204.37,328.15,369.37,388.62,1,0,94,22
battle,terrorism,battle terrorism,100,467,4.92,battling terrorism,2.79,1,1,99.951,145.55,166.3,180.5,1,0,94,2
battle,terrorist,battle terrorist,100,503,4.85,battling terrorists,3.64,1,1,85.007,132.96,160.49,178.63,1,0,94,4
battle,thing,battle thing,100,535,0.05,battling things,3.17,12,1,143.55,268.8,339.04,370.97,1,0,94,51
battle,threat,battle threat,100,948,4.04,battle the threat,2.52,4,1,184.42,279.11,309.64,325.29,1,0,94,8
battle,time,battle time,100,829,0.14,battling time,3.07,10,1,273.83,408.51,469.17,512.74,1,0,94,50
battle,traffic,battle traffic,100,696,4.29,battling traffic,4.67,4,1,129.05,185.05,208.03,221.77,1,0,94,5
battle,trainer,battle trainer,100,428,4.86,battling trainers,4.31,2,1,99.187,152.17,173.98,186.84,1,0,94,1
battle,troop,battle troop,100,542,4.13,troops battled,4.34,4,1,43.961,69.395,84.425,94.045,1,0,94,6
battle,villain,battle villain,100,1008,6.11,battling villains,3.79,2,1,97.916,141.35,161.33,174.37,1,0,94,1
battle,virus,battle virus,100,1742,5.98,battling the virus,3.48,3,1,98.597,163.57,194.16,213.12,1,0,94,9
battle,wave,battle wave,100,1459,5.39,battling waves,4.55,9,1,166.5,236.93,267.61,282.94,1,0,94,11
battle,way,battle way,100,9139,4.0,battle their way,2.34,12,1,244.04,355.4,397.34,421.07,1,0,94,38
battle,weather,battle weather,100,729,5.01,battling the weather,3.83,1,1,126.32,196.47,226.45,245.27,1,0,94,2
battle,wildfire,battle wildfire,100,1379,7.01,battling wildfires,4.59,1,1,34.053,54.75,65.296,72.172,1,0,94,3
battle,wind,battle wind,100,1337,5.77,battling the wind,3.93,8,1,123.81,194.16,227.53,249.12,1,0,94,6
battle,year,battle year,100,903,1.07,battle once again this year,3.25,4,1,119.49,308.84,424.66,500.24,1,0,94,26
beat,ass,beat ass,100,3519,5.8,beat his ass,4.67,6,23,37.16,64.015,75.824,81.701,1,0,78,3
beat,blue,beat blue,100,2047,5.13,beat the winter blues,3.76,7,23,86.734,155.23,188.58,207.89,1,0,78,1
beat,boss,beat boss,100,5114,6.36,beat the boss,3.83,6,23,153.56,227.6,257.07,273.58,1,0,78,4
beat,boy,beat boy,100,3802,5.3,beat the boys,4.76,4,23,118.02,242.69,304.06,336.23,1,0,78,7
beat,breast,beat breast,100,2389,5.34,beat their breasts,4.89,4,23,85.921,129.13,149.15,161.41,1,0,78,2
beat,butter,beat butter,100,3240,5.78,beat the butter,4.9,2,23,82.231,121.23,150.89,172.76,1,0,78,5
beat,cancer,beat cancer,100,6430,6.42,beat cancer,3.86,5,23,80.151,122.8,146.49,163.87,1,0,78,3
beat,champion,beat champion,100,3077,5.51,beat the champion,3.82,4,23,166.76,283.38,334.45,361.62,1,0,78,1
beat,cheese,beat cheese,100,2217,5.18,beat cream cheese,4.7,2,23,75.996,122.02,151.65,176.1,1,0,78,4
beat,chest,beat chest,100,4173,6.16,beat their chests,4.93,4,23,101.46,146.27,172.5,202.92,1,0,78,4
beat,child,beat child,100,6368,4.52,beat their children,4.78,4,23,201.04,295.22,346.37,384.22,1,0,78,21
beat,clock,beat clock,100,2700,5.43,to beat the clock,5.0,1,23,96.922,138.99,156.07,165.57,1,0,78,1
beat,competition,beat competition,100,7768,6.46,beat the competition,3.86,4,23,146.29,235.72,281.35,307.68,1,0,78,7
beat,competitor,beat competitor,100,4019,6.07,beat your competitors,3.23,1,23,164.25,230.35,255.44,270.68,1,0,78,1
beat,count,beat count,100,1971,4.87,beat the count,3.0,3,23,160.71,221.65,239.34,246.88,1,0,78,3
beat,crap,beat crap,100,11686,7.61,beat the crap out of,3.67,2,23,44.493,77.799,90.095,95.923,1,0,78,3
beat,crowd,beat crowd,100,3267,5.48,to beat the crowds,4.52,2,23,168.11,256.74,291.15,308.88,1,0,78,6
beat,day,beat day,100,2344,2.76,beaten every day,3.92,10,23,202.17,322.8,424.94,489.25,1,0,78,31
beat,deadline,beat deadline,100,2019,4.99,beat the deadline,2.66,1,23,113.93,161.38,179.32,188.81,1,0,78,2
beat,defender,beat defender,100,4944,6.4,beat defenders,3.19,2,23,107.98,190.04,236.75,259.47,1,0,78,1
beat,disease,beat disease,100,2414,4.64,beat the disease,3.45,1,23,102.9,195.33,244.79,273.82,1,0,78,7
beat,dog,beat dog,100,2319,4.49,beat the dog,4.85,7,23,104.88,197.0,248.38,285.38,1,0,78,10
beat,drum,beat drum,100,15189,8.0,beating the drum,4.96,6,23,102.19,176.79,219.9,250.95,1,0,78,2
beat,egg,beat egg,100,12025,7.28,Beat the eggs,4.97,3,23,124.85,178.59,202.35,217.95,1,0,78,9
beat,enemy,beat enemy,100,3056,5.21,beat the enemy,2.83,4,23,148.22,227.71,259.5,276.9,1,0,78,13
beat,estimate,beat estimate,100,6914,6.61,beat estimates,2.65,5,23,112.47,176.62,208.59,226.77,1,0,78,3
beat,expectation,beat expectation,100,8808,6.77,beat expectations,1.62,4,23,128.73,183.66,206.18,218.56,1,0,78,6
beat,field,beat field,100,1990,4.04,beat a field,4.26,17,23,244.0,344.01,383.08,400.82,1,0,78,12
beat,forecast,beat forecast,100,2127,5.18,beat forecasts,2.78,1,23,103.12,151.06,169.39,182.38,1,0,78,2
beat,friend,beat friend,100,1982,3.54,beat your friends,3.07,5,23,232.09,344.16,410.42,459.92,1,0,78,7
beat,game,beat game,100,19656,5.97,beat the game,4.5,11,23,197.97,310.04,362.54,399.13,1,0,78,35
beat,girl,beat girl,100,2482,4.33,beat the girl,4.85,5,23,134.18,267.25,335.11,371.05,1,0,78,7
beat,guy,beat guy,100,7185,5.89,beat the guy,4.68,3,23,158.9,243.11,283.09,309.25,1,0,78,10
beat,hand,beat hand,100,4087,4.39,beat hands,4.72,14,23,269.2,382.64,427.86,454.46,1,0,78,33
beat,head,beat head,100,6686,5.35,beating my head,4.75,33,23,299.95,421.51,474.88,503.64,1,0,78,28
beat,heart,beat heart,100,13317,6.97,the beating heart of,4.52,10,23,222.29,308.92,338.38,354.34,1,0,78,18
beat,heat,beat heat,100,10268,7.04,to beat the heat,3.79,7,23,140.74,200.68,224.65,238.65,1,0,78,3
beat,hell,beat hell,100,8836,7.09,beat the hell out of,2.41,6,23,104.67,147.82,166.05,175.55,1,0,78,3
beat,horse,beat horse,100,10217,6.96,beating a dead horse,5.0,5,23,142.0,208.53,244.99,274.44,1,0,78,4
beat,keeper,beat keeper,100,1998,5.17,beat the keeper,3.0,2,23,97.35,146.98,169.12,181.26,1,0,78,1
beat,kid,beat kid,100,2610,4.38,beat their kids,4.56,5,23,142.79,214.98,258.8,288.66,1,0,78,11
beat,length,beat length,100,2003,4.65,beaten a length,4.07,5,23,160.55,254.54,305.71,335.78,1,0,78,2
beat,level,beat level,100,5251,4.6,beat the level,2.86,8,23,233.88,337.78,381.3,409.81,1,0,78,12
beat,man,beat man,100,15814,5.82,beat his man,4.79,11,23,192.73,336.5,412.7,455.21,1,0,78,37
beat,market,beat market,100,6434,5.53,to beat the market,4.7,5,23,166.28,245.6,289.22,311.24,1,0,78,22
beat,mother,beat mother,100,1903,4.36,beat his mother,4.6,5,23,162.74,310.26,406.93,475.05,1,0,78,3
beat,number,beat number,100,3381,3.15,beat the number,3.3,11,23,198.05,280.36,322.92,351.63,1,0,78,36
beat,odd,beat odd,100,12574,7.69,beat the odds,1.7,0,23,26.264,36.774,40.899,43.129,1,0,78,5
beat,opponent,beat opponent,100,10889,7.3,beat your opponent,3.52,2,23,176.66,283.87,330.83,357.57,1,0,78,12
beat,other,beat other,100,3154,4.51,beat others,2.04,0,23,236.43,340.08,398.13,427.98,1,0,78,7
beat,pant,beat pant,100,2145,5.18,beat the pants off,4.38,3,23,34.351,47.478,51.56,53.495,1,0,78,2
beat,path,beat path,100,4853,5.48,beat a path to,4.41,4,23,182.08,275.19,315.19,334.94,1,0,78,7
beat,people,beat people,100,11315,4.2,beat people,4.82,4,23,190.25,264.24,315.17,343.14,1,0,78,39
beat,player,beat player,100,6820,5.3,beat players,4.15,5,23,226.69,338.56,382.77,407.1,1,0,78,13
beat,price,beat price,100,8492,5.79,n't beat the price,3.63,7,23,150.25,226.12,259.48,280.51,1,0,78,14
beat,record,beat record,100,17141,6.74,beating the previous record,4.15,8,23,188.53,270.23,302.1,318.6,1,0,78,14
beat,retreat,beat retreat,100,7300,6.98,beat a hasty retreat,3.03,7,23,122.81,173.3,190.68,199.23,1,0,78,1
beat,rival,beat rival,100,5373,6.57,beat their rivals,3.03,1,23,170.98,273.51,324.7,352.91,1,0,78,2
beat,rush,beat rush,100,2093,5.2,to beat the rush,2.9,7,23,98.453,143.05,159.57,167.86,1,0,78,1
beat,score,beat score,100,4875,5.7,beat your score,3.38,11,23,167.83,233.52,262.1,278.42,1,0,78,6
beat,shit,beat shit,100,7923,6.97,beat the shit out of,4.33,6,23,42.891,71.102,83.074,90.257,1,0,78,6
beat,side,beat side,100,4219,5.1,side were beaten,3.68,12,23,242.69,366.37,436.59,477.44,1,0,78,25
beat,snot,beat snot,100,2258,5.43,beat the snot out of,4.48,2,23,15.546,21.999,24.91,26.551,1,0,78,1
beat,son,beat son,100,1911,4.15,beat his son,4.14,2,23,228.66,394.2,528.46,617.55,1,0,78,3
beat,student,beat student,100,2166,3.02,students were beaten,4.92,2,23,154.13,250.84,295.3,323.45,1,0,78,8
beat,sword,beat sword,100,2277,5.15,beat their swords into plowshares,4.93,1,23,97.936,149.28,180.75,198.31,1,0,78,10
beat,system,beat system,100,4728,3.67,to beat the system,2.94,9,23,223.61,330.78,374.49,401.55,1,0,78,36
beat,team,beat team,100,29364,7.01,beat a team,3.79,2,23,204.37,328.15,369.37,388.62,1,0,78,22
beat,thing,beat thing,100,2843,2.34,beat this thing,3.17,12,23,143.55,268.8,339.04,370.97,1,0,78,51
beat,time,beat time,100,13370,4.07,beat time,3.07,10,23,273.83,408.51,469.17,512.74,1,0,78,50
beat,traffic,beat traffic,100,2097,4.74,to beat the traffic,4.67,4,23,129.05,185.05,208.03,221.77,1,0,78,5
beat,way,beat way,100,2100,1.78,beat their way,2.34,12,23,244.04,355.4,397.34,421.07,1,0,78,38
beat,white,beat white,100,6250,6.73,Beat egg whites,3.89,12,23,89.359,138.92,161.01,170.4,1,0,78,1
beat,wife,beat wife,100,11490,7.03,beat his wife,4.13,1,23,151.21,301.64,415.57,502.75,1,0,78,3
beat,wing,beat wing,100,3331,5.61,beating wings,4.86,11,23,178.97,258.26,286.62,300.31,1,0,78,5
beat,woman,beat woman,100,7769,5.26,beat women,4.46,4,23,176.89,278.3,349.75,390.06,1,0,78,19
beat,year,beat year,100,3522,2.9,beat this year,3.25,4,23,119.49,308.84,424.66,500.24,1,0,78,26
beat,yolk,beat yolk,100,2770,5.71,Beat egg yolks,4.78,2,23,32.789,48.066,55.857,61.978,1,0,78,1
bend,angle,bend angle,100,1107,5.49,bending angle,3.5,3,6,157.25,222.59,253.98,271.87,1,0,94,3
bend,arc,bend arc,100,957,5.96,bend the arc of,4.14,3,6,87.689,126.72,142.42,150.24,1,0,94,1
bend,arm,bend arm,100,6152,6.67,arms bent,4.96,6,6,180.22,255.25,290.97,315.14,1,0,94,21
bend,axle,bend axle,100,913,6.08,bend the axle,4.5,1,6,51.881,79.11,95.34,107.75,1,0,94,2
bend,back,bend back,100,2379,5.73,bend your back,4.33,9,6,202.43,294.7,348.59,382.6,1,0,94,9
bend,bar,bend bar,100,1833,5.35,bend the bars,4.67,15,6,175.66,275.99,320.38,342.98,1,0,94,7
bend,beam,bend beam,100,708,5.22,bending beam,3.96,7,6,131.03,183.49,204.87,216.82,1,0,94,3
bend,bit,bend bit,100,1673,2.89,bend a bit,3.27,11,6,192.43,300.42,350.38,380.06,1,0,94,29
bend,blade,bend blade,100,964,5.45,blade was bent,4.93,9,6,99.421,152.87,179.13,196.07,1,0,94,9
bend,body,bend body,100,3057,4.56,body is bent,4.79,11,6,237.41,335.77,373.18,393.77,1,0,94,40
bend,bow,bend bow,100,1415,6.44,bend the bow,4.61,9,6,97.661,134.94,148.16,156.42,1,0,94,2
bend,bracket,bend bracket,100,674,5.37,bend the bracket,4.43,4,6,79.894,112.78,125.79,133.47,1,0,94,1
bend,branch,bend branch,100,1134,5.22,bending branches,4.9,6,6,219.89,313.19,345.27,359.23,1,0,94,7
bend,corner,bend corner,100,717,4.74,bend the corner,4.61,11,6,193.15,289.71,334.55,358.95,1,0,94,5
bend,curve,bend curve,100,3696,7.19,bend the curve,4.41,5,6,112.05,173.98,198.45,214.3,1,0,94,2
bend,degree,bend degree,100,1082,3.89,bent 90 degrees,3.0,7,6,190.09,272.24,303.72,319.56,1,0,94,5
bend,ear,bend ear,100,2758,6.72,bend your ear,5.0,5,6,96.208,155.07,189.7,219.75,1,0,94,8
bend,edge,bend edge,100,800,4.22,bend the edge,4.24,6,6,213.73,320.46,371.12,406.55,1,0,94,8
bend,effort,bend effort,100,947,2.94,bend every effort,2.33,4,6,200.2,307.62,348.88,374.91,1,0,94,16
bend,elbow,bend elbow,100,4904,8.44,bend your elbows,5.0,5,6,45.743,89.958,127.14,148.77,1,0,94,3
bend,element,bend element,100,779,3.12,bending element,3.63,7,6,214.49,312.21,360.35,389.13,1,0,94,9
bend,end,bend end,100,1974,4.53,bend the end,3.14,14,6,214.61,386.98,458.38,496.15,1,0,94,9
bend,energy,bend energy,100,901,3.46,bending energy,3.11,7,6,147.56,207.6,231.64,246.44,1,0,94,11
bend,eye,bend eye,100,1058,3.05,eyes bent,4.9,5,6,206.15,312.42,361.23,392.48,1,0,94,19
bend,face,bend face,100,610,3.12,bent his face,4.87,13,6,234.58,343.73,395.03,428.46,1,0,94,15
bend,fact,bend fact,100,610,2.44,bend the facts,2.72,4,6,254.34,365.67,419.85,450.64,1,0,94,9
bend,finger,bend finger,100,2506,5.86,fingers bent,5.0,3,6,107.49,155.49,183.73,208.51,1,0,94,12
bend,foot,bend foot,100,659,3.18,bend your foot,4.9,11,6,236.46,337.5,383.01,409.62,1,0,94,23
bend,force,bend force,100,1961,4.38,bending forces,3.0,10,6,126.65,244.96,289.46,319.69,1,0,94,11
bend,form,bend form,100,575,2.0,bending form,3.13,16,6,243.13,363.22,411.47,440.19,1,0,94,6
bend,frame,bend frame,100,1350,5.21,frame was bent,4.3,11,6,172.26,238.89,265.34,281.19,1,0,94,5
bend,hand,bend hand,100,903,2.55,hand is bent,4.72,14,6,269.2,382.64,427.86,454.46,1,0,94,33
bend,head,bend head,100,13011,6.74,bent his head,4.75,33,6,299.95,421.51,474.88,503.64,1,0,94,28
bend,hook,bend hook,100,611,5.04,bend the hook,4.79,8,6,97.858,145.13,163.73,175.13,1,0,94,4
bend,joint,bend joint,100,606,5.08,bending joints,4.37,6,6,100.87,148.45,166.75,177.72,1,0,94,3
bend,knee,bend knee,100,27701,10.49,bend your knees,5.0,3,6,71.134,127.72,169.11,201.61,1,0,94,10
bend,law,bend law,100,2496,4.37,bend the law,2.57,7,6,136.56,216.4,271.88,309.43,1,0,94,10
bend,lead,bend lead,100,998,4.3,bend the leads,4.1,17,6,130.35,191.55,218.52,233.44,1,0,94,9
bend,leg,bend leg,100,7787,7.5,legs bent,4.83,9,6,134.48,212.33,256.38,294.07,1,0,94,17
bend,light,bend light,100,3654,5.19,bend light,4.21,15,6,215.58,298.48,332.34,352.33,1,0,94,13
bend,line,bend line,100,1769,3.4,bending line,4.5,30,6,253.42,357.41,397.32,421.22,1,0,94,42
bend,load,bend load,100,1046,4.72,bending loads,3.63,9,6,139.13,209.14,235.35,251.18,1,0,94,10
bend,machine,bend machine,100,3428,5.53,bending machine,4.25,6,6,162.99,247.75,283.25,305.85,1,0,94,14
bend,man,bend man,100,1381,2.53,men bent,4.79,11,6,192.73,336.5,412.7,455.21,1,0,94,37
bend,material,bend material,100,581,2.08,bend the material,4.26,5,6,225.35,316.51,351.27,369.43,1,0,94,25
bend,metal,bend metal,100,2168,6.37,bending metal,4.87,2,6,125.31,203.89,250.4,277.21,1,0,94,9
bend,mind,bend mind,100,1835,4.62,bend your mind,2.5,7,6,197.15,276.78,313.43,334.55,1,0,94,16
bend,moment,bend moment,100,4603,5.96,bending moment,1.61,6,6,260.29,370.13,427.44,458.27,1,0,94,8
bend,neck,bend neck,100,2558,7.02,bend the neck,5.0,5,6,103.05,160.31,195.22,234.8,1,0,94,8
bend,note,bend note,100,1616,4.14,bend notes,4.61,9,6,185.39,262.54,291.67,307.86,1,0,94,8
bend,part,bend part,100,1377,1.59,bending part,3.29,12,6,237.04,382.12,430.05,454.33,1,0,94,30
bend,people,bend people,100,1473,1.36,people bent on,4.82,4,6,190.25,264.24,315.17,343.14,1,0,94,39
bend,piece,bend piece,100,1490,3.66,bend a piece,4.14,13,6,236.3,331.62,361.88,377.98,1,0,94,26
bend,pin,bend pin,100,1918,6.33,bend the pins,4.92,11,6,81.764,127.73,151.02,165.39,1,0,94,3
bend,pipe,bend pipe,100,1268,5.81,bend the pipe,4.88,5,6,109.14,163.13,193.31,210.85,1,0,94,5
bend,plate,bend plate,100,1162,5.08,bending plate,4.77,15,6,166.84,231.74,255.92,275.74,1,0,94,8
bend,pole,bend pole,100,635,5.18,bend the pole,4.66,10,6,106.55,157.95,179.15,190.25,1,0,94,2
bend,portion,bend portion,100,614,3.81,bending portion,3.78,7,6,178.36,255.0,285.28,300.93,1,0,94,5
bend,radius,bend radius,100,1637,6.88,bending radius,3.61,5,6,117.96,164.15,184.46,197.65,1,0,94,1
bend,ray,bend ray,100,810,5.74,rays are bent,3.57,7,6,113.39,158.43,175.71,184.71,1,0,94,3
bend,reality,bend reality,100,1253,4.75,to bend reality,1.72,4,6,156.24,228.7,258.45,273.33,1,0,94,8
bend,rod,bend rod,100,2643,6.98,rod bent,4.43,6,6,88.919,136.21,158.78,172.54,1,0,94,3
bend,round,bend round,100,612,3.62,bends round to the,3.9,14,6,139.8,209.38,243.16,267.85,1,0,94,8
bend,rule,bend rule,100,14612,7.08,bend the rules,2.57,12,6,177.48,280.06,326.59,358.7,1,0,94,11
bend,shaft,bend shaft,100,1111,6.04,shaft is bent,4.71,12,6,106.29,155.56,176.51,188.31,1,0,94,2
bend,sheet,bend sheet,100,622,4.17,bend the sheet,4.93,8,6,140.04,200.46,227.33,241.42,1,0,94,5
bend,side,bend side,100,938,3.53,bend the sides,3.68,12,6,242.69,366.37,436.59,477.44,1,0,94,25
bend,space,bend space,100,961,2.88,bend space,3.54,9,6,218.82,301.78,331.62,346.57,1,0,94,10
bend,spine,bend spine,100,614,5.4,bending the spine,4.88,5,6,81.784,123.37,148.95,164.7,1,0,94,3
bend,spoon,bend spoon,100,1562,6.82,bend spoons,4.96,3,6,75.667,107.31,119.56,126.4,1,0,94,1
bend,steel,bend steel,100,963,5.66,bend steel,4.87,3,6,98.555,155.27,193.79,217.4,1,0,94,3
bend,step,bend step,100,702,2.35,bent his steps,4.54,11,6,175.69,242.88,266.57,278.07,1,0,94,3
bend,strength,bend strength,100,1863,5.15,bending strength,2.96,9,6,166.18,231.06,253.01,266.37,1,0,94,4
bend,stress,bend stress,100,2111,6.0,bending stress,2.62,5,6,123.62,179.2,200.07,211.24,1,0,94,1
bend,string,bend string,100,1315,5.23,bending strings,4.76,10,6,172.64,246.14,273.02,285.14,1,0,94,5
bend,strip,bend strip,100,553,4.72,bend the strip,3.75,6,6,154.31,213.99,235.21,245.92,1,0,94,4
bend,system,bend system,100,614,0.89,bending system,2.94,9,6,223.61,330.78,374.49,401.55,1,0,94,36
bend,tab,bend tab,100,1385,5.9,bend the tabs,4.14,5,6,74.224,109.1,123.9,133.92,1,0,94,4
bend,test,bend test,100,1934,4.28,bending test,3.93,6,6,143.42,222.3,256.56,274.48,1,0,94,5
bend,thing,bend thing,100,823,0.66,bend things,3.17,12,6,143.55,268.8,339.04,370.97,1,0,94,51
bend,time,bend time,100,1888,1.32,bend time,3.07,10,6,273.83,408.51,469.17,512.74,1,0,94,50
bend,tip,bend tip,100,810,4.07,bend the tip,4.5,5,6,167.86,240.04,265.37,278.84,1,0,94,2
bend,tool,bend tool,100,701,2.38,bending tool,4.6,4,6,195.29,277.16,313.4,337.24,1,0,94,8
bend,tree,bend tree,100,1325,4.42,trees bent,5.0,3,6,191.1,292.07,341.58,367.12,1,0,94,9
bend,truth,bend truth,100,2334,5.07,bend the truth,1.96,5,6,153.56,224.44,249.84,264.71,1,0,94,8
bend,tube,bend tube,100,1701,6.03,bend the tube,4.82,5,6,114.82,187.52,223.22,243.88,1,0,94,4
bend,valve,bend valve,100,661,5.01,bend valves,4.83,5,6,86.045,123.98,145.81,161.58,1,0,94,3
bend,wave,bend wave,100,609,4.08,bending waves,4.55,9,6,166.5,236.93,267.61,282.94,1,0,94,11
bend,way,bend way,100,2500,2.13,bend that way,2.34,12,6,244.04,355.4,397.34,421.07,1,0,94,38
bend,will,bend will,100,1265,5.39,bend the will,2.64,3,6,119.66,173.51,192.85,203.27,1,0,94,4
bend,wire,bend wire,100,2969,6.73,bend the wire,4.72,4,6,109.41,157.85,184.72,202.41,1,0,94,5
bend,wood,bend wood,100,611,4.54,bending wood,4.85,8,6,210.79,299.9,333.18,352.04,1,0,94,4
bend,world,bend world,100,719,2.28,bend the world to,4.36,8,6,202.2,309.66,360.98,390.98,1,0,94,28
bend,wrist,bend wrist,100,1588,6.76,bend your wrist,4.93,1,6,41.938,84.636,123.83,149.09,1,0,94,7
break,agreement,break agreement,100,8507,5.45,broke the agreement,2.22,6,59,161.45,257.69,309.64,342.15,1,0,92,5
break,ankle,break ankle,100,15374,6.8,a broken ankle,4.81,1,59,41.848,89.279,125.92,148.97,1,0,92,4
break,arm,break arm,100,35039,7.57,broken arm,4.96,6,59,180.22,255.25,290.97,315.14,1,0,92,21
break,back,break back,100,19250,6.84,broken back,4.33,9,59,202.43,294.7,348.59,382.6,1,0,92,9
break,bank,break bank,100,46092,8.12,without breaking the bank,4.78,10,59,180.67,256.29,282.81,296.16,1,0,92,2
break,barrier,break barrier,100,40520,8.0,breaking barriers,4.41,3,59,128.97,196.07,218.23,228.6,1,0,92,7
break,bit,break bit,100,6623,4.25,broken bits,3.27,11,59,192.43,300.42,350.38,380.06,1,0,92,29
break,body,break body,100,11187,5.47,broken body,4.79,11,59,237.41,335.77,373.18,393.77,1,0,92,40
break,bond,break bond,100,17400,6.81,break the bonds,3.62,10,59,110.64,161.44,182.63,192.11,1,0,92,6
break,bone,break bone,100,66577,8.8,broken bones,4.9,3,59,113.62,182.3,215.25,233.86,1,0,92,6
break,bottle,break bottle,100,10112,6.01,broken bottles,4.91,3,59,120.42,183.22,217.03,239.9,1,0,92,12
break,boundary,break boundary,100,9087,5.88,breaking boundaries,3.04,3,59,204.72,290.82,325.85,344.29,1,0,92,7
break,branch,break branch,100,6977,5.51,broken branches,4.9,6,59,219.89,313.19,345.27,359.23,1,0,92,7
break,bread,break bread,100,13880,6.56,break bread,4.92,2,59,73.743,110.84,141.42,169.42,1,0,92,3
break,camp,break camp,100,8090,5.73,broke camp,4.35,8,59,168.41,253.77,289.28,308.16,1,0,92,3
break,car,break car,100,6884,4.74,car was broken,4.89,5,59,146.58,271.86,328.14,362.93,1,0,92,26
break,chain,break chain,100,24784,7.32,break the chain,4.55,10,59,177.94,249.67,274.0,285.19,1,0,92,5
break,code,break code,100,18321,6.35,break the code,3.0,3,59,138.61,222.28,254.59,273.05,1,0,92,9
break,collarbone,break collarbone,100,6293,5.55,a broken collarbone,4.85,1,59,15.379,26.333,32.103,36.661,1,0,92,1
break,connection,break connection,100,10513,5.67,break the connection,3.0,9,59,212.19,336.16,390.35,421.85,1,0,92,8
break,contact,break contact,100,10113,5.83,break contact,3.86,9,59,223.32,319.85,353.67,369.59,1,0,92,1
break,contract,break contract,100,11635,5.95,break the contract,4.15,3,59,157.64,239.45,272.05,289.2,1,0,92,6
break,curse,break curse,100,8906,6.0,break the curse,2.39,5,59,86.712,120.91,133.44,141.34,1,0,92,5
break,cycle,break cycle,100,38114,7.93,break the cycle of,3.64,6,59,147.93,224.19,248.62,260.1,1,0,92,2
break,day,break day,100,7583,4.14,breaking day,3.92,10,59,202.17,322.8,424.94,489.25,1,0,92,31
break,deadlock,break deadlock,100,16632,6.94,to break the deadlock,2.96,1,59,19.836,52.21,70.385,83.518,1,0,92,1
break,door,break door,100,10782,5.7,broken door,4.81,5,59,145.33,240.25,284.65,309.98,1,0,92,14
break,egg,break egg,100,8144,5.67,broken eggs,4.97,3,59,124.85,178.59,202.35,217.95,1,0,92,9
break,family,break family,100,10800,5.42,broken families,4.23,8,59,241.61,347.92,387.48,407.58,1,0,92,11
break,finger,break finger,100,9519,5.83,broken finger,5.0,3,59,107.49,155.49,183.73,208.51,1,0,92,12
break,foot,break foot,100,10832,5.78,a broken foot,4.9,11,59,236.46,337.5,383.01,409.62,1,0,92,23
break,game,break game,100,13635,5.1,break the game,4.5,11,59,197.97,310.04,362.54,399.13,1,0,92,35
break,glass,break glass,100,47527,8.19,broken glass,4.82,7,59,149.6,219.89,246.25,262.92,1,0,92,12
break,ground,break ground,100,93666,9.0,broke ground,4.77,11,59,207.06,291.84,324.49,350.64,1,0,92,13
break,habit,break habit,100,15421,6.63,break the habit,2.76,6,59,124.43,184.5,207.67,221.79,1,0,92,3
break,hand,break hand,100,11861,5.42,broken hand,4.72,14,59,269.2,382.64,427.86,454.46,1,0,92,33
break,heart,break heart,100,138102,9.52,broken heart,4.52,10,59,222.29,308.92,338.38,354.34,1,0,92,18
break,hip,break hip,100,9029,6.01,broken hip,4.21,5,59,90.411,129.73,157.16,172.63,1,0,92,6
break,ice,break ice,100,21889,7.25,to break the ice,4.89,8,59,122.09,174.58,198.81,212.59,1,0,92,5
break,jaw,break jaw,100,9146,6.05,a broken jaw,4.87,3,59,70.99,102.0,121.56,138.11,1,0,92,4
break,kiss,break kiss,100,10303,6.22,broke the kiss,4.48,4,59,79.436,123.41,140.16,149.2,1,0,92,2
break,law,break law,100,144770,9.21,breaking the law,2.57,7,59,136.56,216.4,271.88,309.43,1,0,92,10
break,leg,break leg,100,67376,8.66,broken leg,4.83,9,59,134.48,212.33,256.38,294.07,1,0,92,17
break,limb,break limb,100,6284,5.5,broken limbs,4.64,6,59,75.578,119.17,143.41,159.78,1,0,92,2
break,line,break line,100,27826,6.58,broken line,4.5,30,59,253.42,357.41,397.32,421.22,1,0,92,42
break,link,break link,100,46209,7.55,broken links,3.43,9,59,208.43,313.12,359.04,384.62,1,0,92,5
break,lock,break lock,100,6660,5.53,break the lock,4.65,6,59,123.39,173.09,188.93,197.25,1,0,92,6
break,man,break man,100,9756,4.75,a broken man,4.79,11,59,192.73,336.5,412.7,455.21,1,0,92,37
break,mark,break mark,100,7319,5.43,breaking the mark,4.21,15,59,196.68,271.99,293.94,305.8,1,0,92,4
break,mold,break mold,100,13069,6.55,break the mold,4.85,8,59,58.735,102.8,116.21,122.25,1,0,92,2
break,neck,break neck,100,25241,7.46,broken neck,5.0,5,59,103.05,160.31,195.22,234.8,1,0,92,8
break,news,break news,100,86120,8.77,breaking news,3.41,5,59,147.99,211.63,237.7,252.17,1,0,92,11
break,nose,break nose,100,16959,6.86,a broken nose,4.89,8,59,86.205,142.41,175.82,206.83,1,0,92,4
break,part,break part,100,15183,4.7,broken parts,3.29,12,59,237.04,382.12,430.05,454.33,1,0,92,30
break,pattern,break pattern,100,9674,5.62,break the pattern,3.92,8,59,195.07,280.49,312.64,330.48,1,0,92,4
break,people,break people,100,7682,3.46,broken people,4.82,4,59,190.25,264.24,315.17,343.14,1,0,92,39
break,piece,break piece,100,18323,6.25,broken pieces,4.14,13,59,236.3,331.62,361.88,377.98,1,0,92,26
break,pipe,break pipe,100,7016,5.59,broken pipe,4.88,5,59,109.14,163.13,193.31,210.85,1,0,92,5
break,point,break point,100,24576,6.01,breaking point,3.39,26,59,249.95,349.67,391.1,417.02,1,0,92,21
break,power,break power,100,6591,4.44,break the power of,2.04,9,59,196.2,276.34,308.2,322.74,1,0,92,19
break,process,break process,100,6378,4.26,process is broken,2.93,6,59,219.57,309.68,362.4,391.04,1,0,92,24
break,promise,break promise,100,42814,8.1,broken promises,2.09,2,59,121.96,189.67,214.21,228.47,1,0,92,2
break,rank,break rank,100,11420,6.29,broke ranks,2.86,5,59,147.83,212.01,238.09,250.3,1,0,92,2
break,record,break record,100,153069,9.3,broken record,4.15,8,59,188.53,270.23,302.1,318.6,1,0,92,14
break,relationship,break relationship,100,14661,5.92,broken relationships,2.8,4,59,256.77,383.37,435.58,473.39,1,0,92,10
break,rib,break rib,100,19893,7.17,broken ribs,4.9,6,59,96.628,135.72,153.15,164.34,1,0,92,2
break,rule,break rule,100,107128,8.85,break the rules,2.57,12,59,177.48,280.06,326.59,358.7,1,0,92,11
break,seal,break seal,100,13378,6.55,break the seal,4.63,9,59,117.79,164.47,180.72,188.16,1,0,92,3
break,silence,break silence,100,53167,8.54,broke the silence,3.33,4,59,107.25,151.56,168.73,179.07,1,0,92,3
break,skin,break skin,100,10451,5.94,broken skin,4.79,6,59,169.4,240.84,276.4,299.07,1,0,92,10
break,spell,break spell,100,14996,6.67,break the spell,3.32,4,59,120.98,176.92,199.04,209.58,1,0,92,5
break,spirit,break spirit,100,11367,6.08,broken spirit,1.6,8,59,185.02,272.1,307.13,325.29,1,0,92,10
break,story,break story,100,29505,6.38,broke the story,3.3,6,59,197.18,328.22,376.06,402.62,1,0,92,28
break,streak,break streak,100,6644,5.54,break the streak,3.67,4,59,99.054,148.63,167.32,178.32,1,0,92,2
break,string,break string,100,6535,5.37,broke a string,4.76,10,59,172.64,246.14,273.02,285.14,1,0,92,5
break,surface,break surface,100,9926,5.9,break the surface,4.26,6,59,249.55,357.56,402.19,427.02,1,0,92,10
break,sweat,break sweat,100,17084,6.96,without breaking a sweat,4.71,4,59,64.683,90.931,100.64,106.79,1,0,92,2
break,symmetry,break symmetry,100,6649,5.61,broken symmetry,2.79,3,59,66.695,94.443,107.42,114.88,1,0,92,1
break,system,break system,100,41781,6.52,broken system,2.94,9,59,223.61,330.78,374.49,401.55,1,0,92,36
break,thing,break thing,100,31228,5.6,break things,3.17,12,59,143.55,268.8,339.04,370.97,1,0,92,51
break,tie,break tie,100,26909,7.47,break the tie,4.81,9,59,169.49,246.42,275.49,292.55,1,0,92,5
break,time,break time,100,11568,3.72,break time,3.07,10,59,273.83,408.51,469.17,512.74,1,0,92,50
break,tooth,break tooth,100,11916,6.24,broken teeth,4.89,5,59,89.365,137.21,164.44,183.76,1,0,92,7
break,tradition,break tradition,100,6749,5.4,break tradition,1.69,2,59,209.79,305.49,345.92,368.67,1,0,92,4
break,trust,break trust,100,6979,5.49,broken trust,2.04,6,59,146.8,212.51,243.01,258.24,1,0,92,3
break,wall,break wall,100,17098,6.62,breaking the fourth wall,4.86,8,59,199.95,305.54,363.69,395.21,1,0,92,15
break,wave,break wave,100,7370,5.53,breaking waves,4.55,9,59,166.5,236.93,267.61,282.94,1,0,92,11
break,window,break window,100,46896,7.93,broken windows,4.86,8,59,140.8,244.66,291.16,317.16,1,0,92,15
break,word,break word,100,8207,4.77,break his word,3.56,10,59,247.83,371.55,418.36,446.17,1,0,92,25
break,world,break world,100,9139,5.07,a broken world,4.36,8,59,202.2,309.66,360.98,390.98,1,0,92,28
break,wrist,break wrist,100,11118,6.33,broken wrist,4.93,1,59,41.938,84.636,123.83,149.09,1,0,92,7
break,year,break year,100,11300,4.35,breaking year,3.25,4,59,119.49,308.84,424.66,500.24,1,0,92,26
build,app,build app,100,34203,6.38,build apps,3.86,0,10,62.084,92.099,106.89,115.09,1,0,99,4
build,application,build application,100,73451,7.2,build applications,3.4,7,10,197.63,277.64,315.37,336.82,1,0,99,8
build,awareness,build awareness,100,30949,6.22,build awareness,1.84,2,10,115.24,166.5,187.02,198.45,1,0,99,3
build,base,build base,100,51146,6.93,build a base,3.86,20,10,222.59,315.28,348.13,366.59,1,0,99,6
build,block,build block,100,34966,6.41,building blocks,4.48,12,10,170.47,237.39,261.04,273.22,1,0,99,6
build,boat,build boat,100,28830,6.15,build a boat,4.93,2,10,139.06,231.66,280.03,308.1,1,0,99,11
build,brand,build brand,100,52810,6.95,build a brand,3.29,6,10,213.35,303.78,337.55,355.34,1,0,99,4
build,bridge,build bridge,100,101776,8.0,build bridges,4.97,9,10,213.38,308.7,348.37,371.78,1,0,99,4
build,building,build building,100,85276,7.55,building was built,4.64,4,10,193.2,298.76,338.74,361.38,1,0,99,10
build,business,build business,100,93452,7.42,build a business,3.28,9,10,153.74,238.14,275.17,295.29,1,0,99,18
build,capability,build capability,100,23147,5.8,capabilities built,1.93,3,10,147.77,236.79,272.08,289.79,1,0,99,3
build,capacity,build capacity,100,98536,7.85,build capacity,3.1,9,10,151.08,222.66,249.95,262.95,1,0,99,5
build,car,build car,100,75084,7.23,cars built,4.89,5,10,146.58,271.86,328.14,362.93,1,0,99,26
build,career,build career,100,47015,6.74,build a career,2.54,2,10,185.6,286.27,327.76,349.0,1,0,99,10
build,case,build case,100,36188,5.93,build a case,3.93,20,10,282.91,389.36,429.99,455.63,1,0,99,16
build,castle,build castle,100,29560,6.27,castle was built,4.96,4,10,159.13,238.88,275.76,302.45,1,0,99,1
build,center,build center,100,23686,5.83,center was built,3.85,18,10,222.58,319.74,360.42,387.56,1,0,99,5
build,character,build character,100,22312,5.55,build character,2.93,9,10,277.35,405.34,452.72,475.45,1,0,99,14
build,church,build church,100,92782,7.78,church was built,4.9,4,10,201.2,314.22,372.83,407.26,1,0,99,5
build,city,build city,100,48278,6.74,city built,4.79,3,10,196.98,329.78,410.83,452.11,1,0,99,11
build,community,build community,100,125946,8.02,build community,3.52,6,10,214.58,316.13,353.91,376.42,1,0,99,12
build,company,build company,100,35381,5.93,company built,4.11,9,10,158.09,282.67,333.64,366.19,1,0,99,17
build,confidence,build confidence,100,65973,7.34,build confidence,2.17,5,10,114.6,160.91,178.32,187.72,1,0,99,3
build,connection,build connection,100,36094,6.33,build connections,3.0,9,10,212.19,336.16,390.35,421.85,1,0,99,8
build,culture,build culture,100,32837,6.29,build a culture,2.04,7,10,186.1,286.95,330.06,354.28,1,0,99,8
build,custom,build custom,100,23056,5.89,custom built,2.68,4,10,135.37,190.6,208.03,216.76,1,0,99,1
build,dam,build dam,100,28100,6.2,dam was built,4.88,3,10,102.82,165.34,190.46,203.09,1,0,99,1
build,economy,build economy,100,25622,5.93,economy built,2.57,4,10,165.36,238.62,265.62,283.32,1,0,99,14
build,empire,build empire,100,22846,5.89,build an empire,3.0,5,10,145.36,220.29,250.81,270.87,1,0,99,3
build,engine,build engine,100,32548,6.27,engine built,4.86,4,10,161.05,244.11,278.23,299.74,1,0,99,8
build,environment,build environment,100,95093,7.73,the built environment,3.74,2,10,197.9,290.05,325.15,344.92,1,0,99,4
build,facility,build facility,100,59369,7.09,facility was built,3.58,5,10,217.82,304.92,336.69,359.59,1,0,99,4
build,factory,build factory,100,25653,6.04,factory built,4.76,1,10,159.34,242.73,282.93,304.22,1,0,99,3
build,fort,build fort,100,23199,5.93,fort was built,4.72,2,10,103.91,159.53,183.33,196.41,1,0,99,2
build,foundation,build foundation,100,54166,7.06,build a foundation,3.74,7,10,179.51,257.89,289.64,307.68,1,0,99,4
build,future,build future,100,37873,6.52,build a future,1.86,3,10,212.83,298.97,328.74,343.84,1,0,99,5
build,home,build home,100,182661,8.24,homes built,4.11,9,10,239.73,352.55,396.94,419.06,1,0,99,14
build,hotel,build hotel,100,24099,5.92,hotel was built,4.93,1,10,189.12,295.97,343.34,373.15,1,0,99,1
build,house,build house,100,276179,9.18,house was built,5.0,12,10,207.43,310.94,359.63,394.2,1,0,99,10
build,housing,build housing,100,29328,6.22,build housing,4.0,3,10,112.66,157.27,173.29,181.4,1,0,99,1
build,infrastructure,build infrastructure,100,59155,7.2,build infrastructure,3.38,2,10,133.61,185.95,204.17,213.9,1,0,99,3
build,knowledge,build knowledge,100,23219,5.64,build knowledge,1.73,1,10,149.95,251.68,288.24,306.7,1,0,99,4
build,library,build library,100,25178,5.96,build a library,4.8,5,10,157.29,243.01,281.67,300.84,1,0,99,2
build,life,build life,100,36366,5.83,build a life,2.69,14,10,228.25,333.37,374.48,396.14,1,0,99,27
build,line,build line,100,37913,6.15,line was built,4.5,30,10,253.42,357.41,397.32,421.22,1,0,99,42
build,list,build list,100,32105,6.0,build a list,4.43,2,10,182.17,265.47,300.93,321.78,1,0,99,9
build,machine,build machine,100,41144,6.55,machine built,4.25,6,10,162.99,247.75,283.25,305.85,1,0,99,14
build,material,build material,100,25406,5.66,building materials,4.26,5,10,225.35,316.51,351.27,369.43,1,0,99,25
build,model,build model,100,108848,7.73,build a model,4.53,9,10,257.89,360.86,399.17,421.43,1,0,99,10
build,momentum,build momentum,100,25689,6.04,build momentum,2.5,2,10,79.992,112.44,123.59,129.88,1,0,99,5
build,movement,build movement,100,24408,5.81,build a movement,3.63,11,10,228.82,319.09,350.45,367.29,1,0,99,13
build,muscle,build muscle,100,33126,6.39,build muscle,4.5,5,10,91.117,146.9,175.42,195.22,1,0,99,4
build,nest,build nest,100,32497,6.41,build nests,4.86,5,10,111.57,163.11,180.35,189.38,1,0,99,3
build,network,build network,100,93765,7.75,build a network,3.2,5,10,205.05,307.08,346.49,368.3,1,0,99,7
build,number,build number,100,22121,4.96,build number,3.3,11,10,198.05,280.36,322.92,351.63,1,0,99,36
build,partnership,build partnership,100,38552,6.58,build partnerships,2.82,3,10,168.4,260.8,306.07,330.05,1,0,99,5
build,pipeline,build pipeline,100,27137,6.14,build a pipeline,4.68,2,10,87.696,129.09,144.99,153.47,1,0,99,1
build,plan,build plan,100,24214,5.5,building plans,3.4,3,10,144.41,259.22,311.43,339.79,1,0,99,17
build,plant,build plant,100,63689,7.2,plant was built,4.76,4,10,229.53,338.39,377.64,397.49,1,0,99,10
build,platform,build platform,100,51413,6.89,platform built,4.48,5,10,199.05,273.14,300.85,316.83,1,0,99,4
build,portfolio,build portfolio,100,25200,6.01,build a portfolio,4.0,4,10,101.05,152.9,173.21,182.57,1,0,99,1
build,process,build process,100,31706,5.78,the build process,2.93,6,10,219.57,309.68,362.4,391.04,1,0,99,24
build,product,build product,100,44329,6.29,build products,4.17,6,10,227.73,323.72,365.31,390.22,1,0,99,15
build,program,build program,100,46154,6.28,build a program,3.43,8,10,175.08,280.8,337.3,363.32,1,0,99,15
build,project,build project,100,66874,6.93,build projects,3.62,2,10,170.17,284.97,344.87,374.52,1,0,99,19
build,purpose,build purpose,100,23720,5.82,purpose built,1.52,3,10,205.05,308.91,358.45,383.75,1,0,99,3
build,quality,build quality,100,61092,7.01,build quality,2.18,5,10,178.2,254.24,284.28,300.89,1,0,99,3
build,relationship,build relationship,100,232986,8.91,build relationships,2.8,4,10,256.77,383.37,435.58,473.39,1,0,99,10
build,reputation,build reputation,100,57397,7.16,built a reputation,1.64,3,10,181.29,254.1,285.24,303.63,1,0,99,6
build,resilience,build resilience,100,37568,6.62,build resilience,2.26,2,10,40.699,64.099,75.982,82.538,1,0,99,1
build,road,build road,100,52667,6.96,build roads,4.75,2,10,236.91,405.38,498.87,551.42,1,0,99,9
build,school,build school,100,54506,6.83,school was built,4.79,7,10,149.12,280.27,350.18,390.54,1,0,99,7
build,service,build service,100,24890,5.25,building services,2.21,15,10,200.41,284.58,315.39,332.94,1,0,99,18
build,set,build set,100,24118,5.68,build a set,3.41,13,10,195.14,287.11,323.46,341.74,1,0,99,8
build,ship,build ship,100,42796,6.68,ship built,4.87,1,10,128.34,250.17,304.84,346.07,1,0,99,15
build,site,build site,100,55293,6.73,site was built,4.56,3,10,252.6,368.9,411.88,434.34,1,0,99,18
build,skill,build skill,100,63048,7.01,build skills,2.17,2,10,158.2,237.46,270.14,289.39,1,0,99,10
build,society,build society,100,31126,6.25,build a society,2.54,4,10,202.3,286.91,325.94,349.71,1,0,99,2
build,software,build software,100,22074,5.66,build software,4.08,1,10,147.19,228.36,269.51,292.52,1,0,99,4
build,solution,build solution,100,44051,6.43,build solutions,2.61,5,10,187.76,265.14,296.6,314.05,1,0,99,7
build,station,build station,100,40545,6.57,station was built,4.32,5,10,219.1,332.06,378.41,407.53,1,0,99,5
build,strategy,build strategy,100,22575,5.62,build a strategy,1.93,2,10,159.33,237.03,280.72,303.86,1,0,99,8
build,strength,build strength,100,24881,5.89,build strength,2.96,9,10,166.18,231.06,253.01,266.37,1,0,99,4
build,structure,build structure,100,85865,7.56,structure built,4.03,5,10,243.93,343.97,379.8,400.18,1,0,99,8
build,support,build support,100,30048,5.86,build support,2.83,11,10,192.66,285.67,327.93,350.38,1,0,99,9
build,system,build system,100,184655,8.05,build system,2.94,9,10,223.61,330.78,374.49,401.55,1,0,99,36
build,team,build team,100,81821,7.2,build a team,3.79,2,10,204.37,328.15,369.37,388.62,1,0,99,22
build,temple,build temple,100,41142,6.73,temple was built,4.53,4,10,131.37,209.81,250.17,279.16,1,0,99,1
build,thing,build thing,100,37035,5.39,build things,3.17,12,10,143.55,268.8,339.04,370.97,1,0,99,51
build,tool,build tool,100,40297,6.33,build tools,4.6,4,10,195.29,277.16,313.4,337.24,1,0,99,8
build,tower,build tower,100,35859,6.52,tower was built,4.76,3,10,154.73,235.04,269.35,288.09,1,0,99,2
build,trust,build trust,100,79084,7.64,build trust,2.04,6,10,146.8,212.51,243.01,258.24,1,0,99,3
build,understanding,build understanding,100,22252,5.68,build understanding,1.92,4,10,129.87,208.71,244.67,262.27,1,0,99,4
build,unit,build unit,100,35955,6.31,units built,3.77,6,10,223.82,323.7,361.47,379.55,1,0,99,8
build,version,build version,100,28144,5.8,version is built,1.7,6,10,263.55,386.28,441.13,471.77,1,0,99,10
build,wall,build wall,100,77579,7.54,build a wall,4.86,8,10,199.95,305.54,363.69,395.21,1,0,99,15
build,website,build website,100,63367,7.12,build a website,4.52,1,10,206.72,309.87,359.6,387.71,1,0,99,6
build,world,build world,100,40795,6.31,build a better world,4.36,8,10,202.2,309.66,360.98,390.98,1,0,99,28
build,year,build year,100,34585,5.44,Year Built,3.25,4,10,119.49,308.84,424.66,500.24,1,0,99,26
capture,action,capture action,100,5283,4.69,capture the action,2.86,10,6,202.3,294.93,326.83,343.62,1,0,96,13
capture,activity,capture activity,100,4410,4.48,activity captured,2.72,6,6,227.17,320.91,359.98,381.47,1,0,96,10
capture,animal,capture animal,100,4443,5.21,captured animals,4.61,1,6,176.69,244.8,282.95,316.08,1,0,96,7
capture,area,capture area,100,5346,4.22,areas captured,3.72,6,6,263.68,404.24,463.02,501.91,1,0,96,24
capture,aspect,capture aspect,100,6412,5.65,capture aspects,1.82,5,6,198.61,282.3,321.48,346.47,1,0,96,3
capture,atmosphere,capture atmosphere,100,4292,5.54,capture the atmosphere,3.04,6,6,161.01,243.41,279.85,296.23,1,0,96,2
capture,attention,capture attention,100,49765,7.95,capture the attention,2.3,6,6,133.07,191.66,213.39,223.75,1,0,96,7
capture,audience,capture audience,100,6074,5.66,capture an audience,4.29,4,6,138.77,221.07,265.12,291.55,1,0,96,4
capture,beauty,capture beauty,100,11953,6.98,capture the beauty,2.93,3,6,134.2,201.07,227.42,243.52,1,0,96,1
capture,championship,capture championship,100,9065,6.62,capture the championship,3.23,3,6,86.835,171.28,214.66,248.68,1,0,96,4
capture,change,capture change,100,6085,4.44,capture changes,2.89,10,6,169.83,260.43,300.98,324.77,1,0,96,14
capture,character,capture character,100,4674,4.75,capture the character,2.93,9,6,277.35,405.34,452.72,475.45,1,0,96,14
capture,city,capture city,100,13263,6.45,captured the city,4.79,3,6,196.98,329.78,410.83,452.11,1,0,96,11
capture,complexity,capture complexity,100,3973,5.51,capture the complexity of,1.87,1,6,124.42,177.79,197.06,208.19,1,0,96,2
capture,content,capture content,100,4441,4.71,capture content,2.59,7,6,164.92,250.07,280.91,297.3,1,0,96,17
capture,day,capture day,100,6003,4.02,captured the day,3.92,10,6,202.17,322.8,424.94,489.25,1,0,96,31
capture,detail,capture detail,100,13955,6.46,capture details,2.5,5,6,181.66,257.54,289.87,309.11,1,0,96,10
capture,document,capture document,100,3884,4.69,captured documents,4.41,4,6,158.9,245.28,277.4,295.0,1,0,96,8
capture,effect,capture effect,100,6121,4.63,capture the effects,1.8,6,6,218.79,347.59,391.78,415.54,1,0,96,8
capture,element,capture element,100,4054,4.72,capture elements,3.63,7,6,214.49,312.21,360.35,389.13,1,0,96,9
capture,emotion,capture emotion,100,6569,6.12,capture the emotion,2.44,1,6,133.04,187.76,208.77,222.4,1,0,96,6
capture,energy,capture energy,100,12182,6.38,capture the energy,3.11,7,6,147.56,207.6,231.64,246.44,1,0,96,11
capture,essence,capture essence,100,45209,9.07,capture the essence of,1.66,4,6,136.37,196.2,216.67,227.27,1,0,96,1
capture,event,capture event,100,11415,5.59,capture the event,2.69,4,6,226.3,317.53,360.62,385.59,1,0,96,19
capture,experience,capture experience,100,10223,5.15,capture the experience,1.8,3,6,185.87,276.44,315.87,336.02,1,0,96,12
capture,feature,capture feature,100,4302,4.57,capture features,2.96,6,6,224.82,325.48,365.88,386.04,1,0,96,9
capture,feel,capture feel,100,5613,5.96,capture the feel,2.28,4,6,108.94,163.17,186.84,198.84,1,0,96,1
capture,feeling,capture feeling,100,9959,6.18,capture the feeling,1.68,6,6,176.83,271.16,309.46,329.6,1,0,96,10
capture,flag,capture flag,100,9939,6.64,Capture the Flag,4.79,7,6,118.42,169.96,192.99,204.91,1,0,96,6
capture,footage,capture footage,100,12151,7.14,footage captured,3.42,2,6,102.35,161.17,187.24,200.89,1,0,96,3
capture,frame,capture frame,100,4506,5.49,frames captured,4.3,11,6,172.26,238.89,265.34,281.19,1,0,96,5
capture,group,capture group,100,4151,4.11,capturing groups,4.12,3,6,225.61,346.48,394.01,420.34,1,0,96,12
capture,gun,capture gun,100,4269,5.26,guns captured,4.83,7,6,107.12,176.06,215.29,243.49,1,0,96,7
capture,heart,capture heart,100,23582,7.51,captured the hearts,4.52,10,6,222.29,308.92,338.38,354.34,1,0,96,18
capture,history,capture history,100,3764,4.51,capture the history,2.96,5,6,244.12,342.42,382.02,402.74,1,0,96,9
capture,idea,capture idea,100,7131,4.55,capture ideas,1.61,5,6,186.11,292.47,339.77,365.76,1,0,96,31
capture,image,capture image,100,87176,8.71,capture images,3.85,9,6,179.93,316.21,370.25,403.89,1,0,96,21
capture,imagination,capture imagination,100,33585,8.64,captured the imagination,1.69,3,6,94.676,139.25,161.68,174.76,1,0,96,11
capture,information,capture information,100,28736,6.08,capture information,2.87,5,6,188.65,292.02,342.92,373.06,1,0,96,17
capture,interest,capture interest,100,10352,5.73,capture the interest,1.8,7,6,176.83,268.45,304.88,322.86,1,0,96,14
capture,life,capture life,100,7961,4.58,capture life,2.69,14,6,228.25,333.37,374.48,396.14,1,0,96,27
capture,light,capture light,100,7600,5.53,capture light,4.21,15,6,215.58,298.48,332.34,352.33,1,0,96,13
capture,look,capture look,100,4722,4.6,capture the look,2.96,4,6,229.76,328.99,365.8,383.58,1,0,96,7
capture,lot,capture lot,100,3734,3.0,capture a lot of,3.7,7,6,144.92,243.93,294.05,322.54,1,0,96,34
capture,magic,capture magic,100,4665,5.78,capture the magic of,2.9,2,6,119.08,167.17,185.14,193.94,1,0,96,4
capture,man,capture man,100,8841,4.87,men captured,4.79,11,6,192.73,336.5,412.7,455.21,1,0,96,37
capture,market,capture market,100,6892,5.41,capture the market,4.7,5,6,166.28,245.6,289.22,311.24,1,0,96,22
capture,memory,capture memory,100,7130,5.86,capture memories,2.38,5,6,208.41,286.39,315.63,333.95,1,0,96,12
capture,moment,capture moment,100,52518,8.57,capture the moment,1.61,6,6,260.29,370.13,427.44,458.27,1,0,96,8
capture,mood,capture mood,100,7822,6.53,capture the mood,1.75,3,6,136.86,189.12,210.27,222.42,1,0,96,3
capture,movement,capture movement,100,5206,5.29,capture the movement,3.63,11,6,228.82,319.09,350.45,367.29,1,0,96,13
capture,nature,capture nature,100,5095,5.42,capture the nature,2.92,5,6,226.45,322.1,366.62,391.67,1,0,96,2
capture,number,capture number,100,6567,4.02,captured a number,3.3,11,6,198.05,280.36,322.92,351.63,1,0,96,36
capture,opportunity,capture opportunity,100,6628,4.57,capture opportunities,1.88,1,6,136.89,208.1,236.58,250.98,1,0,96,10
capture,part,capture part,100,5669,3.44,capture part,3.29,12,6,237.04,382.12,430.05,454.33,1,0,96,30
capture,people,capture people,100,6794,3.41,capture people,4.82,4,6,190.25,264.24,315.17,343.14,1,0,96,39
capture,performance,capture performance,100,4883,4.81,performances captured,3.04,5,6,226.31,347.54,398.8,425.5,1,0,96,7
capture,photo,capture photo,100,18489,6.89,capture photos,4.93,1,6,102.55,203.45,258.19,285.53,1,0,96,8
capture,photograph,capture photograph,100,4300,5.48,photographs captured,4.89,1,6,103.13,205.95,267.65,298.99,1,0,96,2
capture,picture,capture picture,100,10661,5.86,capture pictures,4.52,10,6,124.67,237.09,298.33,333.94,1,0,96,7
capture,piece,capture piece,100,5570,4.93,capture a piece,4.14,13,6,236.3,331.62,361.88,377.98,1,0,96,26
capture,place,capture place,100,4378,3.43,captured first place,3.48,16,6,235.9,337.1,371.44,386.77,1,0,96,13
capture,point,capture point,100,5397,4.07,capture points,3.39,26,6,249.95,349.67,391.1,417.02,1,0,96,21
capture,power,capture power,100,5243,4.42,capture power,2.04,9,6,196.2,276.34,308.2,322.74,1,0,96,19
capture,prey,capture prey,100,5170,6.01,capture prey,3.61,2,6,82.153,114.43,128.02,136.59,1,0,96,4
capture,prisoner,capture prisoner,100,7944,6.44,prisoners captured,4.11,1,6,86.148,144.13,173.48,192.5,1,0,96,2
capture,process,capture process,100,4639,4.08,capturing process,2.93,6,6,219.57,309.68,362.4,391.04,1,0,96,24
capture,quality,capture quality,100,3738,4.46,capture the quality,2.18,5,6,178.2,254.24,284.28,300.89,1,0,96,3
capture,range,capture range,100,5788,5.03,capture the full range,3.22,9,6,198.81,309.84,356.99,380.7,1,0,96,6
capture,reality,capture reality,100,4001,5.18,capture the reality,1.72,4,6,156.24,228.7,258.45,273.33,1,0,96,8
capture,scene,capture scene,100,10061,6.32,capture the scene,3.93,10,6,236.31,326.09,358.85,376.01,1,0,96,5
capture,screen,capture screen,100,4656,5.49,capture the screen,4.6,9,6,184.18,258.18,287.66,306.13,1,0,96,8
capture,screenshot,capture screenshot,100,4076,5.66,capture screenshots,4.65,0,6,32.37,52.158,61.358,66.443,1,0,96,2
capture,sense,capture sense,100,6828,5.02,capture a sense,2.61,5,6,206.76,300.07,335.13,356.84,1,0,96,11
capture,share,capture share,100,10591,6.44,capture market share,2.96,5,6,142.03,223.41,269.62,295.81,1,0,96,5
capture,ship,capture ship,100,10785,6.55,ship was captured,4.87,1,6,128.34,250.17,304.84,346.07,1,0,96,15
capture,shot,capture shot,100,11129,6.38,capture shots,4.44,17,6,163.26,250.01,288.05,309.59,1,0,96,10
capture,signal,capture signal,100,3972,5.09,capture signals,3.86,3,6,148.51,212.33,240.91,256.6,1,0,96,2
capture,soldier,capture soldier,100,10187,6.65,soldiers captured,4.72,2,6,146.17,236.65,278.07,301.43,1,0,96,5
capture,sound,capture sound,100,10321,6.27,capture the sound,3.7,8,6,201.18,297.75,348.31,382.29,1,0,96,10
capture,spirit,capture spirit,100,25691,7.89,capture the spirit,1.6,8,6,185.02,272.1,307.13,325.29,1,0,96,10
capture,state,capture state,100,4124,4.48,capture the state,3.52,8,6,191.75,277.34,313.22,330.08,1,0,96,12
capture,story,capture story,100,7972,4.76,capture the story,3.3,6,6,197.18,328.22,376.06,402.62,1,0,96,28
capture,territory,capture territory,100,4416,5.61,captured territory,3.41,3,6,170.99,267.54,308.58,331.65,1,0,96,5
capture,time,capture time,100,6605,3.02,time captured,3.07,10,6,273.83,408.51,469.17,512.74,1,0,96,50
capture,title,capture title,100,16818,6.85,capture the title,3.32,10,6,204.83,284.61,311.28,324.35,1,0,96,10
capture,town,capture town,100,7446,6.02,captured the town,4.64,4,6,167.37,359.75,445.5,497.25,1,0,96,7
capture,value,capture value,100,9879,5.23,capture value,1.62,6,6,204.29,287.34,318.64,334.81,1,0,96,21
capture,vessel,capture vessel,100,4449,5.58,captured vessels,4.66,3,6,137.92,221.75,267.43,299.54,1,0,96,4
capture,video,capture video,100,24131,7.15,capture video,4.67,4,6,147.3,222.06,256.29,276.31,1,0,96,7
capture,view,capture view,100,9159,5.67,capture the views,3.21,10,6,225.92,335.06,380.85,402.91,1,0,96,14
capture,village,capture village,100,3940,5.28,captured the village,4.89,3,6,197.9,320.64,384.5,419.84,1,0,96,6
capture,voice,capture voice,100,4505,5.05,capture the voice,4.13,11,6,221.3,316.55,353.41,375.5,1,0,96,8
capture,water,capture water,100,4024,4.35,capture water,5.0,6,6,232.15,324.2,362.8,390.59,1,0,96,24
capture,woman,capture woman,100,4136,4.19,captured women,4.46,4,6,176.89,278.3,349.75,390.06,1,0,96,19
capture,world,capture world,100,4298,4.34,capture the world,4.36,8,6,202.2,309.66,360.98,390.98,1,0,96,28
carry,activity,carry activity,100,11506,5.49,activities are carried,2.72,6,40,227.17,320.91,359.98,381.47,1,0,94,10
carry,amount,carry amount,100,18551,6.08,carrying amount,2.74,4,40,171.9,263.47,299.86,323.81,1,0,94,19
carry,analysis,carry analysis,100,12901,6.11,analysis was carried out,2.56,6,40,174.87,259.54,302.79,329.56,1,0,94,3
carry,arm,carry arm,100,7797,5.42,carry arms,4.96,6,40,180.22,255.25,290.97,315.14,1,0,94,21
carry,article,carry article,100,9138,5.05,carried an article,4.33,4,40,179.02,272.79,315.01,337.97,1,0,94,9
carry,attack,carry attack,100,9106,5.59,attack was carried out,3.71,9,40,172.82,287.0,339.01,372.67,1,0,94,14
carry,baby,carry baby,100,15811,6.52,carrying a baby,5.0,7,40,142.59,217.27,250.61,271.03,1,0,94,8
carry,bag,carry bag,100,43822,8.02,carrying bag,4.9,9,40,145.54,219.91,255.08,276.69,1,0,94,15
carry,ball,carry ball,100,15887,6.38,carried the ball,5.0,12,40,152.85,224.94,253.8,268.96,1,0,94,26
carry,banner,carry banner,100,11457,6.37,carrying banners,4.8,3,40,109.35,181.94,210.09,223.83,1,0,94,1
carry,body,carry body,100,12031,5.59,body was carried,4.79,11,40,237.41,335.77,373.18,393.77,1,0,94,40
carry,book,carry book,100,12135,5.18,carry books,4.9,11,40,222.59,338.67,394.89,426.22,1,0,94,15
carry,bottle,carry bottle,100,8397,5.76,carrying a bottle,4.91,3,40,120.42,183.22,217.03,239.9,1,0,94,12
carry,box,carry box,100,10451,5.83,carrying a box,4.9,10,40,185.98,265.79,297.28,315.78,1,0,94,8
carry,brand,carry brand,100,7745,5.41,carry the brand,3.29,6,40,213.35,303.78,337.55,355.34,1,0,94,4
carry,burden,carry burden,100,28206,7.53,carry the burden,2.63,4,40,94.297,136.15,154.02,164.4,1,0,94,3
carry,camera,carry camera,100,10790,5.99,carry a camera,5.0,2,40,128.7,190.76,221.6,239.44,1,0,94,3
carry,capacity,carry capacity,100,37762,7.69,carrying capacity of,3.1,9,40,151.08,222.66,249.95,262.95,1,0,94,5
carry,card,carry card,100,11994,5.82,carry a card,4.9,11,40,148.11,207.64,231.41,245.34,1,0,94,11
carry,cargo,carry cargo,100,16082,6.88,carrying cargo,4.62,1,40,89.484,133.54,152.42,162.76,1,0,94,2
carry,case,carry case,100,27703,6.31,carrying case,3.93,20,40,282.91,389.36,429.99,455.63,1,0,94,16
carry,charge,carry charge,100,9074,5.62,carrying charges,2.96,15,40,190.91,262.88,290.47,306.26,1,0,94,11
carry,child,carry child,100,20243,5.82,carrying a child,4.78,4,40,201.04,295.22,346.37,384.22,1,0,94,21
carry,cost,carry cost,100,11341,5.39,carrying costs,2.5,3,40,160.14,263.17,306.3,332.11,1,0,94,14
carry,cross,carry cross,100,8939,5.99,carry the cross,4.44,6,40,160.91,220.55,239.32,248.97,1,0,94,3
carry,day,carry day,100,14635,5.1,carry the day,3.92,10,40,202.17,322.8,424.94,489.25,1,0,94,31
carry,device,carry device,100,8002,5.21,carrying device,3.97,5,40,184.14,273.74,314.56,337.87,1,0,94,10
carry,disease,carry disease,100,13123,6.22,carry diseases,3.45,1,40,102.9,195.33,244.79,273.82,1,0,94,7
carry,equipment,carry equipment,100,12691,6.11,carrying equipment,4.83,1,40,176.09,255.8,295.43,318.33,1,0,94,3
carry,experiment,carry experiment,100,13218,6.41,experiments were carried out,3.38,3,40,169.69,243.48,270.4,284.05,1,0,94,1
carry,firearm,carry firearm,100,19087,7.11,carry firearms,4.64,1,40,55.206,87.622,110.13,124.42,1,0,94,1
carry,flag,carry flag,100,18410,6.88,carry the flag,4.79,7,40,118.42,169.96,192.99,204.91,1,0,94,6
carry,food,carry food,100,10330,5.44,carrying food,4.8,3,40,169.07,241.2,280.07,303.04,1,0,94,18
carry,gear,carry gear,100,8016,5.74,carry gear,4.28,4,40,103.42,154.71,174.75,187.49,1,0,94,3
carry,gene,carry gene,100,14139,6.55,carry the gene,3.59,1,40,103.46,160.59,195.66,218.89,1,0,94,2
carry,good,carry good,100,11263,6.08,carrying goods,1.64,4,40,79.783,116.22,127.81,133.23,1,0,94,3
carry,gun,carry gun,100,47000,8.13,carry guns,4.83,7,40,107.12,176.06,215.29,243.49,1,0,94,7
carry,home,carry home,100,9930,4.78,carry home,4.11,9,40,239.73,352.55,396.94,419.06,1,0,94,14
carry,information,carry information,100,21631,5.48,carry information,2.87,5,40,188.65,292.02,342.92,373.06,1,0,94,17
carry,insurance,carry insurance,100,10707,6.13,carry insurance,2.86,3,40,76.997,132.73,153.2,164.64,1,0,94,2
carry,investigation,carry investigation,100,7561,5.53,investigation was carried out,2.52,2,40,158.8,242.01,274.61,294.4,1,0,94,6
carry,item,carry item,100,16618,6.15,carry items,4.41,5,40,197.78,301.7,343.31,365.49,1,0,94,15
carry,knife,carry knife,100,10485,6.19,carrying a knife,4.9,3,40,92.137,132.92,155.86,174.34,1,0,94,8
carry,line,carry line,100,15746,5.77,carry a full line,4.5,30,40,253.42,357.41,397.32,421.22,1,0,94,42
carry,load,carry load,100,45814,8.16,carry the load,3.63,9,40,139.13,209.14,235.35,251.18,1,0,94,10
carry,lot,carry lot,100,22351,5.42,carry a lot of,3.7,7,40,144.92,243.93,294.05,322.54,1,0,94,34
carry,mail,carry mail,100,7210,5.65,carrying mail,4.69,5,40,100.22,159.52,183.38,194.36,1,0,94,1
carry,man,carry man,100,9681,4.75,carrying men,4.79,11,40,192.73,336.5,412.7,455.21,1,0,94,37
carry,material,carry material,100,9259,5.17,carrying materials,4.26,5,40,225.35,316.51,351.27,369.43,1,0,94,25
carry,meaning,carry meaning,100,12974,6.25,carries the meaning,1.85,2,40,162.8,234.33,260.23,275.05,1,0,94,4
carry,message,carry message,100,30865,6.99,carry the message,3.97,2,40,175.56,250.41,284.71,304.77,1,0,94,13
carry,momentum,carry momentum,100,7322,5.66,carry that momentum,2.5,2,40,79.992,112.44,123.59,129.88,1,0,94,5
carry,mutation,carry mutation,100,10658,6.27,carrying mutations,3.52,3,40,66.295,103.58,122.1,133.28,1,0,94,2
carry,name,carry name,100,22958,5.99,carry the name,3.5,6,40,276.55,417.22,464.64,487.44,1,0,94,16
carry,number,carry number,100,14982,5.01,carry a number,3.3,11,40,198.05,280.36,322.92,351.63,1,0,94,36
carry,oil,carry oil,100,7808,5.49,carrying oil,4.93,4,40,116.09,174.9,208.49,229.11,1,0,94,13
carry,operation,carry operation,100,10340,5.62,operation was carried,3.44,11,40,217.49,319.97,355.82,373.8,1,0,94,5
carry,oxygen,carry oxygen,100,7685,5.79,carry oxygen,3.66,1,40,48.372,86.943,107.6,122.17,1,0,94,2
carry,part,carry part,100,7382,3.67,carry parts,3.29,12,40,237.04,382.12,430.05,454.33,1,0,94,30
carry,passenger,carry passenger,100,45898,8.29,carry passengers,4.34,1,40,120.42,179.86,211.59,227.38,1,0,94,3
carry,payload,carry payload,100,8874,6.05,carry a payload,3.82,2,40,53.246,78.719,87.484,92.416,1,0,94,1
carry,penalty,carry penalty,100,14130,6.53,carries a maximum penalty,2.86,4,40,122.22,175.88,196.83,207.99,1,0,94,4
carry,people,carry people,100,18313,4.71,carry people,4.82,4,40,190.25,264.24,315.17,343.14,1,0,94,39
carry,phone,carry phone,100,9975,5.84,phone carried,4.86,3,40,132.03,200.44,232.92,254.36,1,0,94,8
carry,power,carry power,100,8061,4.74,carry power,2.04,9,40,196.2,276.34,308.2,322.74,1,0,94,19
carry,process,carry process,100,8801,4.74,process is carried out,2.93,6,40,219.57,309.68,362.4,391.04,1,0,94,24
carry,product,carry product,100,12979,5.33,carry products,4.17,6,40,227.73,323.72,365.31,390.22,1,0,94,15
carry,project,carry project,100,9717,4.99,project was carried out,3.62,2,40,170.17,284.97,344.87,374.52,1,0,94,19
carry,range,carry range,100,9351,5.31,carry a wide range,3.22,9,40,198.81,309.84,356.99,380.7,1,0,94,6
carry,research,carry research,100,15108,6.02,research was carried out,3.03,2,40,170.07,249.43,282.88,299.95,1,0,94,9
carry,responsibility,carry responsibility,100,9008,5.55,carry the responsibility,1.4,3,40,139.46,206.54,231.4,249.11,1,0,94,6
carry,rifle,carry rifle,100,9713,6.13,carrying a rifle,4.85,1,40,67.805,113.06,141.16,161.36,1,0,94,3
carry,risk,carry risk,100,44571,7.45,carries the risk,1.63,4,40,160.87,238.64,275.56,297.22,1,0,94,11
carry,selection,carry selection,100,10382,5.97,carry a large selection,2.34,5,40,168.7,243.49,274.21,291.44,1,0,94,2
carry,sentence,carry sentence,100,13234,6.34,carries a maximum sentence,3.57,3,40,120.5,167.75,185.71,195.53,1,0,94,4
carry,sign,carry sign,100,14061,6.11,carrying signs,4.62,11,40,192.15,282.29,319.19,343.67,1,0,94,4
carry,signal,carry signal,100,9225,5.73,carry signals,3.86,3,40,148.51,212.33,240.91,256.6,1,0,94,2
carry,story,carry story,100,15705,5.48,carried a story,3.3,6,40,197.18,328.22,376.06,402.62,1,0,94,28
carry,stuff,carry stuff,100,7266,5.23,carry stuff,3.13,7,40,154.36,228.68,256.01,270.5,1,0,94,15
carry,supply,carry supply,100,12728,6.21,carrying supplies,3.43,3,40,118.76,179.4,208.2,224.52,1,0,94,5
carry,sword,carry sword,100,8188,5.83,carrying a sword,4.93,1,40,97.936,149.28,180.75,198.31,1,0,94,10
carry,team,carry team,100,11611,5.23,carry the team,3.79,2,40,204.37,328.15,369.37,388.62,1,0,94,22
carry,thing,carry thing,100,13664,4.41,carry things,3.17,12,40,143.55,268.8,339.04,370.97,1,0,94,51
carry,title,carry title,100,7238,5.16,carry the title,3.32,10,40,204.83,284.61,311.28,324.35,1,0,94,10
carry,ton,carry ton,100,8695,5.77,carry a ton,4.17,2,40,79.739,162.69,210.51,238.34,1,0,94,5
carry,torch,carry torch,100,17425,7.01,carry the torch,4.76,4,40,50.921,79.913,91.892,98.978,1,0,94,3
carry,traffic,carry traffic,100,10000,5.98,carry traffic,4.67,4,40,129.05,185.05,208.03,221.77,1,0,94,5
carry,value,carry value,100,14720,5.53,carrying value,1.62,6,40,204.29,287.34,318.64,334.81,1,0,94,21
carry,variety,carry variety,100,9868,5.62,carry a variety of,2.13,6,40,189.87,293.84,344.92,372.87,1,0,94,7
carry,virus,carry virus,100,11247,6.23,carrying the virus,3.48,3,40,98.597,163.57,194.16,213.12,1,0,94,9
carry,water,carry water,100,31085,6.93,carry water,5.0,6,40,232.15,324.2,362.8,390.59,1,0,94,24
carry,weapon,carry weapon,100,37220,7.74,carry weapons,4.76,2,40,121.89,179.72,215.89,244.38,1,0,94,12
carry,weight,carry weight,100,72738,8.61,carry the weight,3.94,8,40,136.57,203.08,229.71,245.41,1,0,94,7
carry,work,carry work,100,42052,6.52,work was carried,3.48,7,40,272.87,386.54,424.55,447.82,1,0,94,22
cast,ability,cast ability,100,1489,3.54,casting ability,1.81,2,11,193.93,281.52,320.44,346.08,1,0,94,8
cast,actor,cast actor,100,9891,7.43,cast actors,4.57,2,11,152.31,256.45,304.62,340.23,1,0,94,1
cast,actress,cast actress,100,1755,5.39,actress cast,4.54,1,11,145.53,228.53,267.46,295.41,1,0,94,1
cast,agent,cast agent,100,1367,4.2,casting agents,3.61,6,11,197.47,271.14,298.75,314.21,1,0,94,3
cast,alloy,cast alloy,100,1336,5.15,casting alloys,4.29,2,11,64.997,105.23,125.26,136.84,1,0,94,1
cast,anchor,cast anchor,100,1475,5.23,cast anchor,4.77,3,11,96.973,139.06,152.3,158.34,1,0,94,2
cast,bait,cast bait,100,1740,5.45,cast the bait,4.45,2,11,57.855,86.182,96.537,101.14,1,0,94,2
cast,ballot,cast ballot,100,63090,10.5,cast their ballots,4.73,2,11,70.384,110.15,125.88,133.6,1,0,94,1
cast,beam,cast beam,100,1212,4.81,cast a beam,3.96,7,11,131.03,183.49,204.87,216.82,1,0,94,3
cast,bell,cast bell,100,3225,6.25,bell was cast,4.96,10,11,103.02,145.88,160.01,167.89,1,0,94,3
cast,blame,cast blame,100,3324,6.35,cast blame,2.06,2,11,57.303,82.246,91.476,96.689,1,0,94,3
cast,block,cast block,100,1504,4.43,casting blocks,4.48,12,11,170.47,237.39,261.04,273.22,1,0,94,6
cast,body,cast body,100,2172,3.82,body cast,4.79,11,11,237.41,335.77,373.18,393.77,1,0,94,40
cast,bronze,cast bronze,100,1237,5.05,cast bronze,4.47,2,11,81.679,122.61,140.15,150.41,1,0,94,1
cast,call,cast call,100,6326,5.83,a casting call,4.0,13,11,152.06,232.35,267.04,285.41,1,0,94,6
cast,character,cast character,100,2254,4.07,characters cast,2.93,9,11,277.35,405.34,452.72,475.45,1,0,94,14
cast,charm,cast charm,100,2834,6.08,cast a charm,2.76,4,11,89.486,140.49,164.69,178.29,1,0,94,1
cast,choice,cast choice,100,1727,3.64,casting choices,1.9,3,11,197.54,293.08,325.17,339.57,1,0,94,6
cast,circle,cast circle,100,1493,4.88,cast a circle,4.44,8,11,159.75,237.45,267.09,281.1,1,0,94,3
cast,cloud,cast cloud,100,2658,5.81,cast a cloud,4.54,6,11,124.12,188.24,224.19,244.7,1,0,94,3
cast,company,cast company,100,1472,2.63,Kinetic Die Casting Company,4.11,9,11,158.09,282.67,333.64,366.19,1,0,94,17
cast,crown,cast crown,100,1817,5.44,Casting Crowns,4.81,12,11,126.95,183.64,203.3,212.58,1,0,94,1
cast,curse,cast curse,100,2342,5.89,cast a curse,2.39,5,11,86.712,120.91,133.44,141.34,1,0,94,5
cast,decision,cast decision,100,1279,2.83,casting decisions,2.19,5,11,178.12,260.71,300.65,322.66,1,0,94,8
cast,demon,cast demon,100,1839,5.44,cast demons,3.32,3,11,81.379,122.55,152.67,171.0,1,0,94,4
cast,die,cast die,100,6066,7.26,die was cast,3.07,3,11,45.055,62.014,67.64,70.172,1,0,94,1
cast,director,cast director,100,8614,6.88,casting director,4.04,5,11,196.34,330.95,430.16,489.74,1,0,94,1
cast,distance,cast distance,100,2063,4.78,casting distance,3.17,6,11,218.74,308.61,345.61,367.51,1,0,94,4
cast,doubt,cast doubt,100,56812,9.61,cast doubt on,1.79,2,11,158.05,239.27,270.23,288.3,1,0,94,5
cast,eye,cast eye,100,24725,7.34,cast his eyes,4.9,5,11,206.15,312.42,361.23,392.48,1,0,94,19
cast,figure,cast figure,100,1328,3.85,figure is cast,3.63,13,11,240.7,334.73,370.72,387.06,1,0,94,4
cast,film,cast film,100,2275,4.07,cast the film,4.71,5,11,148.2,282.54,352.87,394.37,1,0,94,2
cast,fireball,cast fireball,100,1144,4.99,cast a fireball,4.32,4,11,39.056,56.447,64.698,70.409,1,0,94,2
cast,fly,cast fly,100,1770,5.44,cast a fly,4.64,5,11,91.278,126.82,143.84,154.57,1,0,94,5
cast,gaze,cast gaze,100,3329,6.36,cast his gaze,3.43,1,11,22.343,31.293,34.233,35.627,1,0,94,6
cast,glance,cast glance,100,15025,8.58,cast a glance,3.48,1,11,103.99,147.29,164.48,173.46,1,0,94,1
cast,gloom,cast gloom,100,1478,5.37,cast a gloom over the,1.86,3,11,63.701,91.566,103.82,111.33,1,0,94,2
cast,glow,cast glow,100,5443,7.14,cast a warm glow,3.65,7,11,81.459,118.85,133.75,142.64,1,0,94,1
cast,head,cast head,100,1407,3.26,head cast,4.75,33,11,299.95,421.51,474.88,503.64,1,0,94,28
cast,image,cast image,100,1630,3.28,images cast,3.85,9,11,179.93,316.21,370.25,403.89,1,0,94,21
cast,iron,cast iron,100,5395,7.0,cast iron,4.59,4,11,80.514,145.14,176.53,197.6,1,0,94,3
cast,judgment,cast judgment,100,1309,4.53,cast judgment,1.68,7,11,81.001,155.34,182.47,196.35,1,0,94,3
cast,light,cast light,100,22444,7.5,cast light,4.21,15,11,215.58,298.48,332.34,352.33,1,0,94,13
cast,line,cast line,100,7730,5.33,cast a line,4.5,30,11,253.42,357.41,397.32,421.22,1,0,94,42
cast,look,cast look,100,6143,5.3,cast a look,2.96,4,11,229.76,328.99,365.8,383.58,1,0,94,7
cast,lot,cast lot,100,10204,4.58,cast lots,3.7,7,11,144.92,243.93,294.05,322.54,1,0,94,34
cast,lure,cast lure,100,2203,5.89,casting lures,3.59,3,11,59.42,87.265,95.895,100.83,1,0,94,1
cast,machine,cast machine,100,1644,4.06,casting machine,4.25,6,11,162.99,247.75,283.25,305.85,1,0,94,14
cast,magic,cast magic,100,2466,5.76,casting magic,2.9,2,11,119.08,167.17,185.14,193.94,1,0,94,4
cast,man,cast man,100,2035,2.96,man cast,4.79,11,11,192.73,336.5,412.7,455.21,1,0,94,37
cast,material,cast material,100,1331,3.04,casting material,4.26,5,11,225.35,316.51,351.27,369.43,1,0,94,25
cast,member,cast member,100,8518,5.09,cast members,3.07,5,11,208.76,325.3,372.4,397.51,1,0,94,10
cast,metal,cast metal,100,1621,5.0,cast metal,4.87,2,11,125.31,203.89,250.4,277.21,1,0,94,9
cast,mind,cast mind,100,5125,5.7,cast your mind,2.5,7,11,197.15,276.78,313.43,334.55,1,0,94,16
cast,model,cast model,100,1427,3.07,casting models,4.53,9,11,257.89,360.86,399.17,421.43,1,0,94,10
cast,mold,cast mold,100,1394,5.12,casting mold,4.85,8,11,58.735,102.8,116.21,122.25,1,0,94,2
cast,movie,cast movie,100,1200,3.63,cast the movie,4.59,1,11,131.6,261.96,330.13,368.81,1,0,94,3
cast,net,cast net,100,17940,8.66,cast a wide net,4.53,6,11,151.79,213.84,237.31,249.16,1,0,94,4
cast,news,cast news,100,1301,3.73,casting news,3.41,5,11,147.99,211.63,237.7,252.17,1,0,94,11
cast,number,cast number,100,2705,2.89,casting number,3.3,11,11,198.05,280.36,322.92,351.63,1,0,94,36
cast,object,cast object,100,1830,4.19,cast object,3.66,5,11,227.43,320.07,354.24,371.31,1,0,94,11
cast,part,cast part,100,5347,3.47,casting parts,3.29,12,11,237.04,382.12,430.05,454.33,1,0,94,30
cast,pearl,cast pearl,100,1532,5.37,casting pearls,4.87,3,11,60.919,91.796,107.35,116.18,1,0,94,2
cast,people,cast people,100,3155,2.39,cast people,4.82,4,11,190.25,264.24,315.17,343.14,1,0,94,39
cast,piece,cast piece,100,1768,3.64,piece is cast,4.14,13,11,236.3,331.62,361.88,377.98,1,0,94,26
cast,plaster,cast plaster,100,1711,5.56,a plaster cast of,4.59,5,11,67.476,97.817,111.65,122.73,1,0,94,1
cast,player,cast player,100,1489,3.25,casts players,4.15,5,11,226.69,338.56,382.77,407.1,1,0,94,13
cast,process,cast process,100,4282,4.19,the casting process,2.93,6,11,219.57,309.68,362.4,391.04,1,0,94,24
cast,product,cast product,100,1148,2.35,casting products,4.17,6,11,227.73,323.72,365.31,390.22,1,0,94,15
cast,ray,cast ray,100,1793,5.51,cast a ray,3.57,7,11,113.39,158.43,175.71,184.71,1,0,94,3
cast,reflection,cast reflection,100,2055,5.42,cast a reflection,3.29,8,11,151.66,214.63,236.08,247.45,1,0,94,2
cast,rod,cast rod,100,2572,5.83,casting rod,4.43,6,11,88.919,136.21,158.78,172.54,1,0,94,3
cast,role,cast role,100,2746,3.72,casting the role,2.19,4,11,246.23,352.95,394.79,417.68,1,0,94,6
cast,sculpture,cast sculpture,100,1237,4.88,sculpture was cast,4.79,2,11,127.55,191.16,224.43,247.54,1,0,94,1
cast,shade,cast shade,100,2452,5.75,cast shade,3.38,8,11,75.902,132.13,154.85,166.31,1,0,94,2
cast,shadow,cast shadow,100,65926,10.51,cast a shadow,4.54,9,11,136.51,200.2,223.91,235.43,1,0,94,5
cast,show,cast show,100,1429,3.56,cast the show,3.97,4,11,226.11,322.61,364.16,391.95,1,0,94,8
cast,skill,cast skill,100,1179,2.98,casting skills,2.17,2,11,158.2,237.46,270.14,289.39,1,0,94,10
cast,spell,cast spell,100,90464,10.88,cast a spell,3.32,4,11,120.98,176.92,199.04,209.58,1,0,94,5
cast,spotlight,cast spotlight,100,2246,5.83,cast a spotlight on,4.63,2,11,82.935,119.37,131.47,136.9,1,0,94,1
cast,star,cast star,100,1945,4.76,star cast of,4.69,8,11,232.29,333.61,372.01,391.88,1,0,94,3
cast,stone,cast stone,100,7823,7.07,cast the first stone,4.72,13,11,159.19,242.89,279.87,302.48,1,0,94,11
cast,suspicion,cast suspicion,100,2462,5.89,cast suspicion on,1.62,4,11,111.83,160.77,181.01,193.81,1,0,94,4
cast,technique,cast technique,100,1301,3.62,casting techniques,2.4,2,11,168.57,286.63,336.55,366.47,1,0,94,5
cast,thing,cast thing,100,1123,1.04,cast things,3.17,12,11,143.55,268.8,339.04,370.97,1,0,94,51
cast,time,cast time,100,3250,2.06,casting time,3.07,10,11,273.83,408.51,469.17,512.74,1,0,94,50
cast,type,cast type,100,1973,3.52,type cast,3.3,6,11,226.92,328.99,379.79,411.33,1,0,94,5
cast,vision,cast vision,100,2239,4.98,cast a vision,3.39,5,11,168.58,240.77,273.17,291.0,1,0,94,3
cast,voice,cast voice,100,1979,4.36,the voice cast,4.13,11,11,221.3,316.55,353.41,375.5,1,0,94,8
cast,vote,cast vote,100,132869,10.79,votes cast,3.85,5,11,134.11,201.51,233.78,251.74,1,0,94,3
cast,way,cast way,100,1218,1.03,cast his way,2.34,12,11,244.04,355.4,397.34,421.07,1,0,94,38
cast,wheel,cast wheel,100,1452,4.59,cast aluminum wheels,4.86,7,11,146.0,205.63,231.03,249.6,1,0,94,8
cast,woman,cast woman,100,2131,3.51,cast women,4.46,4,11,176.89,278.3,349.75,390.06,1,0,94,19
cast,work,cast work,100,1295,1.84,casting work,3.48,7,11,272.87,386.54,424.55,447.82,1,0,94,22
catch,action,catch action,100,3522,4.05,catch the action,2.86,10,29,202.3,294.93,326.83,343.62,1,0,89,13
catch,animal,catch animal,100,5030,5.3,animals caught,4.61,1,29,176.69,244.8,282.95,316.08,1,0,89,7
catch,arm,catch arm,100,3460,4.71,caught his arm,4.96,6,29,180.22,255.25,290.97,315.14,1,0,89,21
catch,attention,catch attention,100,133801,9.32,caught my attention,2.3,6,29,133.07,191.66,213.39,223.75,1,0,89,7
catch,ball,catch ball,100,36304,8.0,catch the ball,5.0,12,29,152.85,224.94,253.8,268.96,1,0,89,26
catch,bass,catch bass,100,14697,7.37,catch bass,4.31,8,29,102.32,185.37,230.96,263.88,1,0,89,2
catch,bird,catch bird,100,6348,5.87,catch birds,5.0,5,29,162.5,229.93,254.59,273.45,1,0,89,3
catch,bit,catch bit,100,5641,4.25,caught a bit,3.27,11,29,192.43,300.42,350.38,380.06,1,0,89,29
catch,boat,catch boat,100,4214,5.23,catch a boat,4.93,2,29,139.06,231.66,280.03,308.1,1,0,89,11
catch,break,catch break,100,14025,6.96,catch a break,3.71,16,29,173.86,241.42,269.51,284.27,1,0,89,1
catch,breath,catch breath,100,59546,9.16,catch his breath,4.36,5,29,72.307,105.92,123.28,131.92,1,0,89,4
catch,bug,catch bug,100,12224,6.85,caught the bug,5.0,5,29,90.702,134.72,154.59,166.79,1,0,89,6
catch,bus,catch bus,100,25647,7.98,catch a bus,4.9,4,29,111.04,188.77,224.5,248.99,1,0,89,3
catch,cheating,catch cheating,100,5387,6.0,caught cheating,2.5,1,29,40.626,61.095,72.313,78.944,1,0,89,1
catch,child,catch child,100,4970,4.0,children caught,4.78,4,29,201.04,295.22,346.37,384.22,1,0,89,21
catch,cold,catch cold,100,12019,7.09,catch a cold,3.85,3,29,76.31,108.95,120.21,125.42,1,0,89,3
catch,couple,catch couple,100,5153,5.09,caught a couple of,3.93,5,29,182.09,258.84,294.35,314.51,1,0,89,8
catch,criminal,catch criminal,100,6220,6.1,catch criminals,3.48,1,29,82.196,117.73,136.68,150.01,1,0,89,3
catch,day,catch day,100,4109,3.44,caught that day,3.92,10,29,202.17,322.8,424.94,489.25,1,0,89,31
catch,disease,catch disease,100,8592,6.07,caught the disease,3.45,1,29,102.9,195.33,244.79,273.82,1,0,89,7
catch,drift,catch drift,100,6070,6.16,if you catch my drift,3.07,7,29,68.244,96.182,105.91,111.14,1,0,89,1
catch,ear,catch ear,100,6750,6.11,caught my ear,5.0,5,29,96.208,155.07,189.7,219.75,1,0,89,8
catch,end,catch end,100,6312,5.33,caught the end,3.14,14,29,214.61,386.98,458.38,496.15,1,0,89,9
catch,episode,catch episode,100,4167,5.23,caught an episode,3.22,4,29,197.87,272.62,304.42,327.09,1,0,89,1
catch,error,catch error,100,11088,6.3,catch errors,2.68,7,29,127.5,191.5,215.85,231.26,1,0,89,2
catch,exception,catch exception,100,6787,5.94,catch the exception,1.85,3,29,246.11,352.32,390.19,411.94,1,0,89,2
catch,eye,catch eye,100,163400,9.67,caught my eye,4.9,5,29,206.15,312.42,361.23,392.48,1,0,89,19
catch,fancy,catch fancy,100,5610,6.05,caught the fancy,2.5,3,29,48.899,68.627,75.09,78.165,1,0,89,2
catch,ferry,catch ferry,100,6996,6.35,catch the ferry,4.83,2,29,107.18,161.4,185.5,200.21,1,0,89,1
catch,fever,catch fever,100,3784,5.43,caught the fever,3.27,2,29,75.87,105.53,122.56,134.4,1,0,89,1
catch,fire,catch fire,100,86164,9.4,caught fire,4.68,9,29,142.33,217.4,250.15,268.89,1,0,89,13
catch,fish,catch fish,100,111494,9.94,catch fish,5.0,4,29,164.99,237.0,271.35,292.14,1,0,89,9
catch,flight,catch flight,100,15627,7.15,catch a flight,3.9,9,29,182.89,267.28,302.48,324.32,1,0,89,3
catch,flu,catch flu,100,3820,5.48,caught the flu,3.65,1,29,39.344,59.197,76.02,87.314,1,0,89,2
catch,fly,catch fly,100,5093,5.85,catch more flies,4.64,5,29,91.278,126.82,143.84,154.57,1,0,89,5
catch,foot,catch foot,100,3886,4.74,foot caught,4.9,11,29,236.46,337.5,383.01,409.62,1,0,89,23
catch,game,catch game,100,9623,4.8,catch a game,4.5,11,29,197.97,310.04,362.54,399.13,1,0,89,35
catch,glimpse,catch glimpse,100,79113,9.72,catch a glimpse of,3.08,3,29,102.46,149.12,166.14,176.94,1,0,89,1
catch,guy,catch guy,100,8128,5.75,catch the bad guys,4.68,3,29,158.9,243.11,283.09,309.25,1,0,89,10
catch,hand,catch hand,100,5757,4.67,hand caught,4.72,14,29,269.2,382.64,427.86,454.46,1,0,89,33
catch,hold,catch hold,100,6106,6.0,caught hold of,3.68,9,29,96.787,132.44,144.65,150.31,1,0,89,1
catch,home,catch home,100,4713,3.92,catch a flight home,4.11,9,29,239.73,352.55,396.94,419.06,1,0,89,14
catch,imagination,catch imagination,100,6032,6.03,caught the imagination of,1.69,3,29,94.676,139.25,161.68,174.76,1,0,89,11
catch,insect,catch insect,100,4222,5.57,catch insects,4.89,2,29,93.102,139.59,164.13,183.68,1,0,89,3
catch,interest,catch interest,100,11480,5.81,caught my interest,1.8,7,29,176.83,268.45,304.88,322.86,1,0,89,14
catch,killer,catch killer,100,5934,6.03,catch the killer,3.31,4,29,89.912,141.67,168.5,186.35,1,0,89,1
catch,light,catch light,100,11115,6.02,catch the light,4.21,15,29,215.58,298.48,332.34,352.33,1,0,89,13
catch,limit,catch limit,100,4606,5.17,catch limits,2.28,6,29,166.96,240.9,272.83,290.23,1,0,89,7
catch,look,catch look,100,3986,4.29,caught the look,2.96,4,29,229.76,328.99,365.8,383.58,1,0,89,7
catch,lot,catch lot,100,12113,4.67,caught a lot of,3.7,7,29,144.92,243.93,294.05,322.54,1,0,89,34
catch,man,catch man,100,13328,5.42,man caught,4.79,11,29,192.73,336.5,412.7,455.21,1,0,89,37
catch,mistake,catch mistake,100,4726,5.2,catch mistakes,1.97,3,29,97.532,144.19,163.56,174.12,1,0,89,2
catch,moment,catch moment,100,5606,5.26,catch the moment,1.61,6,29,260.29,370.13,427.44,458.27,1,0,89,8
catch,mouse,catch mouse,100,4826,5.66,catch mice,4.83,4,29,91.12,153.4,180.52,195.16,1,0,89,2
catch,movie,catch movie,100,4613,4.99,catch a movie,4.59,1,29,131.6,261.96,330.13,368.81,1,0,89,3
catch,name,catch name,100,4369,3.81,catch the name,3.5,6,29,276.55,417.22,464.64,487.44,1,0,89,16
catch,number,catch number,100,5634,3.77,caught a number,3.3,11,29,198.05,280.36,322.92,351.63,1,0,89,36
catch,part,catch part,100,3627,2.77,caught part,3.29,12,29,237.04,382.12,430.05,454.33,1,0,89,30
catch,pass,catch pass,100,48338,8.89,caught a pass,2.71,17,29,137.75,207.72,239.64,258.53,1,0,89,5
catch,people,catch people,100,22597,5.12,people caught,4.82,4,29,190.25,264.24,315.17,343.14,1,0,89,39
catch,performance,catch performance,100,3746,4.36,catch a performance,3.04,5,29,226.31,347.54,398.8,425.5,1,0,89,7
catch,person,catch person,100,4344,4.27,person caught,4.72,3,29,154.72,265.14,314.69,341.74,1,0,89,9
catch,plane,catch plane,100,5225,5.7,to catch a plane,4.92,5,29,122.19,203.02,246.61,272.63,1,0,89,5
catch,prey,catch prey,100,7904,6.48,catch prey,3.61,2,29,82.153,114.43,128.02,136.59,1,0,89,4
catch,problem,catch problem,100,5269,3.65,catch problems,2.68,3,29,202.61,312.71,353.01,375.03,1,0,89,16
catch,ray,catch ray,100,4514,5.7,catch some rays,3.57,7,29,113.39,158.43,175.71,184.71,1,0,89,3
catch,red,catch red,100,3523,5.29,caught red handed,4.24,4,29,101.33,168.88,202.71,219.74,1,0,89,1
catch,ride,catch ride,100,7802,6.22,catch a ride,3.75,2,29,139.37,215.01,251.28,269.31,1,0,89,2
catch,salmon,catch salmon,100,6641,6.25,salmon caught,4.81,4,29,80.037,118.89,146.05,164.95,1,0,89,2
catch,scent,catch scent,100,4845,5.78,caught the scent,3.97,3,29,56.959,104.96,132.84,147.96,1,0,89,2
catch,shark,catch shark,100,4717,5.76,sharks caught,4.93,3,29,54.947,85.485,109.21,125.97,1,0,89,1
catch,show,catch show,100,10802,6.0,catch a show,3.97,4,29,226.11,322.61,364.16,391.95,1,0,89,8
catch,sight,catch sight,100,41000,8.63,caught sight of,3.21,7,29,155.72,232.51,259.24,272.41,1,0,89,1
catch,sun,catch sun,100,4585,5.58,catch the sun,4.83,5,29,145.69,237.96,274.94,296.31,1,0,89,3
catch,thief,catch thief,100,7544,6.44,Catch a Thief,4.37,1,29,64.532,102.13,125.39,141.42,1,0,89,2
catch,thing,catch thing,100,6316,3.42,catch things,3.17,12,29,143.55,268.8,339.04,370.97,1,0,89,51
catch,time,catch time,100,6239,2.91,time caught,3.07,10,29,273.83,408.51,469.17,512.74,1,0,89,50
catch,touchdown,catch touchdown,100,4406,5.65,caught a touchdown,3.88,2,29,63.201,102.35,128.33,145.32,1,0,89,2
catch,train,catch train,100,24537,7.85,catch the train,4.79,6,29,121.44,220.88,261.82,285.37,1,0,89,3
catch,trout,catch trout,100,11342,7.07,catch trout,4.72,2,29,50.011,80.78,101.09,114.87,1,0,89,2
catch,view,catch view,100,3617,4.27,catch a view,3.21,10,29,225.92,335.06,380.85,402.91,1,0,89,14
catch,virus,catch virus,100,10202,6.66,catching the virus,3.48,3,29,98.597,163.57,194.16,213.12,1,0,89,9
catch,water,catch water,100,4375,4.41,catch the water,5.0,6,29,232.15,324.2,362.8,390.59,1,0,89,24
catch,wave,catch wave,100,13555,6.97,catch a wave,4.55,9,29,166.5,236.93,267.61,282.94,1,0,89,11
catch,whiff,catch whiff,100,4657,5.8,caught a whiff of,2.77,3,29,51.292,75.132,87.445,94.795,1,0,89,1
catch,wind,catch wind,100,15720,7.33,caught wind of,3.93,8,29,123.81,194.16,227.53,249.12,1,0,89,6
catch,woman,catch woman,100,7208,4.94,woman caught in,4.46,4,29,176.89,278.3,349.75,390.06,1,0,89,19
catch,word,catch word,100,5869,4.56,catch the words,3.56,10,29,247.83,371.55,418.36,446.17,1,0,89,25
catch,year,catch year,100,3733,2.89,caught each year,3.25,4,29,119.49,308.84,424.66,500.24,1,0,89,26
chase,animal,chase animal,100,1749,4.93,chasing animals,4.61,1,4,176.69,244.8,282.95,316.08,1,0,94,7
chase,ball,chase ball,100,7917,6.8,chasing the ball,5.0,12,4,152.85,224.94,253.8,268.96,1,0,94,26
chase,bear,chase bear,100,660,5.04,chase the bear,4.88,2,4,67.544,110.51,139.0,156.93,1,0,94,2
chase,bird,chase bird,100,2462,6.04,chasing birds,5.0,5,4,162.5,229.93,254.59,273.45,1,0,94,3
chase,boy,chase boy,100,1505,4.74,chasing boys,4.76,4,4,118.02,242.69,304.06,336.23,1,0,94,7
chase,bug,chase bug,100,887,4.63,chasing bugs,5.0,5,4,90.702,134.72,154.59,166.79,1,0,94,6
chase,butterfly,chase butterfly,100,1605,6.7,chasing butterflies,4.93,2,4,75.459,108.66,124.58,134.18,1,0,94,1
chase,car,chase car,100,3517,4.69,chasing cars,4.89,5,4,146.58,271.86,328.14,362.93,1,0,94,26
chase,cat,chase cat,100,3531,6.77,chase cats,4.86,8,4,96.279,168.48,214.51,248.96,1,0,94,4
chase,championship,chase championship,100,770,4.71,chasing a championship,3.23,3,4,86.835,171.28,214.66,248.68,1,0,94,4
chase,chicken,chase chicken,100,978,5.3,chasing chickens,4.8,4,4,102.6,152.44,182.3,206.4,1,0,94,1
chase,child,chase child,100,1191,2.32,chasing children,4.78,4,4,201.04,295.22,346.37,384.22,1,0,94,21
chase,cow,chase cow,100,630,4.98,chasing cows,4.96,3,4,50.067,100.92,134.88,157.26,1,0,94,1
chase,criminal,chase criminal,100,938,5.55,chasing criminals,3.48,1,4,82.196,117.73,136.68,150.01,1,0,94,3
chase,customer,chase customer,100,679,2.92,chasing customers,3.82,1,4,113.93,195.73,240.52,265.35,1,0,94,6
chase,deal,chase deal,100,745,2.82,chasing deals,3.1,9,4,162.55,254.97,291.8,311.14,1,0,94,10
chase,deer,chase deer,100,1385,6.39,chasing deer,4.86,1,4,74.207,110.56,129.71,144.34,1,0,94,2
chase,dog,chase dog,100,2427,5.26,chasing the dog,4.85,7,4,104.88,197.0,248.38,285.38,1,0,94,10
chase,dollar,chase dollar,100,1122,4.89,chasing the dollar,4.93,4,4,87.287,142.98,187.37,227.38,1,0,94,6
chase,dragon,chase dragon,100,1118,5.95,chasing the dragon,4.39,4,4,88.263,133.52,158.8,175.7,1,0,94,3
chase,dream,chase dream,100,15269,8.24,chase their dreams,2.6,6,4,147.1,213.55,239.31,254.22,1,0,94,8
chase,enemy,chase enemy,100,931,4.45,chasing the enemy,2.83,4,4,148.22,227.71,259.5,276.9,1,0,94,13
chase,female,chase female,100,788,5.2,chasing females,4.57,2,4,76.77,148.18,174.75,188.21,1,0,94,1
chase,fish,chase fish,100,1985,5.52,chasing fish,5.0,4,4,164.99,237.0,271.35,292.14,1,0,94,9
chase,fox,chase fox,100,972,6.06,chasing a fox,4.97,7,4,129.66,181.38,197.35,205.24,1,0,94,1
chase,game,chase game,100,2936,3.42,chasing the game,4.5,11,4,197.97,310.04,362.54,399.13,1,0,94,35
chase,ghost,chase ghost,100,2141,6.82,chasing ghosts,3.19,4,4,109.59,160.29,183.87,196.25,1,0,94,1
chase,girl,chase girl,100,2997,5.17,chasing girls,4.85,5,4,134.18,267.25,335.11,371.05,1,0,94,7
chase,goal,chase goal,100,1876,3.89,chasing a goal,3.06,4,4,186.1,266.96,303.41,324.86,1,0,94,6
chase,good,chase good,100,990,4.42,too much money chasing too few goods,1.64,4,4,79.783,116.22,127.81,133.23,1,0,94,3
chase,goose,chase goose,100,609,5.45,chasing geese,4.81,3,4,39.698,77.364,98.012,109.55,1,0,94,1
chase,group,chase group,100,1969,3.48,the chasing group,4.12,3,4,225.61,346.48,394.01,420.34,1,0,94,12
chase,guy,chase guy,100,2472,4.94,chasing bad guys,4.68,3,4,158.9,243.11,283.09,309.25,1,0,94,10
chase,home,chase home,100,762,1.66,chased home,4.11,9,4,239.73,352.55,396.94,419.06,1,0,94,14
chase,horse,chase horse,100,707,4.08,chasing horses,5.0,5,4,142.0,208.53,244.99,274.44,1,0,94,4
chase,idea,chase idea,100,773,1.67,chasing ideas,1.61,5,4,186.11,292.47,339.77,365.76,1,0,94,31
chase,job,chase job,100,659,1.64,chasing jobs,3.19,13,4,150.01,217.49,243.64,255.31,1,0,94,8
chase,kid,chase kid,100,1913,4.49,chasing kids,4.56,5,4,142.79,214.98,258.8,288.66,1,0,94,11
chase,lead,chase lead,100,1087,4.4,chasing leads,4.1,17,4,130.35,191.55,218.52,233.44,1,0,94,9
chase,leader,chase leader,100,886,3.42,chased leaders,3.89,2,4,205.5,301.95,348.11,378.65,1,0,94,4
chase,light,chase light,100,1355,3.75,chasing the light,4.21,15,4,215.58,298.48,332.34,352.33,1,0,94,13
chase,loss,chase loss,100,834,3.45,chasing losses,2.19,8,4,224.78,325.17,364.27,385.08,1,0,94,9
chase,man,chase man,100,3685,3.95,chased the man,4.79,11,4,192.73,336.5,412.7,455.21,1,0,94,37
chase,market,chase market,100,1159,3.55,chasing the market,4.7,5,4,166.28,245.6,289.22,311.24,1,0,94,22
chase,money,chase money,100,2480,3.51,chasing money,4.54,3,4,103.44,164.62,189.47,205.68,1,0,94,15
chase,mouse,chase mouse,100,1185,5.57,chasing a mouse,4.83,4,4,91.12,153.4,180.52,195.16,1,0,94,2
chase,number,chase number,100,1040,1.6,chasing numbers,3.3,11,4,198.05,280.36,322.92,351.63,1,0,94,36
chase,opportunity,chase opportunity,100,953,2.14,chasing opportunities,1.88,1,4,136.89,208.1,236.58,250.98,1,0,94,10
chase,pack,chase pack,100,3452,7.03,the chasing pack,3.83,9,4,126.47,176.74,193.86,203.6,1,0,94,1
chase,payment,chase payment,100,850,3.74,chasing payments,3.91,3,4,96.859,166.16,199.73,223.52,1,0,94,5
chase,people,chase people,100,4144,2.85,chasing people,4.82,4,4,190.25,264.24,315.17,343.14,1,0,94,39
chase,person,chase person,100,662,2.11,person being chased,4.72,3,4,154.72,265.14,314.69,341.74,1,0,94,9
chase,pitch,chase pitch,100,605,4.7,chase pitches,4.0,10,4,146.78,205.88,229.23,240.91,1,0,94,3
chase,player,chase player,100,1423,3.42,chase the player,4.15,5,4,226.69,338.56,382.77,407.1,1,0,94,13
chase,point,chase point,100,843,1.7,chasing points,3.39,26,4,249.95,349.67,391.1,417.02,1,0,94,21
chase,prey,chase prey,100,1464,6.38,chasing prey,3.61,2,4,82.153,114.43,128.02,136.59,1,0,94,4
chase,price,chase price,100,632,2.48,chase prices,3.63,7,4,150.25,226.12,259.48,280.51,1,0,94,14
chase,problem,chase problem,100,724,1.04,chasing problems,2.68,3,4,202.61,312.71,353.01,375.03,1,0,94,16
chase,profit,chase profit,100,663,3.97,chasing profits,3.07,2,4,59.81,135.58,177.33,201.82,1,0,94,9
chase,rabbit,chase rabbit,100,2926,7.49,chasing rabbits,4.93,3,4,55.642,98.494,133.14,155.0,1,0,94,1
chase,rainbow,chase rainbow,100,1575,6.84,Chasing Rainbows,4.57,2,4,62.816,94.963,107.5,114.26,1,0,94,1
chase,record,chase record,100,942,2.96,chasing a record,4.15,8,4,188.53,270.23,302.1,318.6,1,0,94,14
chase,return,chase return,100,1018,4.11,chasing returns,2.97,13,4,262.32,367.67,405.79,426.77,1,0,94,2
chase,run,chase run,100,685,3.71,chasing runs,4.31,16,4,183.39,258.97,292.47,315.05,1,0,94,5
chase,score,chase score,100,786,3.88,chasing high scores,3.38,11,4,167.83,233.52,262.1,278.42,1,0,94,6
chase,shadow,chase shadow,100,2913,7.04,chasing shadows,4.54,9,4,136.51,200.2,223.91,235.43,1,0,94,5
chase,sheep,chase sheep,100,668,5.23,chasing sheep,4.9,3,4,52.739,107.38,151.19,176.48,1,0,94,1
chase,ship,chase ship,100,707,3.75,chased the ship,4.87,1,4,128.34,250.17,304.84,346.07,1,0,94,15
chase,squirrel,chase squirrel,100,2135,7.26,chasing squirrels,4.89,2,4,46.137,68.784,84.464,96.341,1,0,94,1
chase,stock,chase stock,100,662,3.89,chasing stocks,4.19,17,4,126.63,186.3,217.83,237.29,1,0,94,7
chase,storm,chase storm,100,1649,6.22,was used to chase the storms,4.7,3,4,113.46,178.08,210.12,230.75,1,0,94,5
chase,story,chase story,100,1392,2.58,chasing stories,3.3,6,4,197.18,328.22,376.06,402.62,1,0,94,28
chase,success,chase success,100,754,3.27,chasing success,2.21,4,4,194.18,295.66,331.23,349.41,1,0,94,5
chase,sun,chase sun,100,918,5.18,chasing the sun,4.83,5,4,145.69,237.96,274.94,296.31,1,0,94,3
chase,suspect,chase suspect,100,1453,6.06,chasing a suspect,2.59,2,4,88.7,130.06,150.72,164.41,1,0,94,1
chase,tail,chase tail,100,7173,8.46,chasing its tail,4.96,8,4,108.95,165.48,193.88,214.43,1,0,94,7
chase,target,chase target,100,3543,5.89,chasing a target,4.11,5,4,165.15,233.33,258.47,270.78,1,0,94,6
chase,team,chase team,100,726,1.95,chasing team,3.79,2,4,204.37,328.15,369.37,388.62,1,0,94,22
chase,thief,chase thief,100,779,5.59,chasing a thief,4.37,1,4,64.532,102.13,125.39,141.42,1,0,94,2
chase,thing,chase thing,100,2081,2.0,chasing things,3.17,12,4,143.55,268.8,339.04,370.97,1,0,94,51
chase,time,chase time,100,946,0.32,chasing time,3.07,10,4,273.83,408.51,469.17,512.74,1,0,94,50
chase,title,chase title,100,1994,4.59,chasing the title,3.32,10,4,204.83,284.61,311.28,324.35,1,0,94,10
chase,total,chase total,100,906,4.51,chasing a total,2.8,2,4,133.07,201.04,230.78,249.92,1,0,94,3
chase,toy,chase toy,100,615,4.66,chasing toys,4.93,5,4,103.54,153.05,177.64,191.24,1,0,94,2
chase,train,chase train,100,712,4.33,chasing trains,4.79,6,4,121.44,220.88,261.82,285.37,1,0,94,3
chase,trend,chase trend,100,1143,4.42,chasing trends,2.42,4,4,152.45,216.03,241.24,254.47,1,0,94,5
chase,truck,chase truck,100,686,4.36,chasing the truck,4.84,2,4,111.64,174.34,208.56,235.87,1,0,94,5
chase,vehicle,chase vehicle,100,731,3.27,chased the vehicle,4.64,4,4,135.77,243.43,288.48,318.05,1,0,94,14
chase,victory,chase victory,100,623,4.1,chasing victory,2.55,1,4,205.23,323.57,386.01,422.35,1,0,94,5
chase,wave,chase wave,100,612,4.03,chasing waves,4.55,9,4,166.5,236.93,267.61,282.94,1,0,94,11
chase,win,chase win,100,1181,5.01,chasing a win,2.67,2,4,115.99,164.48,188.7,203.28,1,0,94,5
chase,wind,chase wind,100,605,4.48,chasing the wind,3.93,8,4,123.81,194.16,227.53,249.12,1,0,94,6
chase,woman,chase woman,100,3279,4.33,chasing women,4.46,4,4,176.89,278.3,349.75,390.06,1,0,94,19
chase,yield,chase yield,100,817,5.26,chasing yield,2.93,4,4,73.591,114.42,130.2,138.9,1,0,94,2
close,account,close account,100,27486,7.32,close the account,3.08,10,17,210.91,294.5,321.83,335.52,1,0,92,9
close,airport,close airport,100,4703,5.52,airport was closed,4.87,1,17,197.83,284.27,324.24,346.39,1,0,92,1
close,application,close application,100,8194,5.23,close the application,3.4,7,17,197.63,277.64,315.37,336.82,1,0,92,8
close,area,close area,100,10421,5.08,area is closed,3.72,6,17,263.68,404.24,463.02,501.91,1,0,92,24
close,argument,close argument,100,10069,6.11,closing arguments,2.85,7,17,207.97,293.58,327.55,347.58,1,0,92,5
close,bar,close bar,100,5062,5.29,closing bars,4.67,15,17,175.66,275.99,320.38,342.98,1,0,92,7
close,book,close book,100,21220,6.16,close the book,4.9,11,17,222.59,338.67,394.89,426.22,1,0,92,15
close,border,close border,100,24149,7.75,closed its borders,4.29,5,17,203.76,307.74,355.31,380.04,1,0,92,3
close,box,close box,100,7157,5.61,close the dialog box,4.9,10,17,185.98,265.79,297.28,315.78,1,0,92,8
close,branch,close branch,100,4869,5.41,branch was closed,4.9,6,17,219.89,313.19,345.27,359.23,1,0,92,7
close,bridge,close bridge,100,4902,5.38,bridge was closed,4.97,9,17,213.38,308.7,348.37,371.78,1,0,92,4
close,browser,close browser,100,8894,6.38,close your browser,4.26,2,17,80.55,121.68,140.14,152.04,1,0,92,3
close,building,close building,100,7837,5.49,building was closed,4.64,4,17,193.2,298.76,338.74,361.38,1,0,92,10
close,business,close business,100,18484,6.13,businesses are closed,3.28,9,17,153.74,238.14,275.17,295.29,1,0,92,18
close,case,close case,100,27515,6.46,case is closed,3.93,20,17,282.91,389.36,429.99,455.63,1,0,92,16
close,center,close center,100,5879,5.45,center is closed,3.85,18,17,222.58,319.74,360.42,387.56,1,0,92,5
close,ceremony,close ceremony,100,11297,6.66,the closing ceremony of,3.57,3,17,140.71,210.98,242.67,265.07,1,0,92,2
close,chapter,close chapter,100,9557,6.33,close this chapter,3.43,5,17,155.11,225.19,251.91,269.33,1,0,92,2
close,church,close church,100,5971,5.42,church was closed,4.9,4,17,201.2,314.22,372.83,407.26,1,0,92,5
close,comment,close comment,100,14946,6.46,Comments are closed,3.29,3,17,189.26,301.09,350.85,380.78,1,0,92,7
close,connection,close connection,100,12231,6.19,close the connection,3.0,9,17,212.19,336.16,390.35,421.85,1,0,92,8
close,curtain,close curtain,100,6558,6.05,close the curtains,4.82,2,17,81.741,118.09,134.17,143.92,1,0,92,2
close,day,close day,100,21565,5.79,closing days,3.92,10,17,202.17,322.8,424.94,489.25,1,0,92,31
close,deal,close deal,100,36852,7.61,close the deal,3.1,9,17,162.55,254.97,291.8,311.14,1,0,92,10
close,discussion,close discussion,100,5749,5.23,discussion is closed,3.07,2,17,180.21,295.44,351.36,377.72,1,0,92,11
close,distance,close distance,100,12377,6.52,close the distance,3.17,6,17,218.74,308.61,345.61,367.51,1,0,92,4
close,door,close door,100,217989,10.33,closed the door,4.81,5,17,145.33,240.25,284.65,309.98,1,0,92,14
close,event,close event,100,5707,4.47,closing event,2.69,4,17,226.3,317.53,360.62,385.59,1,0,92,19
close,eye,close eye,100,300152,10.47,closed his eyes,4.9,5,17,206.15,312.42,361.23,392.48,1,0,92,19
close,facility,close facility,100,13145,6.41,facilities are closed,3.58,5,17,217.82,304.92,336.69,359.59,1,0,92,4
close,factory,close factory,100,6890,6.01,factory was closed,4.76,1,17,159.34,242.73,282.93,304.22,1,0,92,3
close,file,close file,100,13875,5.96,close the file,4.41,4,17,161.95,238.97,274.76,297.38,1,0,92,9
close,friend,close friend,100,5459,4.68,to close friends,3.07,5,17,232.09,344.16,410.42,459.92,1,0,92,7
close,game,close game,100,8412,4.56,close the game,4.5,11,17,197.97,310.04,362.54,399.13,1,0,92,35
close,gap,close gap,100,134164,9.97,close the gap,3.92,6,17,154.55,217.65,259.81,292.68,1,0,92,2
close,gate,close gate,100,17150,7.33,close the gate,4.96,4,17,143.81,229.28,265.02,282.2,1,0,92,5
close,hand,close hand,100,5359,4.49,closed his hand,4.72,14,17,269.2,382.64,427.86,454.46,1,0,92,33
close,hole,close hole,100,6624,5.63,close the hole,4.81,8,17,152.7,225.93,256.73,271.99,1,0,92,7
close,investigation,close investigation,100,5814,5.53,closed its investigation,2.52,2,17,158.8,242.01,274.61,294.4,1,0,92,6
close,lane,close lane,100,5874,5.82,lanes are closed,4.66,2,17,192.77,292.09,329.2,353.14,1,0,92,1
close,library,close library,100,5383,5.45,library is closed,4.8,5,17,157.29,243.01,281.67,300.84,1,0,92,2
close,lid,close lid,100,13844,7.09,close the lid,4.96,3,17,71.621,108.58,125.09,133.81,1,0,92,3
close,line,close line,100,9439,5.23,line was closed,4.5,30,17,253.42,357.41,397.32,421.22,1,0,92,42
close,location,close location,100,6589,5.41,location is closed,3.0,4,17,241.48,345.63,390.45,413.51,1,0,92,4
close,loop,close loop,100,17158,7.32,close the loop,4.26,10,17,130.88,184.93,207.99,219.91,1,0,92,3
close,loophole,close loophole,100,21510,7.78,close loopholes,2.63,2,17,47.423,66.158,72.293,75.52,1,0,92,1
close,market,close market,100,8253,5.51,markets were closed,4.7,5,17,166.28,245.6,289.22,311.24,1,0,92,22
close,meeting,close meeting,100,7258,5.43,closed the meeting,3.31,6,17,187.96,302.34,360.58,392.52,1,0,92,5
close,mind,close mind,100,6042,5.25,close your mind,2.5,7,17,197.15,276.78,313.43,334.55,1,0,92,16
close,minute,close minute,100,5050,4.96,the closing minutes of the,3.04,6,17,175.94,339.53,403.99,438.57,1,0,92,5
close,month,close month,100,8773,5.47,closing months,4.2,2,17,94.313,297.21,413.99,491.18,1,0,92,2
close,mouth,close mouth,100,14112,6.98,closed his mouth,4.74,8,17,171.28,251.18,292.8,315.3,1,0,92,6
close,night,close night,100,6790,5.36,closing night,4.52,8,17,159.19,285.53,366.7,433.96,1,0,92,4
close,office,close office,100,26065,7.41,office is closed,4.93,7,17,209.75,315.09,351.98,376.55,1,0,92,4
close,operation,close operation,100,6099,5.15,closed operations,3.44,11,17,217.49,319.97,355.82,373.8,1,0,92,5
close,park,close park,100,7916,6.09,park is closed,4.74,6,17,234.99,342.22,387.32,417.93,1,0,92,2
close,place,close place,100,5437,3.68,place was closed,3.48,16,17,235.9,337.1,371.44,386.77,1,0,92,13
close,plant,close plant,100,13591,6.47,plant was closed,4.76,4,17,229.53,338.39,377.64,397.49,1,0,92,10
close,point,close point,100,5387,3.98,points are closed,3.39,26,17,249.95,349.67,391.1,417.02,1,0,92,21
close,port,close port,100,5245,5.52,port is closed,4.41,5,17,186.57,285.3,328.67,348.66,1,0,92,1
close,position,close position,100,7878,5.2,closed position,2.62,16,17,229.38,325.34,362.4,380.34,1,0,92,11
close,program,close program,100,11055,5.15,close the program,3.43,8,17,175.08,280.8,337.3,363.32,1,0,92,15
close,rank,close rank,100,6977,6.03,close ranks,2.86,5,17,147.83,212.01,238.09,250.3,1,0,92,2
close,registration,close registration,100,6364,5.89,Registration is closed,3.68,5,17,82.668,122.63,142.32,154.01,1,0,92,1
close,remark,close remark,100,5538,5.7,closing remarks,3.25,2,17,162.87,242.59,282.95,304.83,1,0,92,1
close,restaurant,close restaurant,100,9286,6.27,restaurant is closed,4.89,1,17,144.16,239.56,296.09,330.0,1,0,92,1
close,road,close road,100,20520,7.2,road was closed,4.75,2,17,236.91,405.38,498.87,551.42,1,0,92,9
close,sale,close sale,100,14188,6.61,close the sale,3.37,5,17,154.6,242.39,283.58,307.71,1,0,92,8
close,school,close school,100,48111,7.93,schools were closed,4.79,7,17,149.12,280.27,350.18,390.54,1,0,92,7
close,season,close season,100,9475,5.82,close the season,3.32,3,17,247.21,364.08,408.66,437.05,1,0,92,8
close,section,close section,100,5819,5.08,closing section,3.24,14,17,251.58,357.1,398.07,416.69,1,0,92,11
close,service,close service,100,5070,3.77,services are closed,2.21,15,17,200.41,284.58,315.39,332.94,1,0,92,18
close,session,close session,100,9962,6.12,closing session,2.58,4,17,181.47,258.85,293.65,312.46,1,0,92,3
close,set,close set,100,5152,4.77,closed the set,3.41,13,17,195.14,287.11,323.46,341.74,1,0,92,8
close,shop,close shop,100,18904,7.29,closed shop,4.31,3,17,129.27,236.72,294.88,326.85,1,0,92,1
close,show,close show,100,9362,5.7,close the show,3.97,4,17,226.11,322.61,364.16,391.95,1,0,92,8
close,site,close site,100,9518,5.32,site was closed,4.56,3,17,252.6,368.9,411.88,434.34,1,0,92,18
close,space,close space,100,5144,4.58,close the space,3.54,9,17,218.82,301.78,331.62,346.57,1,0,92,10
close,stage,close stage,100,8000,5.87,the closing stages of the,4.64,8,17,237.79,333.96,373.25,392.25,1,0,92,7
close,station,close station,100,11411,6.33,station was closed,4.32,5,17,219.1,332.06,378.41,407.53,1,0,92,5
close,store,close store,100,24768,7.56,stores were closed,4.5,4,17,136.84,239.74,294.45,326.11,1,0,92,4
close,street,close street,100,6338,5.73,streets are closed,4.75,5,17,210.91,358.32,436.14,479.66,1,0,92,4
close,system,close system,100,7510,4.18,closed system,2.94,9,17,223.61,330.78,374.49,401.55,1,0,92,36
close,tab,close tab,100,6861,6.0,close the tab,4.14,5,17,74.224,109.1,123.9,133.92,1,0,92,4
close,thing,close thing,100,4752,2.98,close things,3.17,12,17,143.55,268.8,339.04,370.97,1,0,92,51
close,thread,close thread,100,7165,5.83,close this thread,4.83,4,17,107.65,151.12,168.96,178.79,1,0,92,9
close,time,close time,100,21892,4.71,closing time,3.07,10,17,273.83,408.51,469.17,512.74,1,0,92,50
close,transaction,close transaction,100,7111,5.93,close the transaction,2.9,1,17,121.16,170.53,187.84,198.86,1,0,92,1
close,valve,close valve,100,11704,6.81,close the valve,4.83,5,17,86.045,123.98,145.81,161.58,1,0,92,3
close,week,close week,100,14066,6.01,closed the week,3.48,3,17,117.72,290.99,387.43,468.98,1,0,92,7
close,window,close window,100,46496,8.25,close the window,4.86,8,17,140.8,244.66,291.16,317.16,1,0,92,15
close,year,close year,100,26003,5.65,closing years,3.25,4,17,119.49,308.84,424.66,500.24,1,0,92,26
cover,acre,cover acre,100,27779,6.93,acres covered,4.18,3,26,102.13,176.71,208.04,225.9,1,0,96,3
cover,activity,cover activity,100,16272,5.59,covers activities,2.72,6,26,227.17,320.91,359.98,381.47,1,0,96,10
cover,amount,cover amount,100,10564,4.88,cover the amount,2.74,4,26,171.9,263.47,299.86,323.81,1,0,96,19
cover,area,cover area,100,274562,9.33,covers an area,3.72,6,26,263.68,404.24,463.02,501.91,1,0,96,24
cover,art,cover art,100,15629,5.86,cover art,4.17,4,26,176.16,254.33,287.89,305.67,1,0,96,3
cover,aspect,cover aspect,100,73941,8.11,covering all aspects,1.82,5,26,198.61,282.3,321.48,346.47,1,0,96,3
cover,base,cover base,100,22887,6.46,bases covered,3.86,20,26,222.59,315.28,348.13,366.59,1,0,96,6
cover,basic,cover basic,100,22580,6.66,cover the basics,2.26,2,26,37.831,54.603,63.559,70.442,1,0,96,1
cover,body,cover body,100,40934,6.94,body covered,4.79,11,26,237.41,335.77,373.18,393.77,1,0,96,40
cover,bridge,cover bridge,100,11905,5.64,covered bridge,4.97,9,26,213.38,308.7,348.37,371.78,1,0,96,4
cover,case,cover case,100,20276,5.56,cover the case,3.93,20,26,282.91,389.36,429.99,455.63,1,0,96,16
cover,city,cover city,100,12036,5.37,covering cities,4.79,3,26,196.98,329.78,410.83,452.11,1,0,96,11
cover,concept,cover concept,100,14638,5.71,concepts covered,1.41,1,26,170.06,269.24,328.11,364.43,1,0,96,5
cover,cost,cover cost,100,200202,9.14,cover the cost,2.5,3,26,160.14,263.17,306.3,332.11,1,0,96,14
cover,country,cover country,100,21652,6.04,countries covered,4.17,5,26,173.56,276.1,341.96,389.05,1,0,96,12
cover,crop,cover crop,100,9521,5.35,cover crops,4.24,6,26,130.57,186.59,211.43,228.77,1,0,96,4
cover,damage,cover damage,100,16483,5.87,cover damage,3.2,5,26,121.1,174.66,199.52,213.38,1,0,96,3
cover,day,cover day,100,10856,4.41,days covered,3.92,10,26,202.17,322.8,424.94,489.25,1,0,96,31
cover,design,cover design,100,11170,5.21,cover design,3.27,7,26,235.93,343.99,390.64,412.09,1,0,96,5
cover,development,cover development,100,12460,5.36,covers the development,2.41,9,26,188.62,267.55,302.33,321.56,1,0,96,9
cover,distance,cover distance,100,38223,7.23,distance covered,3.17,6,26,218.74,308.61,345.61,367.51,1,0,96,4
cover,ear,cover ear,100,12916,5.81,cover your ears,5.0,5,26,96.208,155.07,189.7,219.75,1,0,96,8
cover,employee,cover employee,100,19546,6.15,employees covered,4.1,1,26,152.85,240.45,278.26,299.7,1,0,96,2
cover,entity,cover entity,100,15150,6.01,covered entity,2.68,1,26,153.69,216.51,237.52,248.0,1,0,96,1
cover,event,cover event,100,42165,6.8,cover the event,2.69,4,26,226.3,317.53,360.62,385.59,1,0,96,19
cover,expense,cover expense,100,58741,7.94,cover expenses,2.57,3,26,166.21,247.22,277.52,295.84,1,0,96,5
cover,eye,cover eye,100,24667,6.22,covered his eyes,4.9,5,26,206.15,312.42,361.23,392.48,1,0,96,19
cover,face,cover face,100,55326,7.66,face covered,4.87,13,26,234.58,343.73,395.03,428.46,1,0,96,15
cover,fee,cover fee,100,17412,6.03,cover fees,3.89,2,26,89.395,148.43,179.66,202.54,1,0,96,6
cover,field,cover field,100,18306,6.01,field covered,4.26,17,26,244.0,344.01,383.08,400.82,1,0,96,12
cover,floor,cover floor,100,20695,6.44,floor was covered,4.8,10,26,175.64,276.15,320.45,350.82,1,0,96,8
cover,foot,cover foot,100,11727,5.4,feet covered,4.9,11,26,236.46,337.5,383.01,409.62,1,0,96,23
cover,game,cover game,100,11749,4.62,covering the game,4.5,11,26,197.97,310.04,362.54,399.13,1,0,96,35
cover,ground,cover ground,100,43449,7.37,cover the ground,4.77,11,26,207.06,291.84,324.49,350.64,1,0,96,13
cover,half,cover half,100,11051,5.54,cover half,3.27,2,26,173.32,284.54,329.41,354.84,1,0,96,3
cover,hand,cover hand,100,10357,4.85,hands covered,4.72,14,26,269.2,382.64,427.86,454.46,1,0,96,33
cover,head,cover head,100,29652,6.51,head covered,4.75,33,26,299.95,421.51,474.88,503.64,1,0,96,28
cover,history,cover history,100,18875,5.95,covers the history,2.96,5,26,244.12,342.42,382.02,402.74,1,0,96,9
cover,hole,cover hole,100,11185,5.46,cover the hole,4.81,8,26,152.7,225.93,256.73,271.99,1,0,96,7
cover,information,cover information,100,15584,4.78,information covered,2.87,5,26,188.65,292.02,342.92,373.06,1,0,96,17
cover,issue,cover issue,100,57132,6.88,issues covered,2.37,11,26,174.52,308.87,366.65,399.06,1,0,96,16
cover,item,cover item,100,12542,5.3,items covered,4.41,5,26,197.78,301.7,343.31,365.49,1,0,96,15
cover,land,cover land,100,14142,5.64,land covered,4.57,11,26,211.49,302.04,339.59,359.75,1,0,96,10
cover,letter,cover letter,100,41128,7.12,cover letter,4.7,5,26,200.25,296.12,337.49,359.86,1,0,96,7
cover,loss,cover loss,100,23829,6.41,cover losses,2.19,8,26,224.78,325.17,364.27,385.08,1,0,96,9
cover,lot,cover lot,100,37396,5.94,covers a lot of,3.7,7,26,144.92,243.93,294.05,322.54,1,0,96,34
cover,market,cover market,100,14643,5.6,market covered,4.7,5,26,166.28,245.6,289.22,311.24,1,0,96,22
cover,material,cover material,100,29669,6.44,material covered,4.26,5,26,225.35,316.51,351.27,369.43,1,0,96,25
cover,matter,cover matter,100,12425,5.37,matters covered,3.54,6,26,187.88,297.05,343.44,366.56,1,0,96,3
cover,mile,cover mile,100,37843,7.16,miles covered,3.63,8,26,139.01,269.39,338.98,374.99,1,0,96,5
cover,mouth,cover mouth,100,23579,6.67,covered her mouth,4.74,8,26,171.28,251.18,292.8,315.3,1,0,96,6
cover,need,cover need,100,18502,5.56,cover the needs,1.69,4,26,166.74,256.31,305.55,332.02,1,0,96,4
cover,news,cover news,100,17542,5.98,covering news,3.41,5,26,147.99,211.63,237.7,252.17,1,0,96,11
cover,number,cover number,100,19814,5.18,covers a number,3.3,11,26,198.05,280.36,322.92,351.63,1,0,96,36
cover,part,cover part,100,46959,6.14,cover part,3.29,12,26,237.04,382.12,430.05,454.33,1,0,96,30
cover,patio,cover patio,100,9982,5.52,covered patio,4.89,1,26,55.951,94.444,108.04,116.3,1,0,96,1
cover,people,cover people,100,15506,4.31,people covered,4.82,4,26,190.25,264.24,315.17,343.14,1,0,96,39
cover,percent,cover percent,100,14131,5.7,cover 100 percent,2.7,1,26,113.95,205.55,248.78,272.82,1,0,96,4
cover,period,cover period,100,73125,8.08,period covered,3.31,7,26,233.95,381.25,450.75,492.09,1,0,96,3
cover,point,cover point,100,20763,5.49,covered the point,3.39,26,26,249.95,349.67,391.1,417.02,1,0,96,21
cover,portion,cover portion,100,16528,6.06,cover a portion,3.78,7,26,178.36,255.0,285.28,300.93,1,0,96,5
cover,process,cover process,100,10368,4.65,covers the process,2.93,6,26,219.57,309.68,362.4,391.04,1,0,96,24
cover,product,cover product,100,15360,5.24,products covered,4.17,6,26,227.73,323.72,365.31,390.22,1,0,96,15
cover,range,cover range,100,136576,8.75,cover a wide range,3.22,9,26,198.81,309.84,356.99,380.7,1,0,96,6
cover,region,cover region,100,20335,6.33,region covered,3.19,5,26,226.7,354.01,422.65,462.14,1,0,96,5
cover,requirement,cover requirement,100,12476,5.32,covers the requirements,2.52,3,26,141.49,230.53,276.57,301.95,1,0,96,6
cover,risk,cover risk,100,9585,4.82,cover the risk,1.63,4,26,160.87,238.64,275.56,297.22,1,0,96,11
cover,section,cover section,100,9762,5.06,section covered,3.24,14,26,251.58,357.1,398.07,416.69,1,0,96,11
cover,service,cover service,100,29792,5.92,services covered,2.21,15,26,200.41,284.58,315.39,332.94,1,0,96,18
cover,side,cover side,100,14805,5.7,cover both sides,3.68,12,26,242.69,366.37,436.59,477.44,1,0,96,25
cover,site,cover site,100,9811,4.77,site is covered,4.56,3,26,252.6,368.9,411.88,434.34,1,0,96,18
cover,situation,cover situation,100,11477,5.31,cover situations,2.03,5,26,186.49,274.89,314.53,332.46,1,0,96,5
cover,song,cover song,100,26586,6.42,covered the song,4.46,6,26,201.8,327.69,394.38,431.11,1,0,96,8
cover,space,cover space,100,14149,5.4,space covered,3.54,9,26,218.82,301.78,331.62,346.57,1,0,96,10
cover,spectrum,cover spectrum,100,22044,6.63,covers a broad spectrum,2.97,2,26,125.75,174.89,193.29,202.46,1,0,96,1
cover,spread,cover spread,100,10106,5.45,cover the spread,3.68,10,26,155.07,219.2,240.74,250.44,1,0,96,2
cover,state,cover state,100,13483,5.37,states covered,3.52,8,26,191.75,277.34,313.22,330.08,1,0,96,12
cover,story,cover story,100,38531,6.46,covered the story,3.3,6,26,197.18,328.22,376.06,402.62,1,0,96,28
cover,subject,cover subject,100,32365,6.91,subjects covered,3.14,8,26,174.8,298.14,360.85,387.8,1,0,96,3
cover,surface,cover surface,100,29947,6.93,surface is covered,4.26,6,26,249.55,357.56,402.19,427.02,1,0,96,10
cover,system,cover system,100,10106,4.24,systems covered,2.94,9,26,223.61,330.78,374.49,401.55,1,0,96,36
cover,table,cover table,100,12058,5.49,table covered,4.9,6,26,177.55,263.95,299.17,317.47,1,0,96,6
cover,territory,cover territory,100,11675,5.66,territory covered,3.41,3,26,170.99,267.54,308.58,331.65,1,0,96,5
cover,thing,cover thing,100,22924,4.99,cover things,3.17,12,26,143.55,268.8,339.04,370.97,1,0,96,51
cover,time,cover time,100,15594,4.03,time covered,3.07,10,26,273.83,408.51,469.17,512.74,1,0,96,50
cover,top,cover top,100,11084,5.56,cover the top,3.93,11,26,196.8,334.23,419.4,464.91,1,0,96,10
cover,topic,cover topic,100,175163,9.35,topics covered,2.59,2,26,162.01,282.46,335.87,361.07,1,0,96,4
cover,track,cover track,100,17878,6.03,cover their tracks,4.31,11,26,242.07,333.47,365.78,385.96,1,0,96,5
cover,type,cover type,100,21115,5.91,cover all types,3.3,6,26,226.92,328.99,379.79,411.33,1,0,96,5
cover,use,cover use,100,12840,5.14,covers the use,2.78,7,26,280.86,395.0,441.41,469.21,1,0,96,6
cover,variety,cover variety,100,34282,6.91,cover a variety,2.13,6,26,189.87,293.84,344.92,372.87,1,0,96,7
cover,wall,cover wall,100,33236,7.03,walls are covered,4.86,8,26,199.95,305.54,363.69,395.21,1,0,96,15
cover,whole,cover whole,100,10453,5.55,cover the whole of,3.25,2,26,222.85,307.84,334.17,346.83,1,0,96,2
cover,window,cover window,100,12452,5.51,windows covered,4.86,8,26,140.8,244.66,291.16,317.16,1,0,96,15
cover,work,cover work,100,16639,4.94,work covered,3.48,7,26,272.87,386.54,424.55,447.82,1,0,96,22
cover,year,cover year,100,37392,5.88,covering the years,3.25,4,26,119.49,308.84,424.66,500.24,1,0,96,26
crack,back,crack back,100,770,4.11,crack my back,4.33,9,13,202.43,294.7,348.59,382.6,1,0,89,9
crack,barrier,crack barrier,100,996,4.84,crack the barrier,4.41,3,13,128.97,196.07,218.23,228.6,1,0,89,7
crack,beer,crack beer,100,1054,5.24,crack a beer,4.88,1,13,74.267,130.5,169.11,196.91,1,0,89,5
crack,bit,crack bit,100,1082,2.26,cracked a bit,3.27,11,13,192.43,300.42,350.38,380.06,1,0,89,29
crack,block,crack block,100,758,4.06,block is cracked,4.48,12,13,170.47,237.39,261.04,273.22,1,0,89,6
crack,bone,crack bone,100,1612,6.0,cracking bones,4.9,3,13,113.62,182.3,215.25,233.86,1,0,89,6
crack,book,crack book,100,1655,2.96,crack a book,4.9,11,13,222.59,338.67,394.89,426.22,1,0,89,15
crack,bottle,crack bottle,100,947,4.85,crack a bottle,4.91,3,13,120.42,183.22,217.03,239.9,1,0,89,12
crack,case,crack case,100,7313,5.01,crack the case,3.93,20,13,282.91,389.36,429.99,455.63,1,0,89,16
crack,ceiling,crack ceiling,100,590,4.99,crack the glass ceiling,4.85,4,13,115.68,166.12,196.23,215.7,1,0,89,2
crack,cocaine,crack cocaine,100,1196,6.59,to crack cocaine,4.52,1,13,27.016,66.508,92.165,105.59,1,0,89,1
crack,code,crack code,100,14330,7.15,crack the code,3.0,3,13,138.61,222.28,254.59,273.05,1,0,89,9
crack,cover,crack cover,100,749,4.41,crack the cover,4.23,10,13,189.2,268.0,296.18,310.78,1,0,89,4
crack,day,crack day,100,1094,1.84,a cracking day,3.92,10,13,202.17,322.8,424.94,489.25,1,0,89,31
crack,deal,crack deal,100,848,3.02,cracking deal,3.1,9,13,162.55,254.97,291.8,311.14,1,0,89,10
crack,door,crack door,100,2538,4.9,cracked the door,4.81,5,13,145.33,240.25,284.65,309.98,1,0,89,14
crack,egg,crack egg,100,7478,7.7,crack an egg,4.97,3,13,124.85,178.59,202.35,217.95,1,0,89,9
crack,encryption,crack encryption,100,1227,6.5,crack the encryption,3.29,1,13,36.359,60.246,69.26,75.189,1,0,89,1
crack,exam,crack exam,100,2546,6.57,crack the exam,4.48,1,13,86.058,125.08,142.96,153.35,1,0,89,1
crack,eye,crack eye,100,1766,3.79,cracked an eye,4.9,5,13,206.15,312.42,361.23,392.48,1,0,89,19
crack,face,crack face,100,595,3.09,face cracked,4.87,13,13,234.58,343.73,395.03,428.46,1,0,89,15
crack,foundation,crack foundation,100,666,4.06,cracked foundations,3.74,7,13,179.51,257.89,289.64,307.68,1,0,89,4
crack,frame,crack frame,100,581,4.01,frame was cracked,4.3,11,13,172.26,238.89,265.34,281.19,1,0,89,5
crack,game,crack game,100,2197,3.01,a cracking game,4.5,11,13,197.97,310.04,362.54,399.13,1,0,89,35
crack,glass,crack glass,100,1866,5.56,glass is cracked,4.82,7,13,149.6,219.89,246.25,262.92,1,0,89,12
crack,grin,crack grin,100,1100,6.42,cracked a grin,4.17,1,13,56.266,81.43,93.566,101.01,1,0,89,2
crack,hash,crack hash,100,553,5.51,crack the hash,4.1,2,13,31.761,45.021,50.302,53.736,1,0,89,1
crack,head,crack head,100,4275,5.13,cracked his head,4.75,33,13,299.95,421.51,474.88,503.64,1,0,89,28
crack,ice,crack ice,100,1105,5.81,cracking ice,4.89,8,13,122.09,174.58,198.81,212.59,1,0,89,5
crack,interview,crack interview,100,896,4.33,crack the interview,3.36,2,13,185.62,292.89,334.3,353.79,1,0,89,3
crack,issue,crack issue,100,594,1.08,cracking issues,2.37,11,13,174.52,308.87,366.65,399.06,1,0,89,16
crack,job,crack job,100,777,1.89,a cracking job,3.19,13,13,150.01,217.49,243.64,255.31,1,0,89,8
crack,joint,crack joint,100,989,5.82,cracking joints,4.37,6,13,100.87,148.45,166.75,177.72,1,0,89,3
crack,joke,crack joke,100,17189,9.29,cracking jokes,2.9,4,13,113.09,162.81,186.25,201.91,1,0,89,1
crack,key,crack key,100,965,4.04,crack the key,4.89,15,13,135.99,198.79,224.6,237.24,1,0,89,7
crack,knuckle,crack knuckle,100,4629,8.65,cracked his knuckles,4.93,1,13,35.728,49.932,58.778,65.395,1,0,89,2
crack,line,crack line,100,965,2.53,cracking line,4.5,30,13,253.42,357.41,397.32,421.22,1,0,89,42
crack,lineup,crack lineup,100,804,5.62,crack the lineup,3.79,2,13,93.04,166.17,192.35,205.36,1,0,89,2
crack,lip,crack lip,100,1120,5.43,cracked lips,4.96,5,13,77.69,125.74,156.68,180.84,1,0,89,7
crack,list,crack list,100,871,2.67,crack the list,4.43,2,13,182.17,265.47,300.93,321.78,1,0,89,9
crack,mark,crack mark,100,1290,4.82,crack the century mark,4.21,15,13,196.68,271.99,293.94,305.8,1,0,89,4
crack,market,crack market,100,2050,4.39,crack the market,4.7,5,13,166.28,245.6,289.22,311.24,1,0,89,22
crack,mystery,crack mystery,100,1138,5.42,crack the mystery,2.33,2,13,106.73,156.93,178.71,191.8,1,0,89,3
crack,neck,crack neck,100,1722,6.48,cracked his neck,5.0,5,13,103.05,160.31,195.22,234.8,1,0,89,8
crack,noise,crack noise,100,1282,5.21,cracking noise,3.52,6,13,136.93,203.56,228.63,240.84,1,0,89,3
crack,nut,crack nut,100,4774,7.75,crack a nut,4.52,7,13,85.774,126.89,144.53,157.97,1,0,89,3
crack,paint,crack paint,100,588,4.77,cracking paint,4.79,3,13,103.52,163.78,191.63,207.81,1,0,89,6
crack,password,crack password,100,4885,7.37,crack passwords,3.83,1,13,56.943,87.481,103.63,113.39,1,0,89,4
crack,pepper,crack pepper,100,2514,7.45,cracked black pepper,4.59,4,13,52.436,104.99,135.75,156.73,1,0,89,2
crack,piece,crack piece,100,608,2.37,cracking piece,4.14,13,13,236.3,331.62,361.88,377.98,1,0,89,26
crack,pipe,crack pipe,100,552,4.63,cracked pipes,4.88,5,13,109.14,163.13,193.31,210.85,1,0,89,5
crack,point,crack point,100,562,1.13,cracking point,3.39,26,13,249.95,349.67,391.1,417.02,1,0,89,21
crack,problem,crack problem,100,2354,2.75,cracked the problem,2.68,3,13,202.61,312.71,353.01,375.03,1,0,89,16
crack,puzzle,crack puzzle,100,747,5.29,crack the puzzle,4.75,2,13,75.748,108.02,118.95,124.47,1,0,89,1
crack,resistance,crack resistance,100,545,4.13,cracking resistance,2.68,11,13,149.28,209.85,230.66,241.39,1,0,89,3
crack,rib,crack rib,100,2485,7.44,cracked ribs,4.9,6,13,96.628,135.72,153.15,164.34,1,0,89,2
crack,rock,crack rock,100,786,4.6,crack the rock,4.91,7,13,225.91,320.78,360.6,382.06,1,0,89,10
crack,roster,crack roster,100,1204,6.26,crack the roster,3.76,1,13,105.03,151.1,167.67,176.72,1,0,89,1
crack,rotation,crack rotation,100,720,5.47,to crack the rotation,3.32,4,13,100.52,140.16,153.95,161.6,1,0,89,1
crack,screen,crack screen,100,2121,5.75,screen is cracked,4.6,9,13,184.18,258.18,287.66,306.13,1,0,89,8
crack,seal,crack seal,100,603,4.98,cracked the seal,4.63,9,13,117.79,164.47,180.72,188.16,1,0,89,3
crack,secret,crack secret,100,524,3.92,cracked the secret,2.19,3,13,106.43,149.86,166.24,174.76,1,0,89,7
crack,seed,crack seed,100,575,4.06,cracking seeds,4.71,5,13,144.65,206.61,233.49,248.01,1,0,89,10
crack,shell,crack shell,100,2649,7.01,crack the shell,4.8,10,13,144.02,200.96,221.4,233.86,1,0,89,3
crack,shot,crack shot,100,866,3.65,cracking shot,4.44,17,13,163.26,250.01,288.05,309.59,1,0,89,10
crack,skin,crack skin,100,1195,4.71,cracked skin,4.79,6,13,169.4,240.84,276.4,299.07,1,0,89,10
crack,skull,crack skull,100,3150,7.79,cracked his skull,4.83,1,13,85.681,134.14,160.28,175.12,1,0,89,4
crack,smile,crack smile,100,7983,8.23,crack a smile,4.5,1,13,103.53,159.95,184.24,198.92,1,0,89,2
crack,software,crack software,100,692,3.29,cracking software,4.08,1,13,147.19,228.36,269.51,292.52,1,0,89,4
crack,sound,crack sound,100,2759,5.32,cracking sound,3.7,8,13,201.18,297.75,348.31,382.29,1,0,89,10
crack,spine,crack spine,100,870,5.94,crack the spine,4.88,5,13,81.784,123.37,148.95,164.7,1,0,89,3
crack,stone,crack stone,100,592,4.15,cracked stones,4.72,13,13,159.19,242.89,279.87,302.48,1,0,89,11
crack,story,crack story,100,910,1.98,cracking story,3.3,6,13,197.18,328.22,376.06,402.62,1,0,89,28
crack,surface,crack surface,100,819,4.29,crack the surface,4.26,6,13,249.55,357.56,402.19,427.02,1,0,89,10
crack,system,crack system,100,1132,1.78,crack the system,2.94,9,13,223.61,330.78,374.49,401.55,1,0,89,36
crack,thing,crack thing,100,590,0.19,crack things,3.17,12,13,143.55,268.8,339.04,370.97,1,0,89,51
crack,throttle,crack throttle,100,529,5.42,crack the throttle,4.24,2,13,36.471,51.72,58.09,61.665,1,0,89,3
crack,tile,crack tile,100,768,5.4,cracked tiles,4.68,3,13,94.015,145.97,168.71,182.34,1,0,89,2
crack,time,crack time,100,1223,0.69,cracking time,3.07,10,13,273.83,408.51,469.17,512.74,1,0,89,50
crack,tooth,crack tooth,100,1519,5.49,cracked teeth,4.89,5,13,89.365,137.21,164.44,183.76,1,0,89,7
crack,top,crack top,100,821,4.72,crack the top,3.93,11,13,196.8,334.23,419.4,464.91,1,0,89,10
crack,version,crack version,100,921,2.72,cracked version,1.7,6,13,263.55,386.28,441.13,471.77,1,0,89,10
crack,view,crack view,100,536,2.22,cracking views,3.21,10,13,225.92,335.06,380.85,402.91,1,0,89,14
crack,voice,crack voice,100,2075,4.86,voice cracked,4.13,11,13,221.3,316.55,353.41,375.5,1,0,89,8
crack,wall,crack wall,100,1766,5.15,cracked walls,4.86,8,13,199.95,305.54,363.69,395.21,1,0,89,15
crack,walnut,crack walnut,100,695,5.94,crack a walnut,4.97,3,13,50.058,71.562,83.261,91.944,1,0,89,1
crack,whip,crack whip,100,6516,9.06,crack the whip,4.68,5,13,59.164,80.916,87.681,91.144,1,0,89,3
crack,window,crack window,100,3331,5.61,crack a window,4.86,8,13,140.8,244.66,291.16,317.16,1,0,89,15
crack,windshield,crack windshield,100,1348,6.87,windshield is cracked,4.86,1,13,26.861,53.158,63.543,69.907,1,0,89,2
crash,aircraft,crash aircraft,100,1764,6.08,crashed aircraft,4.4,1,13,122.37,210.77,258.79,289.1,1,0,77,2
crash,airliner,crash airliner,100,484,6.16,crashed airliner,4.45,1,13,41.329,73.177,90.623,101.92,1,0,77,1
crash,airplane,crash airplane,100,1228,6.88,crashed airplane,4.96,1,13,77.584,125.24,152.76,169.79,1,0,77,2
crash,app,crash app,100,537,3.75,crashing apps,3.86,0,13,62.084,92.099,106.89,115.09,1,0,77,4
crash,application,crash application,100,1247,3.26,crash the application,3.4,7,13,197.63,277.64,315.37,336.82,1,0,77,8
crash,ball,crash ball,100,455,2.8,crashed the ball,5.0,12,13,152.85,224.94,253.8,268.96,1,0,77,26
crash,bike,crash bike,100,1282,5.39,crashed his bike,5.0,2,13,86.545,158.33,190.95,210.64,1,0,77,5
crash,board,crash board,100,1547,4.97,crashing the boards,4.57,9,13,187.08,278.44,317.8,338.2,1,0,77,5
crash,boat,crash boat,100,331,3.21,crashed the boat,4.93,2,13,139.06,231.66,280.03,308.1,1,0,77,11
crash,browser,crash browser,100,1486,6.38,crash the browser,4.26,2,13,80.55,121.68,140.14,152.04,1,0,77,3
crash,bug,crash bug,100,1159,5.29,crashing bug,5.0,5,13,90.702,134.72,154.59,166.79,1,0,77,6
crash,bus,crash bus,100,363,3.86,crash the bus,4.9,4,13,111.04,188.77,224.5,248.99,1,0,77,3
crash,car,crash car,100,13498,6.69,crashed his car,4.89,5,13,146.58,271.86,328.14,362.93,1,0,77,26
crash,chord,crash chord,100,424,5.23,crashing chords,4.29,2,13,77.715,116.53,133.56,143.97,1,0,77,2
crash,client,crash client,100,442,2.8,crash the client,3.9,3,13,115.13,202.44,243.7,267.64,1,0,77,4
crash,computer,crash computer,100,2527,5.79,crash your computer,4.93,2,13,120.92,187.82,222.96,248.44,1,0,77,4
crash,couple,crash couple,100,361,2.28,crashed a couple of times,3.93,5,13,182.09,258.84,294.35,314.51,1,0,77,8
crash,cymbal,crash cymbal,100,710,6.77,crashing cymbals,4.92,1,13,33.113,51.154,59.036,64.741,1,0,77,1
crash,day,crash day,100,1403,2.22,crashing every day,3.92,10,13,202.17,322.8,424.94,489.25,1,0,77,31
crash,device,crash device,100,415,2.21,crash the device,3.97,5,13,184.14,273.74,314.56,337.87,1,0,77,10
crash,drive,crash drive,100,944,4.58,crashed hard drive,3.86,12,13,230.27,322.71,352.72,367.84,1,0,77,8
crash,drone,crash drone,100,404,5.11,crashed drone,3.93,5,13,67.259,96.606,106.49,112.15,1,0,77,1
crash,drum,crash drum,100,625,5.54,crashing drums and,4.96,6,13,102.19,176.79,219.9,250.95,1,0,77,2
crash,economy,crash economy,100,3166,6.03,crashed the economy,2.57,4,13,165.36,238.62,265.62,283.32,1,0,77,14
crash,event,crash event,100,504,1.57,crash the event,2.69,4,13,226.3,317.53,360.62,385.59,1,0,77,19
crash,foot,crash foot,100,344,2.33,crashing feet,4.9,11,13,236.46,337.5,383.01,409.62,1,0,77,23
crash,game,crash game,100,4073,3.92,crash the game,4.5,11,13,197.97,310.04,362.54,399.13,1,0,77,35
crash,gate,crash gate,100,629,5.13,Crashing the Gate,4.96,4,13,143.81,229.28,265.02,282.2,1,0,77,5
crash,glass,crash glass,100,1341,5.25,crashing the glass,4.82,7,13,149.6,219.89,246.25,262.92,1,0,77,12
crash,head,crash head,100,790,2.75,crashed head on,4.75,33,13,299.95,421.51,474.88,503.64,1,0,77,28
crash,helicopter,crash helicopter,100,782,6.16,crashed helicopter,4.62,1,13,82.526,137.07,163.02,180.72,1,0,77,2
crash,issue,crash issue,100,1335,2.27,crashing issues,2.37,11,13,174.52,308.87,366.65,399.06,1,0,77,16
crash,jet,crash jet,100,654,5.79,crashed jet,4.77,6,13,121.14,180.46,208.06,222.15,1,0,77,2
crash,kernel,crash kernel,100,268,4.63,crash the kernel,4.21,3,13,79.905,113.01,125.84,133.17,1,0,77,1
crash,land,crash land,100,1544,4.4,to crash land,4.57,11,13,211.49,302.04,339.59,359.75,1,0,77,10
crash,lip,crash lip,100,417,4.27,crashed his lips,4.96,5,13,77.69,125.74,156.68,180.84,1,0,77,7
crash,lot,crash lot,100,1434,1.85,crashes a lot,3.7,7,13,144.92,243.93,294.05,322.54,1,0,77,34
crash,machine,crash machine,100,1115,4.0,crash the machine,4.25,6,13,162.99,247.75,283.25,305.85,1,0,77,14
crash,market,crash market,100,1870,4.33,crash the market,4.7,5,13,166.28,245.6,289.22,311.24,1,0,77,22
crash,meeting,crash meeting,100,493,2.63,crash the meeting,3.31,6,13,187.96,302.34,360.58,392.52,1,0,77,5
crash,mile,crash mile,100,1400,4.65,crashed three miles,3.63,8,13,139.01,269.39,338.98,374.99,1,0,77,5
crash,minute,crash minute,100,1276,4.12,crashed minutes,3.04,6,13,175.94,339.53,403.99,438.57,1,0,77,5
crash,moment,crash moment,100,344,2.31,crashed moments,1.61,6,13,260.29,370.13,427.44,458.27,1,0,77,8
crash,motorcycle,crash motorcycle,100,729,6.06,crashed his motorcycle,4.97,1,13,60.762,101.52,129.06,146.11,1,0,77,1
crash,net,crash net,100,750,5.61,crashing the net,4.53,6,13,151.79,213.84,237.31,249.16,1,0,77,4
crash,noise,crash noise,100,984,5.02,crashing noise,3.52,6,13,136.93,203.56,228.63,240.84,1,0,77,3
crash,party,crash party,100,6351,6.19,crash the party,3.89,5,13,161.4,244.31,287.75,312.33,1,0,77,10
crash,phone,crash phone,100,290,2.59,crash the phone,4.86,3,13,132.03,200.44,232.92,254.36,1,0,77,8
crash,plane,crash plane,100,6799,8.15,crashed plane,4.92,5,13,122.19,203.02,246.61,272.63,1,0,77,5
crash,price,crash price,100,1059,3.31,crashing oil prices,3.63,7,13,150.25,226.12,259.48,280.51,1,0,77,14
crash,problem,crash problem,100,859,1.32,crashing problem,2.68,3,13,202.61,312.71,353.01,375.03,1,0,77,16
crash,process,crash process,100,708,1.79,crashed process,2.93,6,13,219.57,309.68,362.4,391.04,1,0,77,24
crash,program,crash program,100,1809,3.03,crash the program,3.43,8,13,175.08,280.8,337.3,363.32,1,0,77,15
crash,second,crash second,100,450,3.89,crashed seconds,3.3,10,13,90.233,129.57,151.69,162.26,1,0,77,2
crash,server,crash server,100,2861,6.38,crash the server,4.55,4,13,134.36,203.19,235.38,259.09,1,0,77,2
crash,service,crash service,100,311,0.13,crash the service,2.21,15,13,200.41,284.58,315.39,332.94,1,0,77,18
crash,ship,crash ship,100,2591,5.81,crashed ship,4.87,1,13,128.34,250.17,304.84,346.07,1,0,77,15
crash,shot,crash shot,100,339,2.39,crashed a shot,4.44,17,13,163.26,250.01,288.05,309.59,1,0,77,10
crash,site,crash site,100,896,2.58,crashed the site,4.56,3,13,252.6,368.9,411.88,434.34,1,0,77,18
crash,software,crash software,100,281,2.08,crash the software,4.08,1,13,147.19,228.36,269.51,292.52,1,0,77,4
crash,sound,crash sound,100,1874,4.86,crashing sound,3.7,8,13,201.18,297.75,348.31,382.29,1,0,77,10
crash,spacecraft,crash spacecraft,100,535,5.97,crashed spacecraft,4.8,1,13,73.586,109.73,128.81,139.7,1,0,77,3
crash,spaceship,crash spaceship,100,1083,7.23,a crashed spaceship,4.48,1,13,50.609,75.493,87.215,94.3,1,0,77,1
crash,surf,crash surf,100,1033,7.2,the crashing surf,4.57,1,13,71.956,101.07,110.91,115.83,1,0,77,1
crash,system,crash system,100,4671,3.84,crash the system,2.94,9,13,223.61,330.78,374.49,401.55,1,0,77,36
crash,thing,crash thing,100,519,0.01,crashing things,3.17,12,13,143.55,268.8,339.04,370.97,1,0,77,51
crash,thread,crash thread,100,268,2.83,Crashed Thread,4.83,4,13,107.65,151.12,168.96,178.79,1,0,77,9
crash,time,crash time,100,5420,2.85,crashes every time,3.07,10,13,273.83,408.51,469.17,512.74,1,0,77,50
crash,train,crash train,100,309,3.39,crashed train,4.79,6,13,121.44,220.88,261.82,285.37,1,0,77,3
crash,truck,crash truck,100,1198,5.45,crashed his truck,4.84,2,13,111.64,174.34,208.56,235.87,1,0,77,5
crash,van,crash van,100,421,5.17,crashed his van,4.72,5,13,107.98,153.83,177.45,193.51,1,0,77,2
crash,vehicle,crash vehicle,100,2894,5.38,crashed vehicle,4.64,4,13,135.77,243.43,288.48,318.05,1,0,77,14
crash,wave,crash wave,100,7633,7.92,the crashing waves,4.55,9,13,166.5,236.93,267.61,282.94,1,0,77,11
crash,way,crash way,100,1079,0.93,crashed his way,2.34,12,13,244.04,355.4,397.34,421.07,1,0,77,38
crash,website,crash website,100,715,3.1,crashed the website,4.52,1,13,206.72,309.87,359.6,387.71,1,0,77,6
crash,wedding,crash wedding,100,1110,6.16,crash the wedding,3.92,3,13,114.39,181.84,210.21,227.33,1,0,77,1
crash,window,crash window,100,537,3.07,crashed Windows,4.86,8,13,140.8,244.66,291.16,317.16,1,0,77,15
cut,amount,cut amount,100,6916,4.81,cut the amount of,2.74,4,41,171.9,263.47,299.86,323.81,1,0,99,19
cut,area,cut area,100,6217,4.29,cutting area,3.72,6,41,263.68,404.24,463.02,501.91,1,0,99,24
cut,benefit,cut benefit,100,10297,5.67,cut benefits,2.25,3,41,190.8,268.37,292.93,305.07,1,0,99,6
cut,bill,cut bill,100,7940,5.61,cut energy bills,4.68,10,41,180.57,253.96,277.09,287.1,1,0,99,10
cut,bit,cut bit,100,7167,4.49,cut a bit,3.27,11,41,192.43,300.42,350.38,380.06,1,0,99,29
cut,blade,cut blade,100,8445,6.19,cutting blade,4.93,9,41,99.421,152.87,179.13,196.07,1,0,99,9
cut,board,cut board,100,34092,7.85,cutting board,4.57,9,41,187.08,278.44,317.8,338.2,1,0,99,5
cut,branch,cut branch,100,7222,5.86,cut branches,4.9,6,41,219.89,313.19,345.27,359.23,1,0,99,7
cut,budget,cut budget,100,21050,7.28,cut the budget,3.14,2,41,107.41,155.85,174.75,190.35,1,0,99,7
cut,cable,cut cable,100,6664,5.76,cut the cable,4.74,6,41,115.74,172.2,198.15,212.99,1,0,99,4
cut,cake,cut cake,100,10686,6.49,cut the cake,4.81,3,41,72.352,114.07,149.41,179.15,1,0,99,2
cut,circle,cut circle,100,5843,5.6,cut a circle,4.44,8,41,159.75,237.45,267.09,281.1,1,0,99,3
cut,consumption,cut consumption,100,6676,5.81,cut energy consumption,3.16,4,41,112.65,167.17,194.19,207.31,1,0,99,4
cut,cord,cut cord,100,14493,7.04,cut the cord,4.63,4,41,87.55,127.25,142.62,153.43,1,0,99,5
cut,corner,cut corner,100,41219,8.41,cut corners,4.61,11,41,193.15,289.71,334.55,358.95,1,0,99,5
cut,cost,cut cost,100,100014,8.68,to cut costs,2.5,3,41,160.14,263.17,306.3,332.11,1,0,99,14
cut,deal,cut deal,100,23518,6.89,cut a deal,3.1,9,41,162.55,254.97,291.8,311.14,1,0,99,10
cut,deficit,cut deficit,100,15918,7.12,cut the deficit to,2.21,4,41,69.905,107.9,132.78,145.9,1,0,99,5
cut,edge,cut edge,100,121992,9.8,the cutting edge of,4.24,6,41,213.73,320.46,371.12,406.55,1,0,99,8
cut,emission,cut emission,100,42434,8.4,cut emissions,3.33,5,41,88.805,126.6,142.62,151.17,1,0,99,4
cut,end,cut end,100,8254,5.52,cut the end,3.14,14,41,214.61,386.98,458.38,496.15,1,0,99,9
cut,expense,cut expense,100,8800,6.08,cut expenses,2.57,3,41,166.21,247.22,277.52,295.84,1,0,99,5
cut,fabric,cut fabric,100,5866,5.64,cut the fabric,4.63,2,41,103.84,177.02,211.66,229.92,1,0,99,6
cut,figure,cut figure,100,9384,5.86,cut a sorry figure,3.63,13,41,240.7,334.73,370.72,387.06,1,0,99,4
cut,finger,cut finger,100,6675,5.61,cut my finger,5.0,3,41,107.49,155.49,183.73,208.51,1,0,99,12
cut,floor,cut floor,100,8062,5.96,on the cutting room floor,4.8,10,41,175.64,276.15,320.45,350.82,1,0,99,8
cut,funding,cut funding,100,21609,7.25,cut funding,3.17,2,41,108.73,159.63,185.68,200.13,1,0,99,3
cut,grass,cut grass,100,21075,7.55,cut the grass,4.93,5,41,138.82,202.63,235.02,253.92,1,0,99,4
cut,hair,cut hair,100,46643,8.31,cut my hair,4.97,6,41,145.81,211.36,244.64,264.55,1,0,99,12
cut,hand,cut hand,100,8925,5.17,cut his hand,4.72,14,41,269.2,382.64,427.86,454.46,1,0,99,33
cut,head,cut head,100,16758,6.27,cutting head,4.75,33,41,299.95,421.51,474.88,503.64,1,0,99,28
cut,hole,cut hole,100,34666,7.92,cut a hole,4.81,8,41,152.7,225.93,256.73,271.99,1,0,99,7
cut,hour,cut hour,100,8279,5.34,cut hours,3.1,4,41,196.05,338.94,416.53,461.12,1,0,99,5
cut,job,cut job,100,19201,5.98,cut jobs,3.19,13,41,150.01,217.49,243.64,255.31,1,0,99,8
cut,lead,cut lead,100,18060,6.96,cut the lead to,4.1,17,41,130.35,191.55,218.52,233.44,1,0,99,9
cut,leg,cut leg,100,6029,5.46,cut the legs,4.83,9,41,134.48,212.33,256.38,294.07,1,0,99,17
cut,length,cut length,100,7666,5.86,cut the length,4.07,5,41,160.55,254.54,305.71,335.78,1,0,99,2
cut,life,cut life,100,7345,4.33,life was cut,2.69,14,41,228.25,333.37,374.48,396.14,1,0,99,27
cut,line,cut line,100,25274,6.6,cut the line,4.5,30,41,253.42,357.41,397.32,421.22,1,0,99,42
cut,loss,cut loss,100,17625,6.71,cut their losses,2.19,8,41,224.78,325.17,364.27,385.08,1,0,99,9
cut,machine,cut machine,100,15669,6.54,cutting machine,4.25,6,41,162.99,247.75,283.25,305.85,1,0,99,14
cut,material,cut material,100,11697,5.67,cutting material,4.26,5,41,225.35,316.51,351.27,369.43,1,0,99,25
cut,meat,cut meat,100,6844,5.78,cut the meat,4.9,3,41,92.942,146.23,184.83,210.57,1,0,99,6
cut,mustard,cut mustard,100,5702,5.75,n't cut the mustard,4.93,3,41,41.56,61.894,73.319,83.777,1,0,99,1
cut,number,cut number,100,15747,5.18,cut the number of,3.3,11,41,198.05,280.36,322.92,351.63,1,0,99,36
cut,paper,cut paper,100,7122,5.34,paper cut,4.93,7,41,155.17,242.42,275.37,290.75,1,0,99,8
cut,part,cut part,100,13190,4.58,cut parts,3.29,12,41,237.04,382.12,430.05,454.33,1,0,99,30
cut,path,cut path,100,6465,5.31,cut a path,4.41,4,41,182.08,275.19,315.19,334.94,1,0,99,7
cut,pay,cut pay,100,9498,6.38,pay cut,3.54,1,41,63.407,103.04,127.69,144.08,1,0,99,3
cut,people,cut people,100,7739,3.54,cut people,4.82,4,41,190.25,264.24,315.17,343.14,1,0,99,39
cut,piece,cut piece,100,35949,7.4,cut a piece,4.14,13,41,236.3,331.62,361.88,377.98,1,0,99,26
cut,power,cut power,100,15197,5.78,cutting power,2.04,9,41,196.2,276.34,308.2,322.74,1,0,99,19
cut,price,cut price,100,20870,6.66,cut prices,3.63,7,41,150.25,226.12,259.48,280.51,1,0,99,14
cut,process,cut process,100,6358,4.39,the cutting process,2.93,6,41,219.57,309.68,362.4,391.04,1,0,99,24
cut,production,cut production,100,12140,6.27,cut production,2.59,8,41,218.18,311.48,352.51,373.46,1,0,99,7
cut,program,cut program,100,13179,5.36,cutting programs,3.43,8,41,175.08,280.8,337.3,363.32,1,0,99,15
cut,promo,cut promo,100,6888,6.02,cut a promo,3.0,0,41,43.453,66.652,77.389,83.715,1,0,99,1
cut,rate,cut rate,100,47075,7.7,cut rates,2.5,4,41,155.47,233.69,262.65,282.31,1,0,99,13
cut,research,cut research,100,7462,5.18,cutting edge research,3.03,2,41,170.07,249.43,282.88,299.95,1,0,99,9
cut,ribbon,cut ribbon,100,14424,7.04,cut the ribbon,4.89,4,41,78.041,114.23,131.11,140.71,1,0,99,3
cut,risk,cut risk,100,6617,4.85,cut the risk of,1.63,4,41,160.87,238.64,275.56,297.22,1,0,99,11
cut,road,cut road,100,5537,5.21,road cut,4.75,2,41,236.91,405.38,498.87,551.42,1,0,99,9
cut,rope,cut rope,100,8042,6.16,cut the rope,4.93,2,41,101.68,145.55,165.14,178.71,1,0,99,5
cut,salary,cut salary,100,5476,5.53,cut salaries,3.69,1,41,76.713,127.35,155.35,172.8,1,0,99,5
cut,scene,cut scene,100,9282,5.89,cut scenes,3.93,10,41,236.31,326.09,358.85,376.01,1,0,99,5
cut,section,cut section,100,9538,5.71,sections were cut,3.24,14,41,251.58,357.1,398.07,416.69,1,0,99,11
cut,service,cut service,100,17862,5.55,cutting services,2.21,15,41,200.41,284.58,315.39,332.94,1,0,99,18
cut,shape,cut shape,100,7199,5.74,cut shapes,3.14,8,41,209.01,292.68,324.69,343.18,1,0,99,2
cut,sheet,cut sheet,100,5992,5.54,cut the sheet,4.93,8,41,140.04,200.46,227.33,241.42,1,0,99,5
cut,side,cut side,100,9071,5.7,cut side,3.68,12,41,242.69,366.37,436.59,477.44,1,0,99,25
cut,slice,cut slice,100,7676,6.11,cut a slice,3.85,6,41,108.07,155.6,176.08,188.13,1,0,99,1
cut,slit,cut slit,100,5975,5.82,cut a slit,3.68,4,41,50.828,71.772,82.162,87.724,1,0,99,1
cut,slot,cut slot,100,7320,5.97,cut a slot,4.45,7,41,116.84,164.45,182.81,190.99,1,0,99,2
cut,speed,cut speed,100,6499,5.46,cutting speed,3.62,5,41,171.76,241.14,277.99,301.82,1,0,99,2
cut,spending,cut spending,100,31332,8.08,cut spending,3.31,2,41,78.229,122.43,144.17,157.7,1,0,99,4
cut,staff,cut staff,100,6407,5.37,cut staff,4.36,6,41,166.75,248.92,288.14,309.36,1,0,99,4
cut,stone,cut stone,100,5794,5.51,cut stone,4.72,13,41,159.19,242.89,279.87,302.48,1,0,99,11
cut,story,cut story,100,10861,5.07,To cut a long story short,3.3,6,41,197.18,328.22,376.06,402.62,1,0,99,28
cut,strip,cut strip,100,11123,6.6,cut strips,3.75,6,41,154.31,213.99,235.21,245.92,1,0,99,4
cut,supply,cut supply,100,7432,5.68,supply is cut,3.43,3,41,118.76,179.4,208.2,224.52,1,0,99,5
cut,system,cut system,100,5634,3.73,cutting system,2.94,9,41,223.61,330.78,374.49,401.55,1,0,99,36
cut,tape,cut tape,100,8450,6.14,cut red tape,4.9,5,41,115.72,172.85,200.63,215.96,1,0,99,4
cut,tax,cut tax,100,40766,8.0,cut taxes,3.89,1,41,84.254,125.94,147.02,164.68,1,0,99,5
cut,technology,cut technology,100,23618,6.81,cutting edge technology,3.24,2,41,185.06,271.52,307.47,331.95,1,0,99,4
cut,thing,cut thing,100,8547,3.8,cut things,3.17,12,41,143.55,268.8,339.04,370.97,1,0,99,51
cut,thread,cut thread,100,7402,5.76,cut the thread,4.83,4,41,107.65,151.12,168.96,178.79,1,0,99,9
cut,throat,cut throat,100,16618,7.23,cut his throat,4.97,4,41,78.256,118.6,144.46,163.8,1,0,99,3
cut,tie,cut tie,100,28362,7.86,cut ties with,4.81,9,41,169.49,246.42,275.49,292.55,1,0,99,5
cut,time,cut time,100,27952,5.04,cut the time,3.07,10,41,273.83,408.51,469.17,512.74,1,0,99,50
cut,tool,cut tool,100,23901,6.71,cutting tools,4.6,4,41,195.29,277.16,313.4,337.24,1,0,99,8
cut,tooth,cut tooth,100,25645,7.64,cut his teeth,4.89,5,41,89.365,137.21,164.44,183.76,1,0,99,7
cut,top,cut top,100,6052,5.59,cut the top,3.93,11,41,196.8,334.23,419.4,464.91,1,0,99,10
cut,tree,cut tree,100,29714,7.58,cutting trees,5.0,3,41,191.1,292.07,341.58,367.12,1,0,99,9
cut,use,cut use,100,6859,4.76,cut energy use,2.78,7,41,280.86,395.0,441.41,469.21,1,0,99,6
cut,wage,cut wage,100,5938,5.63,cut wages,3.79,1,41,52.345,74.4,85.397,93.429,1,0,99,5
cut,way,cut way,100,16848,4.66,cut way,2.34,12,41,244.04,355.4,397.34,421.07,1,0,99,38
cut,wire,cut wire,100,13418,6.78,cut the wire,4.72,4,41,109.41,157.85,184.72,202.41,1,0,99,5
cut,wood,cut wood,100,15073,6.97,cutting wood,4.85,8,41,210.79,299.9,333.18,352.04,1,0,99,4
cut,year,cut year,100,8434,4.0,cut this year,3.25,4,41,119.49,308.84,424.66,500.24,1,0,99,26
defuse,anger,defuse anger,100,584,5.86,defuse anger,2.41,3,1,116.48,185.38,221.03,245.74,1,0,28,9
defuse,argument,defuse argument,100,289,2.49,defuse arguments,2.85,7,1,207.97,293.58,327.55,347.58,1,0,28,5
defuse,attack,defuse attack,100,178,1.6,defuse the attack,3.71,9,1,172.82,287.0,339.01,372.67,1,0,28,14
defuse,bomb,defuse bomb,100,5016,8.33,defuse the bomb,4.84,3,1,82.168,128.66,156.09,175.26,1,0,28,7
defuse,concern,defuse concern,100,174,1.07,defuse concerns,1.7,5,1,192.53,304.28,359.28,388.82,1,0,28,6
defuse,conflict,defuse conflict,100,1239,5.39,defuse conflict,2.21,7,1,169.9,257.67,312.76,347.39,1,0,28,6
defuse,confrontation,defuse confrontation,100,363,6.5,defuse the confrontation,2.53,5,1,100.03,170.67,213.72,238.66,1,0,28,1
defuse,controversy,defuse controversy,100,288,4.9,defuse the controversy,2.29,1,1,146.19,222.23,259.61,281.54,1,0,28,5
defuse,crisis,defuse crisis,100,2078,6.3,defuse the crisis,2.33,2,1,139.99,213.55,249.27,271.87,1,0,28,9
defuse,criticism,defuse criticism,100,282,4.08,to defuse criticism,2.07,3,1,167.94,235.76,272.3,294.25,1,0,28,6
defuse,device,defuse device,100,430,2.34,device was defused,3.97,5,1,184.14,273.74,314.56,337.87,1,0,28,10
defuse,dispute,defuse dispute,100,208,3.86,defuse the dispute,2.9,2,1,150.52,258.18,323.13,359.45,1,0,28,1
defuse,explosive,defuse explosive,100,228,6.03,defuse explosives,3.74,1,1,56.059,88.868,110.54,124.49,1,0,28,3
defuse,fear,defuse fear,100,153,2.28,defuse the fear,2.57,3,1,208.48,300.15,342.67,365.02,1,0,28,14
defuse,hostility,defuse hostility,100,143,5.21,defuse hostility,2.24,4,1,93.716,146.05,172.89,189.49,1,0,28,2
defuse,issue,defuse issue,100,614,1.18,defuse the issue,2.37,11,1,174.52,308.87,366.65,399.06,1,0,28,16
defuse,mine,defuse mine,100,377,4.22,defusing mines,3.56,2,1,129.16,191.91,219.85,235.59,1,0,28,5
defuse,opposition,defuse opposition,100,193,3.69,defuse opposition,2.25,8,1,172.7,256.4,285.97,300.19,1,0,28,7
defuse,pressure,defuse pressure,100,127,1.15,defuse the pressure,3.07,7,1,191.44,287.36,318.12,333.55,1,0,28,4
defuse,protest,defuse protest,100,172,3.46,defuse the protests,3.21,3,1,168.96,247.19,285.51,310.23,1,0,28,6
defuse,risk,defuse risk,100,332,1.41,defusing major risks,1.63,4,1,160.87,238.64,275.56,297.22,1,0,28,11
defuse,row,defuse row,100,216,3.86,to defuse the row,3.93,7,1,190.8,265.67,288.07,299.28,1,0,28,4
defuse,situation,defuse situation,100,7349,6.6,to defuse the situation,2.03,5,1,186.49,274.89,314.53,332.46,1,0,28,5
defuse,standoff,defuse standoff,100,155,6.52,defuse the standoff,2.93,2,1,63.095,100.92,122.68,137.58,1,0,28,1
defuse,tension,defuse tension,100,4649,7.98,defuse tensions,2.6,6,1,148.12,226.42,267.67,294.21,1,0,28,6
defuse,threat,defuse threat,100,607,3.62,defuse the threat,2.52,4,1,184.42,279.11,309.64,325.29,1,0,28,8
defuse,violence,defuse violence,100,181,2.68,defuse violence,3.07,3,1,151.79,221.0,253.88,276.12,1,0,28,7
defuse,war,defuse war,100,170,1.57,defuse the war,3.63,4,1,185.71,287.06,333.51,366.33,1,0,28,8
defy,advice,defy advice,100,379,2.69,defied the advice,2.73,1,3,151.4,223.86,258.07,277.15,1,0,90,2
defy,age,defy age,100,988,4.59,defy age,2.86,5,3,220.76,315.48,348.37,365.45,1,0,90,2
defy,analysis,defy analysis,100,1313,4.38,defies analysis,2.56,6,3,174.87,259.54,302.79,329.56,1,0,90,3
defy,army,defy army,100,445,3.82,defy the armies of the,4.7,3,3,127.38,213.56,259.99,294.17,1,0,90,8
defy,attempt,defy attempt,100,1962,5.36,defied all attempts,2.22,2,3,201.8,327.95,379.58,407.42,1,0,90,3
defy,authority,defy authority,100,3145,5.75,defy authority,2.34,7,3,150.93,225.54,266.02,289.33,1,0,90,1
defy,ban,defy ban,100,2689,7.04,defy the ban,2.37,5,3,108.72,169.3,203.52,222.15,1,0,90,3
defy,belief,defy belief,100,3494,6.64,defies belief,1.19,2,3,175.05,262.14,299.23,321.46,1,0,90,8
defy,boundary,defy boundary,100,972,5.11,defies boundaries,3.04,3,3,204.72,290.82,325.85,344.29,1,0,90,7
defy,call,defy call,100,746,3.15,defied calls,4.0,13,3,152.06,232.35,267.04,285.41,1,0,90,6
defy,categorization,defy categorization,100,4117,8.85,defies categorization,2.32,3,3,24.213,43.565,52.528,57.796,1,0,90,1
defy,category,defy category,100,835,4.52,defies category,2.82,2,3,183.96,265.04,293.43,308.12,1,0,90,1
defy,classification,defy classification,100,2244,7.31,defies classification,2.52,4,3,106.37,149.32,167.69,177.19,1,0,90,1
defy,comparison,defy comparison,100,442,4.2,defies comparison,2.0,3,3,202.32,297.22,343.81,365.99,1,0,90,1
defy,comprehension,defy comprehension,100,1105,6.71,defies comprehension,1.78,2,3,52.559,73.66,82.502,87.525,1,0,90,2
defy,concept,defy concept,100,359,2.3,defies the concept,1.41,1,3,170.06,269.24,328.11,364.43,1,0,90,5
defy,convention,defy convention,100,4870,7.89,defy convention,3.28,5,3,159.09,220.05,244.37,257.83,1,0,90,2
defy,court,defy court,100,497,3.59,defy the court,4.31,11,3,152.67,222.89,258.41,278.61,1,0,90,4
defy,critic,defy critic,100,676,5.41,defied critics,3.55,3,3,154.41,233.41,262.31,279.36,1,0,90,2
defy,curfew,defy curfew,100,788,6.33,defying the curfew,2.73,3,3,48.057,67.121,73.718,77.798,1,0,90,2
defy,death,defy death,100,1658,4.77,defy death,3.73,8,3,269.53,391.47,466.23,508.95,1,0,90,6
defy,definition,defy definition,100,2179,5.8,defies definition,3.07,2,3,163.43,238.73,272.28,293.7,1,0,90,1
defy,demand,defy demand,100,486,2.88,defying demands,2.2,5,3,175.66,257.9,291.88,309.12,1,0,90,13
defy,description,defy description,100,5637,7.11,defies description,2.43,3,3,174.9,251.06,286.0,305.62,1,0,90,2
defy,directive,defy directive,100,396,4.9,defied the directive,2.72,1,3,72.573,117.52,150.05,170.02,1,0,90,1
defy,effort,defy effort,100,1226,3.34,defied the efforts,2.33,4,3,200.2,307.62,348.88,374.91,1,0,90,16
defy,expectation,defy expectation,100,9304,7.98,defied expectations,1.62,4,3,128.73,183.66,206.18,218.56,1,0,90,6
defy,explanation,defy explanation,100,4758,7.16,defies explanation,1.87,3,3,138.91,207.33,235.97,252.01,1,0,90,1
defy,family,defy family,100,382,1.61,defy her family,4.23,8,3,241.61,347.92,387.48,407.58,1,0,90,11
defy,fate,defy fate,100,500,4.68,defy fate,1.53,3,3,111.49,189.14,222.47,238.79,1,0,90,1
defy,father,defy father,100,914,4.32,defies her father,4.52,8,3,191.12,344.13,469.14,548.99,1,0,90,3
defy,force,defy force,100,540,2.55,defy the forces,3.0,10,3,126.65,244.96,289.46,319.69,1,0,90,11
defy,genre,defy genre,100,924,5.74,defies genre,2.37,4,3,148.0,215.13,240.93,254.48,1,0,90,1
defy,god,defy god,100,611,4.67,defy the gods,2.07,4,3,158.94,274.62,320.75,349.45,1,0,90,1
defy,government,defy government,100,1625,4.08,defy the government,2.88,4,3,149.61,245.04,291.34,317.6,1,0,90,7
defy,gravity,defy gravity,100,10447,9.72,defy gravity,2.86,3,3,73.094,104.58,115.01,120.81,1,0,90,1
defy,history,defy history,100,515,2.39,defy history,2.96,5,3,244.12,342.42,382.02,402.74,1,0,90,9
defy,idea,defy idea,100,435,0.86,defies the idea,1.61,5,3,186.11,292.47,339.77,365.76,1,0,90,31
defy,imagination,defy imagination,100,1482,6.38,defies imagination,1.69,3,3,94.676,139.25,161.68,174.76,1,0,90,11
defy,instruction,defy instruction,100,397,2.92,defied the instructions,3.37,4,3,147.3,209.35,229.45,241.2,1,0,90,2
defy,interpretation,defy interpretation,100,515,4.47,defy interpretation,1.4,4,3,149.61,222.41,253.36,275.46,1,0,90,1
defy,label,defy label,100,625,4.39,defies labels,4.46,4,3,152.77,246.72,285.4,306.92,1,0,90,4
defy,law,defy law,100,12283,6.7,defy the laws,2.57,7,3,136.56,216.4,271.88,309.43,1,0,90,10
defy,limit,defy limit,100,576,3.43,defy the limits,2.28,6,3,166.96,240.9,272.83,290.23,1,0,90,7
defy,limitation,defy limitation,100,392,3.97,defy the limitations,2.18,5,3,104.83,176.76,207.74,223.49,1,0,90,1
defy,logic,defy logic,100,11557,9.09,defies logic,1.72,5,3,103.38,157.82,180.81,193.67,1,0,90,2
defy,man,defy man,100,393,0.74,defy any man,4.79,11,3,192.73,336.5,412.7,455.21,1,0,90,37
defy,nature,defy nature,100,984,4.23,defy nature,2.92,5,3,226.45,322.1,366.62,391.67,1,0,90,2
defy,norm,defy norm,100,2142,6.69,defy the norm,2.11,2,3,118.45,163.09,181.35,190.91,1,0,90,1
defy,notion,defy notion,100,923,5.16,defies the notion,1.93,4,3,164.54,242.78,288.04,315.87,1,0,90,5
defy,odd,defy odd,100,10482,9.26,defied the odds,1.7,0,3,26.264,36.774,40.899,43.129,1,0,90,5
defy,opinion,defy opinion,100,537,3.09,defy public opinion,1.93,6,3,152.86,241.2,273.22,291.02,1,0,90,10
defy,order,defy order,100,8475,6.25,defied orders,2.79,15,3,200.56,276.77,305.55,320.28,1,0,90,8
defy,parent,defy parent,100,641,3.38,defy their parents,4.56,2,3,212.98,299.5,336.44,360.16,1,0,90,2
defy,police,defy police,100,454,3.73,defied the police,4.79,1,3,142.05,205.86,231.44,245.41,1,0,90,2
defy,policy,defy policy,100,477,2.14,defy the policy,2.76,3,3,171.66,250.29,295.41,320.55,1,0,90,12
defy,power,defy power,100,1025,2.52,defy the power,2.04,9,3,196.2,276.34,308.2,322.74,1,0,90,19
defy,prediction,defy prediction,100,1468,6.26,defied predictions,2.36,2,3,115.57,163.37,189.59,203.75,1,0,90,1
defy,pressure,defy pressure,100,570,3.14,defied pressure,3.07,7,3,191.44,287.36,318.12,333.55,1,0,90,4
defy,principle,defy principle,100,689,3.75,defies the principle,1.7,6,3,173.17,258.58,301.03,328.38,1,0,90,2
defy,purpose,defy purpose,100,401,2.99,defies the purpose,1.52,3,3,205.05,308.91,358.45,383.75,1,0,90,3
defy,reality,defy reality,100,1096,4.64,defies reality,1.72,4,3,156.24,228.7,258.45,273.33,1,0,90,8
defy,reason,defy reason,100,1792,3.7,defies reason,1.93,6,3,234.48,357.74,407.43,432.0,1,0,90,2
defy,regulation,defy regulation,100,367,3.27,defied regulations,2.0,6,3,119.59,192.21,243.35,275.98,1,0,90,6
defy,resolution,defy resolution,100,588,4.06,defied resolution,2.37,11,3,112.14,169.71,194.63,208.57,1,0,90,1
defy,restriction,defy restriction,100,692,4.38,defying restrictions,2.25,3,3,124.18,195.85,234.24,255.99,1,0,90,4
defy,rule,defy rule,100,3088,4.87,defy the rules,2.57,12,3,177.48,280.06,326.59,358.7,1,0,90,11
defy,ruling,defy ruling,100,514,4.99,defy the ruling,2.32,1,3,106.01,164.73,190.69,205.18,1,0,90,1
defy,sanction,defy sanction,100,419,4.52,defying US sanctions,2.3,4,3,79.768,130.62,153.96,166.82,1,0,90,4
defy,science,defy science,100,635,4.08,defy science,2.79,2,3,110.46,171.68,216.53,247.64,1,0,90,1
defy,sense,defy sense,100,3407,4.57,defies common sense,2.61,5,3,206.76,300.07,335.13,356.84,1,0,90,11
defy,solution,defy solution,100,917,2.68,defied solution,2.61,5,3,187.76,265.14,296.6,314.05,1,0,90,7
defy,standard,defy standard,100,537,2.58,defy the standards,1.83,6,3,145.8,231.6,271.5,290.46,1,0,90,2
defy,state,defy state,100,495,2.06,defy the state,3.52,8,3,191.75,277.34,313.22,330.08,1,0,90,12
defy,stereotype,defy stereotype,100,2833,7.77,defy stereotypes,2.0,1,3,82.408,127.44,146.43,156.09,1,0,90,2
defy,subpoena,defy subpoena,100,843,6.44,defying a subpoena,3.46,1,3,30.281,44.291,52.451,56.507,1,0,90,1
defy,system,defy system,100,532,0.69,defy the system,2.94,9,3,223.61,330.78,374.49,401.55,1,0,90,36
defy,theory,defy theory,100,399,2.97,defy the theory,1.47,3,3,196.65,287.5,337.25,366.48,1,0,90,7
defy,threat,defy threat,100,841,3.89,defied threats,2.52,4,3,184.42,279.11,309.64,325.29,1,0,90,8
defy,time,defy time,100,1077,0.52,defy time,3.07,10,3,273.83,408.51,469.17,512.74,1,0,90,50
defy,tradition,defy tradition,100,1201,5.15,defy tradition,1.69,2,3,209.79,305.49,345.92,368.67,1,0,90,4
defy,trend,defy trend,100,1455,4.88,defied the trend,2.42,4,3,152.45,216.03,241.24,254.47,1,0,90,5
defy,understanding,defy understanding,100,1357,4.37,defies understanding,1.92,4,3,129.87,208.71,244.67,262.27,1,0,90,4
defy,warning,defy warning,100,646,4.58,defied warnings,3.21,3,3,138.74,199.59,223.89,237.92,1,0,90,1
defy,whip,defy whip,100,416,5.37,defied the whip,4.68,5,3,59.164,80.916,87.681,91.144,1,0,90,3
defy,will,defy will,100,1376,5.64,defy the will of,2.64,3,3,119.66,173.51,192.85,203.27,1,0,90,4
defy,wisdom,defy wisdom,100,1558,6.38,defy conventional wisdom,1.53,5,3,100.6,143.27,159.8,171.67,1,0,90,2
defy,wish,defy wish,100,593,5.01,defy the wishes,1.77,4,3,133.37,186.34,208.63,221.8,1,0,90,1
defy,word,defy word,100,569,1.71,defies words,3.56,10,3,247.83,371.55,418.36,446.17,1,0,90,25
defy,world,defy world,100,690,2.24,defy the world,4.36,8,3,202.2,309.66,360.98,390.98,1,0,90,28
dent,budget,dent budget,100,159,2.32,dent the budget,3.14,2,1,107.41,155.85,174.75,190.35,1,0,23,7
dent,car,dent car,100,750,2.58,dented car,4.89,5,1,146.58,271.86,328.14,362.93,1,0,23,26
dent,chance,dent chance,100,194,0.62,dent their chances,1.64,5,1,145.16,211.81,236.5,250.46,1,0,23,2
dent,chart,dent chart,100,179,3.26,dent the charts,4.48,2,1,87.189,124.06,136.55,142.85,1,0,23,1
dent,confidence,dent confidence,100,1228,5.39,dented confidence,2.17,5,1,114.6,160.91,178.32,187.72,1,0,23,3
dent,credibility,dent credibility,100,269,4.97,dented the credibility,2.29,1,1,69.476,107.17,121.6,130.55,1,0,23,3
dent,demand,dent demand,100,434,2.89,dented demand,2.2,5,1,175.66,257.9,291.88,309.12,1,0,23,13
dent,door,dent door,100,482,2.69,dented door,4.81,5,1,145.33,240.25,284.65,309.98,1,0,23,14
dent,enthusiasm,dent enthusiasm,100,146,4.52,dent the enthusiasm,2.34,3,1,117.92,180.95,209.12,227.37,1,0,23,4
dent,fender,dent fender,100,483,7.92,dented fender,4.54,4,1,47.439,69.117,77.492,82.196,1,0,23,1
dent,growth,dent growth,100,271,1.95,dent growth,2.89,7,1,144.79,208.57,237.72,256.21,1,0,23,11
dent,hope,dent hope,100,409,3.47,dented hopes,1.25,6,1,166.95,241.91,272.45,287.77,1,0,23,11
dent,image,dent image,100,744,2.47,dent the image,3.85,9,1,179.93,316.21,370.25,403.89,1,0,23,21
dent,metal,dent metal,100,244,3.91,dented metal,4.87,2,1,125.31,203.89,250.4,277.21,1,0,23,9
dent,popularity,dent popularity,100,211,4.33,dent his popularity,2.37,1,1,155.6,227.92,252.47,266.12,1,0,23,1
dent,profit,dent profit,100,270,3.12,dent profits,3.07,2,1,59.81,135.58,177.33,201.82,1,0,23,9
dent,prospect,dent prospect,100,167,3.42,dent the prospects,2.4,5,1,132.4,199.93,226.41,240.52,1,0,23,3
dent,reputation,dent reputation,100,413,4.03,dented the reputation,1.64,3,1,181.29,254.1,285.24,303.63,1,0,23,6
dent,sale,dent sale,100,263,2.36,dented sales,3.37,5,1,154.6,242.39,283.58,307.71,1,0,23,8
dent,sentiment,dent sentiment,100,338,5.1,dented sentiment,2.1,2,1,107.7,162.53,184.29,195.29,1,0,23,7
dent,surface,dent surface,100,180,2.48,dent the surface,4.26,6,1,249.55,357.56,402.19,427.02,1,0,23,10
dent,wall,dent wall,100,213,2.41,dented the wall,4.86,8,1,199.95,305.54,363.69,395.21,1,0,23,15
dent,wallet,dent wallet,100,155,5.08,dent your wallet,4.81,1,1,43.801,72.951,88.891,97.196,1,0,23,2
dissolve,acid,dissolve acid,100,1175,5.68,acid dissolved,4.25,2,11,123.17,180.16,207.84,225.52,1,0,83,3
dissolve,amount,dissolve amount,100,712,2.22,amount dissolved,2.74,4,11,171.9,263.47,299.86,323.81,1,0,83,19
dissolve,army,dissolve army,100,621,4.19,army dissolved,4.7,3,11,127.38,213.56,259.99,294.17,1,0,83,8
dissolve,assembly,dissolve assembly,100,2401,6.74,assembly was dissolved,3.79,6,11,94.855,153.07,183.98,200.67,1,0,83,1
dissolve,association,dissolve association,100,693,4.45,association was dissolved,2.3,8,11,171.3,254.09,291.62,317.57,1,0,83,1
dissolve,band,dissolve band,100,1359,4.58,band dissolved,4.68,13,11,247.28,343.56,379.96,400.28,1,0,83,3
dissolve,barrier,dissolve barrier,100,985,4.8,dissolve the barriers,4.41,3,11,128.97,196.07,218.23,228.6,1,0,83,7
dissolve,board,dissolve board,100,838,3.95,board was dissolved,4.57,9,11,187.08,278.44,317.8,338.2,1,0,83,5
dissolve,body,dissolve body,100,2078,4.0,body dissolved,4.79,11,11,237.41,335.77,373.18,393.77,1,0,83,40
dissolve,bond,dissolve bond,100,880,4.78,dissolve the bonds,3.62,10,11,110.64,161.44,182.63,192.11,1,0,83,6
dissolve,boundary,dissolve boundary,100,1862,5.92,dissolve the boundaries,3.04,3,11,204.72,290.82,325.85,344.29,1,0,83,7
dissolve,business,dissolve business,100,784,2.12,dissolve the business,3.28,9,11,153.74,238.14,275.17,295.29,1,0,83,18
dissolve,calcium,dissolve calcium,100,582,5.48,dissolved calcium,4.07,1,11,34.563,60.367,78.12,90.055,1,0,83,1
dissolve,carbon,dissolve carbon,100,5500,8.27,dissolved organic carbon,4.22,3,11,53.448,82.738,97.755,108.4,1,0,83,2
dissolve,carbonate,dissolve carbonate,100,753,6.04,dissolved calcium carbonate,3.43,1,11,39.911,63.96,77.031,87.46,1,0,83,1
dissolve,chemical,dissolve chemical,100,934,5.26,dissolved chemicals,3.86,1,11,114.0,164.19,185.15,199.78,1,0,83,5
dissolve,clot,dissolve clot,100,1696,7.12,dissolve blood clots,4.2,1,11,31.147,44.436,50.026,54.033,1,0,83,1
dissolve,club,dissolve club,100,966,4.4,the club was dissolved,3.78,7,11,243.73,343.32,386.17,409.6,1,0,83,5
dissolve,committee,dissolve committee,100,1053,5.01,committee was dissolved,4.14,2,11,116.37,212.4,251.44,277.13,1,0,83,2
dissolve,company,dissolve company,100,4595,4.42,company was dissolved,4.11,9,11,158.09,282.67,333.64,366.19,1,0,83,17
dissolve,component,dissolve component,100,614,3.21,dissolved components,3.04,3,11,198.7,289.8,324.64,343.57,1,0,83,1
dissolve,compound,dissolve compound,100,1683,6.16,dissolved organic compounds,3.03,3,11,170.21,240.39,272.02,289.03,1,0,83,3
dissolve,concentration,dissolve concentration,100,4481,7.4,dissolved oxygen concentrations,2.1,7,11,147.86,210.46,239.33,256.53,1,0,83,1
dissolve,content,dissolve content,100,1397,3.72,dissolved oxygen content,2.59,7,11,164.92,250.07,280.91,297.3,1,0,83,17
dissolve,contract,dissolve contract,100,722,3.49,dissolve the contract,4.15,3,11,157.64,239.45,272.05,289.2,1,0,83,6
dissolve,copper,dissolve copper,100,699,5.63,dissolved copper,4.52,5,11,70.123,123.32,154.53,174.32,1,0,83,1
dissolve,corporation,dissolve corporation,100,2111,6.57,dissolved corporation,2.79,2,11,129.51,213.28,255.58,283.84,1,0,83,1
dissolve,council,dissolve council,100,1028,5.48,council was dissolved,2.73,3,11,130.07,218.71,259.2,286.08,1,0,83,1
dissolve,crystal,dissolve crystal,100,936,5.71,crystals dissolved,4.58,6,11,119.08,167.46,184.71,196.54,1,0,83,2
dissolve,dioxide,dissolve dioxide,100,1479,6.74,dissolved carbon dioxide,2.81,1,11,35.346,63.58,82.271,97.104,1,0,83,2
dissolve,district,dissolve district,100,1223,5.31,district was dissolved,3.29,1,11,177.67,264.19,330.46,366.21,1,0,83,1
dissolve,drug,dissolve drug,100,614,3.54,drug dissolved,4.48,1,11,122.95,192.91,226.63,245.26,1,0,83,3
dissolve,firm,dissolve firm,100,979,4.44,firm was dissolved,3.54,1,11,174.11,266.25,301.24,325.77,1,0,83,2
dissolve,form,dissolve form,100,1115,2.95,dissolved form,3.13,16,11,243.13,363.22,411.47,440.19,1,0,83,6
dissolve,gas,dissolve gas,100,4762,7.06,dissolved gases,4.29,6,11,103.21,166.51,194.99,212.88,1,0,83,6
dissolve,gelatin,dissolve gelatin,100,1139,6.66,Dissolve gelatin,4.79,3,11,23.982,40.854,48.961,54.585,1,0,83,2
dissolve,gold,dissolve gold,100,918,4.9,dissolve gold,4.81,5,11,88.382,172.23,210.45,229.06,1,0,83,3
dissolve,government,dissolve government,100,2485,4.66,dissolve the government,2.88,4,11,149.61,245.04,291.34,317.6,1,0,83,7
dissolve,group,dissolve group,100,1594,3.18,group dissolved,4.12,3,11,225.61,346.48,394.01,420.34,1,0,83,12
dissolve,house,dissolve house,100,1051,3.26,dissolve the lower house,5.0,12,11,207.43,310.94,359.63,394.2,1,0,83,10
dissolve,injunction,dissolve injunction,100,1202,6.34,dissolve the injunction,2.41,2,11,56.883,85.666,97.547,104.65,1,0,83,2
dissolve,iron,dissolve iron,100,1404,6.29,dissolved iron,4.59,4,11,80.514,145.14,176.53,197.6,1,0,83,3
dissolve,legislature,dissolve legislature,100,621,5.53,dissolve the legislature,2.54,1,11,68.685,118.9,142.78,156.84,1,0,83,1
dissolve,level,dissolve level,100,3023,4.11,dissolved oxygen levels,2.86,8,11,233.88,337.78,381.3,409.81,1,0,83,12
dissolve,limestone,dissolve limestone,100,647,5.77,dissolved limestone,4.59,1,11,47.05,117.94,157.64,180.19,1,0,83,1
dissolve,marriage,dissolve marriage,100,6378,7.61,marriage was dissolved,2.51,4,11,196.35,296.41,331.1,348.3,1,0,83,2
dissolve,material,dissolve material,100,2379,4.12,dissolved material,4.26,5,11,225.35,316.51,351.27,369.43,1,0,83,25
dissolve,matter,dissolve matter,100,4041,5.39,dissolved organic matter,3.54,6,11,187.88,297.05,343.44,366.56,1,0,83,3
dissolve,metal,dissolve metal,100,2416,6.52,dissolved metals,4.87,2,11,125.31,203.89,250.4,277.21,1,0,83,9
dissolve,mineral,dissolve mineral,100,2896,7.55,dissolved minerals,4.41,1,11,84.193,123.51,143.48,156.64,1,0,83,1
dissolve,molecule,dissolve molecule,100,721,5.2,molecules dissolved,3.27,2,11,133.26,195.09,236.12,261.52,1,0,83,1
dissolve,monastery,dissolve monastery,100,979,6.11,monastery was dissolved,4.75,1,11,98.858,160.74,201.61,227.63,1,0,83,1
dissolve,nitrogen,dissolve nitrogen,100,1635,6.96,dissolved nitrogen,3.41,1,11,33.364,57.809,77.897,93.18,1,0,83,1
dissolve,nutrient,dissolve nutrient,100,1374,6.28,dissolved nutrients,3.5,2,11,66.05,93.771,106.44,115.02,1,0,83,1
dissolve,oil,dissolve oil,100,1055,4.31,dissolved oil,4.93,4,11,116.09,174.9,208.49,229.11,1,0,83,13
dissolve,order,dissolve order,100,999,3.12,order was dissolved,2.79,15,11,200.56,276.77,305.55,320.28,1,0,83,8
dissolve,organization,dissolve organization,100,1274,4.02,dissolve the organization,3.0,7,11,141.2,230.32,278.27,307.1,1,0,83,2
dissolve,oxygen,dissolve oxygen,100,21156,10.22,dissolved oxygen,3.66,1,11,48.372,86.943,107.6,122.17,1,0,83,2
dissolve,parliament,dissolve parliament,100,5401,8.64,dissolve parliament,3.76,2,11,88.732,154.66,193.32,213.95,1,0,83,1
dissolve,part,dissolve part,100,599,0.39,dissolve part,3.29,12,11,237.04,382.12,430.05,454.33,1,0,83,30
dissolve,particle,dissolve particle,100,644,4.9,dissolved particles,3.78,3,11,107.72,180.97,212.93,231.98,1,0,83,2
dissolve,partnership,dissolve partnership,100,6189,7.41,partnership was dissolved,2.82,3,11,168.4,260.8,306.07,330.05,1,0,83,5
dissolve,party,dissolve party,100,1997,4.44,party was dissolved,3.89,5,11,161.4,244.31,287.75,312.33,1,0,83,10
dissolve,polymer,dissolve polymer,100,645,5.56,polymer is dissolved,4.28,1,11,84.588,127.48,146.5,157.93,1,0,83,1
dissolve,powder,dissolve powder,100,1541,6.27,powder dissolved,4.76,3,11,97.959,146.6,172.39,191.34,1,0,83,3
dissolve,product,dissolve product,100,684,1.76,product is dissolved,4.17,6,11,227.73,323.72,365.31,390.22,1,0,83,15
dissolve,pulp,dissolve pulp,100,785,6.03,dissolving pulp,4.3,5,11,64.154,90.673,99.941,105.02,1,0,83,2
dissolve,relationship,dissolve relationship,100,1171,3.3,dissolve the relationship,2.8,4,11,256.77,383.37,435.58,473.39,1,0,83,10
dissolve,residue,dissolve residue,100,844,5.79,residue was dissolved in,3.78,2,11,90.608,132.05,147.24,157.65,1,0,83,1
dissolve,rock,dissolve rock,100,731,4.48,dissolves the rock,4.91,7,11,225.91,320.78,360.6,382.06,1,0,83,10
dissolve,salt,dissolve salt,100,5850,8.2,dissolved salts,4.89,4,11,95.397,158.93,190.86,211.55,1,0,83,4
dissolve,sample,dissolve sample,100,981,4.22,sample was dissolved,3.79,3,11,166.24,232.86,260.07,273.73,1,0,83,4
dissolve,state,dissolve state,100,850,2.81,dissolved state,3.52,8,11,191.75,277.34,313.22,330.08,1,0,83,12
dissolve,stone,dissolve stone,100,1108,5.04,dissolve kidney stones,4.72,13,11,159.19,242.89,279.87,302.48,1,0,83,11
dissolve,structure,dissolve structure,100,599,2.77,structure was dissolved,4.03,5,11,243.93,343.97,379.8,400.18,1,0,83,8
dissolve,substance,dissolve substance,100,2619,6.57,dissolved substances,3.44,7,11,130.28,195.61,220.84,238.43,1,0,83,2
dissolve,sugar,dissolve sugar,100,7278,8.29,sugar is dissolved,4.87,3,11,84.472,131.97,165.27,185.99,1,0,83,4
dissolve,system,dissolve system,100,629,0.93,system dissolved,2.94,9,11,223.61,330.78,374.49,401.55,1,0,83,36
dissolve,tablet,dissolve tablet,100,1723,6.44,dissolving tablets,4.82,4,11,106.08,157.44,174.61,182.97,1,0,83,2
dissolve,team,dissolve team,100,843,2.17,team was dissolved,3.79,2,11,204.37,328.15,369.37,388.62,1,0,83,22
dissolve,union,dissolve union,100,1879,6.16,dissolve the union,3.38,11,11,126.55,197.12,230.43,251.02,1,0,83,1
dissolve,unit,dissolve unit,100,599,2.78,unit was dissolved,3.77,6,11,223.82,323.7,361.47,379.55,1,0,83,8
dissolve,yeast,dissolve yeast,100,1587,6.92,Dissolve yeast in,4.72,2,11,72.098,100.31,112.09,119.11,1,0,83,1
drive,action,drive action,100,12862,5.53,drive action,2.86,10,22,202.3,294.93,326.83,343.62,1,0,97,13
drive,activity,drive activity,100,7926,4.87,activity driven,2.72,6,22,227.17,320.91,359.98,381.47,1,0,97,10
drive,adoption,drive adoption,100,12945,6.36,drive adoption,3.03,3,22,98.546,155.0,177.3,191.79,1,0,97,1
drive,agenda,drive agenda,100,10630,6.0,agenda driven,2.66,2,22,133.95,192.96,217.15,230.81,1,0,97,2
drive,approach,drive approach,100,7622,4.93,driven approach,2.74,9,22,228.24,334.77,377.46,398.77,1,0,97,6
drive,ball,drive ball,100,10505,5.67,drive the ball,5.0,12,22,152.85,224.94,253.8,268.96,1,0,97,26
drive,behavior,drive behavior,100,12366,6.03,driving behavior,2.19,4,22,116.36,238.39,285.07,308.12,1,0,97,1
drive,bus,drive bus,100,15895,6.57,driving the bus,4.9,4,22,111.04,188.77,224.5,248.99,1,0,97,3
drive,business,drive business,100,25238,6.32,drive business,3.28,9,22,153.74,238.14,275.17,295.29,1,0,97,18
drive,car,drive car,100,220243,9.66,driving a car,4.89,5,22,146.58,271.86,328.14,362.93,1,0,97,26
drive,change,drive change,100,58610,7.37,drive change,2.89,10,22,169.83,260.43,300.98,324.77,1,0,97,14
drive,character,drive character,100,9627,5.29,character driven,2.93,9,22,277.35,405.34,452.72,475.45,1,0,97,14
drive,community,drive community,100,8581,5.06,community driven,3.52,6,22,214.58,316.13,353.91,376.42,1,0,97,12
drive,company,drive company,100,11347,5.01,driven company,4.11,9,22,158.09,282.67,333.64,366.19,1,0,97,17
drive,condition,drive condition,100,11927,5.56,driving conditions,2.15,8,22,194.29,312.47,352.93,373.86,1,0,97,5
drive,cost,drive cost,100,11763,5.36,drive costs,2.5,3,22,160.14,263.17,306.3,332.11,1,0,97,14
drive,customer,drive customer,100,9046,5.33,drive customers,3.82,1,22,113.93,195.73,240.52,265.35,1,0,97,6
drive,day,drive day,100,9985,4.49,drive every day,3.92,10,22,202.17,322.8,424.94,489.25,1,0,97,31
drive,decision,drive decision,100,21028,6.17,drive decisions,2.19,5,22,178.12,260.71,300.65,322.66,1,0,97,8
drive,demand,drive demand,100,27941,7.09,driving demand,2.2,5,22,175.66,257.9,291.88,309.12,1,0,97,13
drive,development,drive development,100,27732,6.88,drive the development,2.41,9,22,188.62,267.55,302.33,321.56,1,0,97,9
drive,direction,drive direction,100,26168,7.17,driving directions,2.79,9,22,226.73,322.34,356.32,374.95,1,0,97,6
drive,distance,drive distance,100,30211,7.33,driving distance,3.17,6,22,218.74,308.61,345.61,367.51,1,0,97,4
drive,economy,drive economy,100,18110,6.57,drive the economy,2.57,4,22,165.36,238.62,265.62,283.32,1,0,97,14
drive,efficiency,drive efficiency,100,13865,6.3,drive efficiency,2.15,2,22,89.84,138.97,165.65,180.54,1,0,97,2
drive,effort,drive effort,100,7324,4.82,driving efforts,2.33,4,22,200.2,307.62,348.88,374.91,1,0,97,16
drive,engagement,drive engagement,100,12558,6.26,drive engagement,2.75,7,22,119.99,167.96,186.16,195.98,1,0,97,1
drive,engine,drive engine,100,7420,5.28,engine driven,4.86,4,22,161.05,244.11,278.23,299.74,1,0,97,8
drive,event,drive event,100,9801,4.98,event driven,2.69,4,22,226.3,317.53,360.62,385.59,1,0,97,19
drive,experience,drive experience,100,29555,6.36,driving experience,1.8,3,22,185.87,276.44,315.87,336.02,1,0,97,12
drive,factor,drive factor,100,13674,5.92,driving factor,2.79,7,22,218.31,307.41,343.05,363.51,1,0,97,2
drive,force,drive force,100,141843,9.26,the driving force behind,3.0,10,22,126.65,244.96,289.46,319.69,1,0,97,11
drive,game,drive game,100,8899,4.44,driving game,4.5,11,22,197.97,310.04,362.54,399.13,1,0,97,35
drive,growth,drive growth,100,96555,8.79,drive growth,2.89,7,22,144.79,208.57,237.72,256.21,1,0,97,11
drive,home,drive home,100,86816,7.85,driving home,4.11,9,22,239.73,352.55,396.94,419.06,1,0,97,14
drive,hour,drive hour,100,24975,6.66,drive an hour,3.1,4,22,196.05,338.94,416.53,461.12,1,0,97,5
drive,improvement,drive improvement,100,17999,6.56,drive improvements,2.6,3,22,133.03,194.17,223.39,237.91,1,0,97,1
drive,increase,drive increase,100,11564,5.86,increase was driven,2.61,5,22,126.39,203.97,260.39,291.03,1,0,97,3
drive,industry,drive industry,100,11130,5.81,drive the industry,3.29,3,22,138.47,248.2,308.72,337.96,1,0,97,9
drive,initiative,drive initiative,100,8404,5.52,driven initiatives,2.03,2,22,160.3,243.1,285.97,307.28,1,0,97,3
drive,innovation,drive innovation,100,37493,7.81,drive innovation,1.97,3,22,116.4,177.04,198.31,209.83,1,0,97,8
drive,instructor,drive instructor,100,10468,6.07,a driving instructor,4.26,1,22,91.165,139.27,165.69,179.76,1,0,97,1
drive,lesson,drive lesson,100,13683,6.16,driving lessons,2.79,4,22,128.34,182.48,200.8,210.24,1,0,97,2
drive,licence,drive licence,100,16337,6.71,driving licence,4.57,3,22,54.478,103.19,130.98,147.47,1,0,97,1
drive,license,drive license,100,12315,6.14,driving license,4.0,4,22,52.755,97.55,124.62,138.55,1,0,97,2
drive,lot,drive lot,100,9093,4.08,drive a lot,3.7,7,22,144.92,243.93,294.05,322.54,1,0,97,34
drive,man,drive man,100,13443,5.16,man driven,4.79,11,22,192.73,336.5,412.7,455.21,1,0,97,37
drive,market,drive market,100,41763,7.48,market driven,4.7,5,22,166.28,245.6,289.22,311.24,1,0,97,22
drive,mile,drive mile,100,53085,8.07,miles driven,3.63,8,22,139.01,269.39,338.98,374.99,1,0,97,5
drive,model,drive model,100,9742,5.11,model driven,4.53,9,22,257.89,360.86,399.17,421.43,1,0,97,10
drive,motor,drive motor,100,12743,6.3,motor driven,4.84,2,22,83.489,129.29,149.45,163.16,1,0,97,2
drive,nail,drive nail,100,8968,5.85,drive a nail,4.93,3,22,64.262,102.44,118.77,127.54,1,0,97,2
drive,need,drive need,100,9944,4.93,driving the need,1.69,4,22,166.74,256.31,305.55,332.02,1,0,97,4
drive,nut,drive nut,100,7380,5.53,driven nuts,4.52,7,22,85.774,126.89,144.53,157.97,1,0,97,3
drive,outcome,drive outcome,100,9238,5.58,drive better outcomes,2.27,2,22,139.77,196.85,219.74,232.08,1,0,97,3
drive,people,drive people,100,41686,5.87,drive people,4.82,4,22,190.25,264.24,315.17,343.14,1,0,97,39
drive,performance,drive performance,100,19123,6.27,driving performance,3.04,5,22,226.31,347.54,398.8,425.5,1,0,97,7
drive,point,drive point,100,11543,4.88,drive home the point,3.39,26,22,249.95,349.67,391.1,417.02,1,0,97,21
drive,policy,drive policy,100,9985,5.33,policy driven,2.76,3,22,171.66,250.29,295.41,320.55,1,0,97,12
drive,price,drive price,100,29867,6.9,drive the price,3.63,7,22,150.25,226.12,259.48,280.51,1,0,97,14
drive,process,drive process,100,20003,5.85,process driven,2.93,6,22,219.57,309.68,362.4,391.04,1,0,97,24
drive,project,drive project,100,11162,5.12,driven projects,3.62,2,22,170.17,284.97,344.87,374.52,1,0,97,19
drive,purpose,drive purpose,100,7773,5.35,purpose driven,1.52,3,22,205.05,308.91,358.45,383.75,1,0,97,3
drive,rain,drive rain,100,8063,5.67,driving rain,4.97,3,22,111.44,176.37,212.4,234.63,1,0,97,4
drive,range,drive range,100,20872,6.38,driving range,3.22,9,22,198.81,309.84,356.99,380.7,1,0,97,6
drive,rate,drive rate,100,8576,4.99,drive interest rates,2.5,4,22,155.47,233.69,262.65,282.31,1,0,97,13
drive,record,drive record,100,13359,5.7,driving record,4.15,8,22,188.53,270.23,302.1,318.6,1,0,97,14
drive,research,drive research,100,8670,5.12,research driven,3.03,2,22,170.07,249.43,282.88,299.95,1,0,97,9
drive,result,drive result,100,20261,5.91,results driven,2.85,4,22,216.6,338.17,395.56,425.61,1,0,97,10
drive,revenue,drive revenue,100,13861,6.29,drive revenue,3.11,2,22,67.994,128.58,165.86,187.41,1,0,97,4
drive,road,drive road,100,9316,5.6,drive the road,4.75,2,22,236.91,405.38,498.87,551.42,1,0,97,9
drive,sale,drive sale,100,28645,7.18,drive sales,3.37,5,22,154.6,242.39,283.58,307.71,1,0,97,8
drive,school,drive school,100,11734,5.55,driving school,4.79,7,22,149.12,280.27,350.18,390.54,1,0,97,7
drive,ship,drive ship,100,7610,5.34,The ship was driven ashore,4.87,1,22,128.34,250.17,304.84,346.07,1,0,97,15
drive,skill,drive skill,100,11803,5.49,driving skills,2.17,2,22,158.2,237.46,270.14,289.39,1,0,97,10
drive,solution,drive solution,100,8265,4.87,driven solutions,2.61,5,22,187.76,265.14,296.6,314.05,1,0,97,7
drive,story,drive story,100,11397,4.96,story driven,3.3,6,22,197.18,328.22,376.06,402.62,1,0,97,28
drive,strategy,drive strategy,100,11596,5.64,drive strategy,1.93,2,22,159.33,237.03,280.72,303.86,1,0,97,8
drive,style,drive style,100,9390,5.52,driving style,2.67,9,22,265.3,373.91,413.91,433.56,1,0,97,6
drive,success,drive success,100,14097,6.04,drive success,2.21,4,22,194.18,295.66,331.23,349.41,1,0,97,5
drive,system,drive system,100,18627,5.31,driven system,2.94,9,22,223.61,330.78,374.49,401.55,1,0,97,36
drive,team,drive team,100,11390,5.13,driven winning team,3.79,2,22,204.37,328.15,369.37,388.62,1,0,97,22
drive,technology,drive technology,100,11439,5.5,technology driven,3.24,2,22,185.06,271.52,307.47,331.95,1,0,97,4
drive,test,drive test,100,21193,6.49,driving test,3.93,6,22,143.42,222.3,256.56,274.48,1,0,97,5
drive,time,drive time,100,15349,4.11,driving time,3.07,10,22,273.83,408.51,469.17,512.74,1,0,97,50
drive,tractor,drive tractor,100,7307,5.6,driving a tractor,5.0,2,22,57.242,85.708,102.83,117.05,1,0,97,1
drive,traffic,drive traffic,100,38476,7.79,to drive traffic,4.67,4,22,129.05,185.05,208.03,221.77,1,0,97,5
drive,transformation,drive transformation,100,11215,6.13,drive digital transformation,2.94,5,22,126.8,181.3,200.47,210.91,1,0,97,1
drive,truck,drive truck,100,47524,8.13,drive a truck,4.84,2,22,111.64,174.34,208.56,235.87,1,0,97,5
drive,value,drive value,100,17745,5.73,drive value,1.62,6,22,204.29,287.34,318.64,334.81,1,0,97,21
drive,van,drive van,100,10620,6.11,driving a van,4.72,5,22,107.98,153.83,177.45,193.51,1,0,97,2
drive,vehicle,drive vehicle,100,66778,8.3,driving a vehicle,4.64,4,22,135.77,243.43,288.48,318.05,1,0,97,14
drive,way,drive way,100,13812,4.28,driving the wrong way,2.34,12,22,244.04,355.4,397.34,421.07,1,0,97,38
drive,wedge,drive wedge,100,16332,6.77,drive a wedge between,4.41,7,22,83.68,116.41,127.43,132.84,1,0,97,1
drive,wheel,drive wheel,100,15972,6.53,driving wheels,4.86,7,22,146.0,205.63,231.03,249.6,1,0,97,8
drive,work,drive work,100,7883,4.06,work is driven,3.48,7,22,272.87,386.54,424.55,447.82,1,0,97,22
drive,year,drive year,100,7385,3.7,year driven,3.25,4,22,119.49,308.84,424.66,500.24,1,0,97,26
drop,album,drop album,100,6852,5.94,dropped an album,4.69,2,23,199.17,316.04,376.82,418.8,1,0,95,4
drop,amount,drop amount,100,3041,3.92,drop the amount,2.74,4,23,171.9,263.47,299.86,323.81,1,0,95,19
drop,anchor,drop anchor,100,9980,7.3,dropped anchor,4.77,3,23,96.973,139.06,152.3,158.34,1,0,95,2
drop,arm,drop arm,100,4188,5.26,dropped his arms,4.96,6,23,180.22,255.25,290.97,315.14,1,0,95,21
drop,bag,drop bag,100,9729,6.66,dropped the bag,4.9,9,23,145.54,219.91,255.08,276.69,1,0,95,15
drop,ball,drop ball,100,37948,8.33,dropped the ball,5.0,12,23,152.85,224.94,253.8,268.96,1,0,95,26
drop,bit,drop bit,100,8707,4.99,dropped a bit,3.27,11,23,192.43,300.42,350.38,380.06,1,0,95,29
drop,bomb,drop bomb,100,60227,9.67,dropping bombs,4.84,3,23,82.168,128.66,156.09,175.26,1,0,95,7
drop,bombshell,drop bombshell,100,6955,6.87,dropped a bombshell,3.88,3,23,25.667,36.257,40.183,42.285,1,0,95,1
drop,book,drop book,100,4314,4.05,dropped the book,4.9,11,23,222.59,338.67,394.89,426.22,1,0,95,15
drop,box,drop box,100,3325,4.9,dropped the box,4.9,10,23,185.98,265.79,297.28,315.78,1,0,95,8
drop,call,drop call,100,8186,5.92,dropped calls,4.0,13,23,152.06,232.35,267.04,285.41,1,0,95,6
drop,car,drop car,100,5193,4.82,drop the car,4.89,5,23,146.58,271.86,328.14,362.93,1,0,95,26
drop,card,drop card,100,3052,4.46,drop a card,4.9,11,23,148.11,207.64,231.41,245.34,1,0,95,11
drop,case,drop case,100,13637,5.63,drop the case,3.93,20,23,282.91,389.36,429.99,455.63,1,0,95,16
drop,catch,drop catch,100,3189,5.6,dropped catches,4.11,10,23,73.649,105.44,122.45,133.98,1,0,95,2
drop,charge,drop charge,100,37689,8.38,charges were dropped,2.96,15,23,190.91,262.88,290.47,306.26,1,0,95,11
drop,child,drop child,100,4045,3.82,drop their children,4.78,4,23,201.04,295.22,346.37,384.22,1,0,95,21
drop,claim,drop claim,100,3126,4.58,dropped the claim,2.96,6,23,178.94,264.63,304.05,329.59,1,0,95,5
drop,class,drop class,100,7838,5.62,drop a class,3.85,8,23,195.01,290.22,321.92,336.94,1,0,95,7
drop,coin,drop coin,100,4455,5.93,drop a coin,4.89,1,23,99.96,146.96,163.78,174.69,1,0,95,4
drop,comment,drop comment,100,6544,5.62,created it ? Drop your comments and a photo,3.29,3,23,189.26,301.09,350.85,380.78,1,0,95,7
drop,connection,drop connection,100,5553,5.4,dropped connections,3.0,9,23,212.19,336.16,390.35,421.85,1,0,95,8
drop,couple,drop couple,100,3992,4.96,dropped a couple of,3.93,5,23,182.09,258.84,294.35,314.51,1,0,95,8
drop,course,drop course,100,8287,5.65,drop a course,3.82,9,23,233.75,333.69,371.1,395.72,1,0,95,6
drop,coverage,drop coverage,100,3953,5.45,drop coverage,2.7,3,23,133.24,189.55,208.63,217.84,1,0,95,1
drop,day,drop day,100,3467,3.29,dropping every day,3.92,10,23,202.17,322.8,424.94,489.25,1,0,95,31
drop,decision,drop decision,100,6411,4.98,dropped a decision,2.19,5,23,178.12,260.71,300.65,322.66,1,0,95,8
drop,eye,drop eye,100,4302,4.61,dropped his eyes,4.9,5,23,206.15,312.42,361.23,392.48,1,0,95,19
drop,file,drop file,100,12471,6.05,drop files,4.41,4,23,161.95,238.97,274.76,297.38,1,0,95,9
drop,food,drop food,100,3681,4.47,dropped food,4.8,3,23,169.07,241.2,280.07,303.04,1,0,95,18
drop,foot,drop foot,100,7617,5.97,dropped foot,4.9,11,23,236.46,337.5,383.01,409.62,1,0,95,23
drop,frame,drop frame,100,4997,5.88,dropped frames,4.3,11,23,172.26,238.89,265.34,281.19,1,0,95,5
drop,game,drop game,100,16880,5.71,dropped a game,4.5,11,23,197.97,310.04,362.54,399.13,1,0,95,35
drop,guard,drop guard,100,3866,5.7,drop their guard,4.04,10,23,153.19,217.57,241.77,254.52,1,0,95,2
drop,gun,drop gun,100,6277,6.04,drop the gun,4.83,7,23,107.12,176.06,215.29,243.49,1,0,95,7
drop,hammer,drop hammer,100,3880,5.96,drop the hammer,4.77,8,23,63.213,100.74,119.15,130.18,1,0,95,3
drop,hand,drop hand,100,10220,5.66,dropped his hand,4.72,14,23,269.2,382.64,427.86,454.46,1,0,95,33
drop,head,drop head,100,12106,6.15,dropped his head,4.75,33,23,299.95,421.51,474.88,503.64,1,0,95,28
drop,hint,drop hint,100,15554,7.79,dropping hints,2.33,5,23,145.16,208.15,236.51,250.97,1,0,95,2
drop,idea,drop idea,100,8451,4.86,dropped the idea,1.61,5,23,186.11,292.47,339.77,365.76,1,0,95,31
drop,investigation,drop investigation,100,3291,5.19,drop the investigation,2.52,2,23,158.8,242.01,274.61,294.4,1,0,95,6
drop,item,drop item,100,10681,6.05,drop items,4.41,5,23,197.78,301.7,343.31,365.49,1,0,95,15
drop,jaw,drop jaw,100,4324,6.1,dropped jaws,4.87,3,23,70.99,102.0,121.56,138.11,1,0,95,4
drop,key,drop key,100,3568,5.05,dropped the keys,4.89,15,23,135.99,198.79,224.6,237.24,1,0,95,7
drop,kid,drop kid,100,5191,5.3,drop the kids,4.56,5,23,142.79,214.98,258.8,288.66,1,0,95,11
drop,knife,drop knife,100,3545,5.63,drop the knife,4.9,3,23,92.137,132.92,155.86,174.34,1,0,95,8
drop,lawsuit,drop lawsuit,100,4712,6.0,drop the lawsuit,2.94,1,23,103.91,157.62,182.08,195.68,1,0,95,2
drop,leaf,drop leaf,100,4693,5.93,drop their leaves,5.0,3,23,136.48,208.19,246.0,268.67,1,0,95,5
drop,leaflet,drop leaflet,100,3639,5.89,dropped leaflets,4.31,3,23,63.197,119.21,142.5,156.92,1,0,95,1
drop,level,drop level,100,4978,4.48,drop the level,2.86,8,23,233.88,337.78,381.3,409.81,1,0,95,12
drop,line,drop line,100,13304,5.94,drop a line,4.5,30,23,253.42,357.41,397.32,421.22,1,0,95,42
drop,load,drop load,100,4351,5.63,drop a load,3.63,9,23,139.13,209.14,235.35,251.18,1,0,95,10
drop,lot,drop lot,100,5405,3.58,dropped a lot,3.7,7,23,144.92,243.93,294.05,322.54,1,0,95,34
drop,match,drop match,100,3626,5.17,dropped the match,4.14,9,23,179.16,263.76,319.74,359.0,1,0,95,6
drop,money,drop money,100,4098,3.95,drop money,4.54,3,23,103.44,164.62,189.47,205.68,1,0,95,15
drop,name,drop name,100,12963,5.48,name was dropped,3.5,6,23,276.55,417.22,464.64,487.44,1,0,95,16
drop,note,drop note,100,6093,5.44,drop a note,4.61,9,23,185.39,262.54,291.67,307.86,1,0,95,8
drop,number,drop number,100,4800,3.62,dropped a number,3.3,11,23,198.05,280.36,322.92,351.63,1,0,95,36
drop,object,drop object,100,5034,5.34,dropped objects,3.66,5,23,227.43,320.07,354.24,371.31,1,0,95,11
drop,packet,drop packet,100,6428,6.57,dropped packets,4.46,4,23,89.323,128.93,146.55,156.84,1,0,95,1
drop,pant,drop pant,100,4099,5.95,dropped his pants,4.38,3,23,34.351,47.478,51.56,53.495,1,0,95,2
drop,part,drop part,100,3418,2.75,dropped part,3.29,12,23,237.04,382.12,430.05,454.33,1,0,95,30
drop,pass,drop pass,100,7136,6.52,dropped passes,2.71,17,23,137.75,207.72,239.64,258.53,1,0,95,5
drop,percent,drop percent,100,29414,7.99,dropped 20 percent,2.7,1,23,113.95,205.55,248.78,272.82,1,0,95,4
drop,phone,drop phone,100,7097,6.14,dropped the phone,4.86,3,23,132.03,200.44,232.92,254.36,1,0,95,8
drop,piece,drop piece,100,5215,4.97,drop a piece,4.14,13,23,236.3,331.62,361.88,377.98,1,0,95,26
drop,place,drop place,100,3872,3.32,dropped two places,3.48,16,23,235.9,337.1,371.44,386.77,1,0,95,13
drop,plan,drop plan,100,8750,5.32,dropped plans,3.4,3,23,144.41,259.22,311.43,339.79,1,0,95,17
drop,player,drop player,100,3448,4.25,drops players,4.15,5,23,226.69,338.56,382.77,407.1,1,0,95,13
drop,point,drop point,100,28338,6.54,dropped points,3.39,26,23,249.95,349.67,391.1,417.02,1,0,95,21
drop,pound,drop pound,100,8063,6.73,drop a few pounds,4.61,14,23,117.82,184.52,220.4,249.61,1,0,95,2
drop,price,drop price,100,19118,6.9,drop the price,3.63,7,23,150.25,226.12,259.48,280.51,1,0,95,14
drop,project,drop project,100,3833,4.04,dropped the project,3.62,2,23,170.17,284.97,344.87,374.52,1,0,95,19
drop,rate,drop rate,100,6797,5.23,drop rates,2.5,4,23,155.47,233.69,262.65,282.31,1,0,95,13
drop,requirement,drop requirement,100,4151,4.74,drop the requirement,2.52,3,23,141.49,230.53,276.57,301.95,1,0,95,6
drop,seed,drop seed,100,3149,5.24,drop seeds,4.71,5,23,144.65,206.61,233.49,248.01,1,0,95,10
drop,set,drop set,100,6215,5.34,dropping a set,3.41,13,23,195.14,287.11,323.46,341.74,1,0,95,8
drop,shot,drop shot,100,3243,4.78,dropped shots,4.44,17,23,163.26,250.01,288.05,309.59,1,0,95,10
drop,spot,drop spot,100,3049,4.82,dropped one spot,4.21,14,23,189.76,265.56,289.52,300.88,1,0,95,3
drop,stuff,drop stuff,100,3267,4.75,drop stuff,3.13,7,23,154.36,228.68,256.01,270.5,1,0,95,15
drop,subject,drop subject,100,4055,5.17,drop the subject,3.14,8,23,174.8,298.14,360.85,387.8,1,0,95,3
drop,support,drop support,100,11824,5.88,dropped support,2.83,11,23,192.66,285.67,327.93,350.38,1,0,95,9
drop,sword,drop sword,100,3001,5.4,dropped his sword,4.93,1,23,97.936,149.28,180.75,198.31,1,0,95,10
drop,table,drop table,100,3605,5.0,drop the table,4.9,6,23,177.55,263.95,299.17,317.47,1,0,95,6
drop,temperature,drop temperature,100,4972,5.77,dropping temperatures,3.71,2,23,147.68,213.28,241.41,258.41,1,0,95,2
drop,thing,drop thing,100,7767,3.78,dropping things,3.17,12,23,143.55,268.8,339.04,370.97,1,0,95,51
drop,time,drop time,100,6367,2.99,dropped three times,3.07,10,23,273.83,408.51,469.17,512.74,1,0,95,50
drop,title,drop title,100,3864,4.9,dropped the title,3.32,10,23,204.83,284.61,311.28,324.35,1,0,95,10
drop,ton,drop ton,100,3502,5.33,dropped a ton,4.17,2,23,79.739,162.69,210.51,238.34,1,0,95,5
drop,video,drop video,100,4413,4.83,dropped a video,4.67,4,23,147.3,222.06,256.29,276.31,1,0,95,7
drop,weapon,drop weapon,100,9749,6.59,drop the weapon,4.76,2,23,121.89,179.72,215.89,244.38,1,0,95,12
drop,weight,drop weight,100,9323,6.37,drop weight,3.94,8,23,136.57,203.08,229.71,245.41,1,0,95,7
drop,word,drop word,100,6280,4.8,drop the word,3.56,10,23,247.83,371.55,418.36,446.17,1,0,95,25
drop,year,drop year,100,8277,4.11,dropped last year,3.25,4,23,119.49,308.84,424.66,500.24,1,0,95,26
enter,address,enter address,100,56345,8.0,enter your email address,3.89,8,9,133.62,193.45,219.57,233.25,1,0,92,3
enter,age,enter age,100,11379,5.77,entered the age,2.86,5,9,220.76,315.48,348.37,365.45,1,0,92,2
enter,agreement,enter agreement,100,24513,6.7,agreement entered,2.22,6,9,161.45,257.69,309.64,342.15,1,0,92,5
enter,amount,enter amount,100,13276,5.38,enter the amount,2.74,4,9,171.9,263.47,299.86,323.81,1,0,92,19
enter,apartment,enter apartment,100,9733,5.67,entered the apartment,4.9,1,9,137.59,204.94,236.68,256.65,1,0,92,2
enter,area,enter area,100,47036,6.92,enter the area,3.72,6,9,263.68,404.24,463.02,501.91,1,0,92,24
enter,arena,enter arena,100,13387,6.22,enter the arena,4.83,4,9,135.38,189.2,214.43,233.37,1,0,92,1
enter,body,enter body,100,25107,6.41,enter the body,4.79,11,9,237.41,335.77,373.18,393.77,1,0,92,40
enter,building,enter building,100,46122,7.5,enter the building,4.64,4,9,193.2,298.76,338.74,361.38,1,0,92,10
enter,business,enter business,100,19160,5.8,entered the business,3.28,9,9,153.74,238.14,275.17,295.29,1,0,92,18
enter,car,enter car,100,10866,5.18,entered the car,4.89,5,9,146.58,271.86,328.14,362.93,1,0,92,26
enter,cell,enter cell,100,15339,6.08,enter the cell,4.44,7,9,151.64,244.74,286.69,309.52,1,0,92,11
enter,chamber,enter chamber,100,11756,6.0,entered the chamber,4.59,5,9,144.08,200.16,221.08,232.59,1,0,92,2
enter,church,enter church,100,13603,5.94,entered the church,4.9,4,9,201.2,314.22,372.83,407.26,1,0,92,5
enter,city,enter city,100,27764,6.78,entered the city,4.79,3,9,196.98,329.78,410.83,452.11,1,0,92,11
enter,class,enter class,100,11812,5.42,entering class,3.85,8,9,195.01,290.22,321.92,336.94,1,0,92,7
enter,code,enter code,100,54945,7.69,enter the code,3.0,3,9,138.61,222.28,254.59,273.05,1,0,92,9
enter,college,enter college,100,15846,6.35,entering college,4.62,3,9,124.95,236.44,307.58,341.55,1,0,92,1
enter,command,enter command,100,13755,6.03,enter the command,2.48,7,9,213.7,301.92,335.28,352.59,1,0,92,1
enter,company,enter company,100,9905,4.71,the Company entered into,4.11,9,9,158.09,282.67,333.64,366.19,1,0,92,17
enter,competition,enter competition,100,35716,7.4,enter the competition,3.86,4,9,146.29,235.72,281.35,307.68,1,0,92,7
enter,contest,enter contest,100,33369,7.45,enter the contest,3.52,2,9,136.23,195.65,222.06,240.5,1,0,92,2
enter,contract,enter contract,100,13808,5.92,contracts entered,4.15,3,9,157.64,239.45,272.05,289.2,1,0,92,6
enter,country,enter country,100,52257,7.5,enter the country,4.17,5,9,173.56,276.1,341.96,389.05,1,0,92,12
enter,date,enter date,100,15226,5.96,enter the date,3.9,8,9,224.11,324.69,358.45,374.86,1,0,92,7
enter,day,enter day,100,11219,4.58,entered the day,3.92,10,9,202.17,322.8,424.94,489.25,1,0,92,31
enter,detail,enter detail,100,26529,6.67,enter your details,2.5,5,9,181.66,257.54,289.87,309.11,1,0,92,10
enter,door,enter door,100,15225,5.93,enter the door,4.81,5,9,145.33,240.25,284.65,309.98,1,0,92,14
enter,era,enter era,100,17950,6.59,entering a new era,2.24,3,9,210.76,305.28,345.17,371.36,1,0,92,1
enter,event,enter event,100,10777,4.99,enter the event,2.69,4,9,226.3,317.53,360.62,385.59,1,0,92,19
enter,facility,enter facility,100,11688,5.63,enter the facility,3.58,5,9,217.82,304.92,336.69,359.59,1,0,92,4
enter,field,enter field,100,38912,7.31,enter the field,4.26,17,9,244.0,344.01,383.08,400.82,1,0,92,12
enter,fray,enter fray,100,14589,6.37,entered the fray,3.18,1,9,45.984,62.911,67.994,70.459,1,0,92,1
enter,game,enter game,100,33591,6.26,entered the game,4.5,11,9,197.97,310.04,362.54,399.13,1,0,92,35
enter,grade,enter grade,100,10742,5.8,entering grades,3.0,9,9,120.72,173.96,191.39,200.97,1,0,92,2
enter,hall,enter hall,100,11756,5.98,entered the hall,4.67,13,9,197.92,295.75,339.91,369.3,1,0,92,1
enter,home,enter home,100,40160,6.63,enter the home,4.11,9,9,239.73,352.55,396.94,419.06,1,0,92,14
enter,house,enter house,100,54063,7.62,entered the house,5.0,12,9,207.43,310.94,359.63,394.2,1,0,92,10
enter,industry,enter industry,100,20304,6.48,enter the industry,3.29,3,9,138.47,248.2,308.72,337.96,1,0,92,9
enter,information,enter information,100,70677,7.07,enter the information,2.87,5,9,188.65,292.02,342.92,373.06,1,0,92,17
enter,judgment,enter judgment,100,32420,7.36,judgment entered,1.68,7,9,81.001,155.34,182.47,196.35,1,0,92,3
enter,land,enter land,100,16805,6.11,enter the land,4.57,11,9,211.49,302.04,339.59,359.75,1,0,92,10
enter,life,enter life,100,22255,5.68,entered my life,2.69,14,9,228.25,333.37,374.48,396.14,1,0,92,27
enter,market,enter market,100,122635,8.87,enter the market,4.7,5,9,166.28,245.6,289.22,311.24,1,0,92,22
enter,mind,enter mind,100,17949,6.23,entered my mind,2.5,7,9,197.15,276.78,313.43,334.55,1,0,92,16
enter,mode,enter mode,100,20430,6.62,Enter Play mode,2.46,6,9,159.78,240.81,275.2,291.3,1,0,92,2
enter,name,enter name,100,73124,7.49,enter the name,3.5,6,9,276.55,417.22,464.64,487.44,1,0,92,16
enter,number,enter number,100,60076,6.89,enter the number,3.3,11,9,198.05,280.36,322.92,351.63,1,0,92,36
enter,office,enter office,100,22569,6.59,entered the office,4.93,7,9,209.75,315.09,351.98,376.55,1,0,92,4
enter,order,enter order,100,30577,6.77,entered an order,2.79,15,9,200.56,276.77,305.55,320.28,1,0,92,8
enter,park,enter park,100,12821,6.03,enter the park,4.74,6,9,234.99,342.22,387.32,417.93,1,0,92,2
enter,password,enter password,100,36580,7.55,enter the password,3.83,1,9,56.943,87.481,103.63,113.39,1,0,92,4
enter,period,enter period,100,22732,6.62,entered a period,3.31,7,9,233.95,381.25,450.75,492.09,1,0,92,3
enter,phase,enter phase,100,38681,7.64,entered a new phase,2.46,4,9,157.81,249.05,277.48,291.92,1,0,92,2
enter,picture,enter picture,100,14861,5.71,enters the picture,4.52,10,9,124.67,237.09,298.33,333.94,1,0,92,7
enter,place,enter place,100,12750,4.66,enter the place,3.48,16,9,235.9,337.1,371.44,386.77,1,0,92,13
enter,plea,enter plea,100,21180,6.88,entered a plea,2.39,3,9,95.437,145.14,164.89,175.92,1,0,92,1
enter,premise,enter premise,100,11717,5.97,enter the premises,2.24,1,9,154.99,215.97,237.58,248.14,1,0,92,1
enter,production,enter production,100,11982,5.72,entered production,2.59,8,9,218.18,311.48,352.51,373.46,1,0,92,7
enter,profession,enter profession,100,13847,6.23,enter the profession,2.83,4,9,123.69,188.42,212.51,224.3,1,0,92,1
enter,program,enter program,100,30732,6.3,enter the program,3.43,8,9,175.08,280.8,337.3,363.32,1,0,92,15
enter,property,enter property,100,12031,5.42,enter the property,3.9,5,9,209.32,300.52,334.86,350.85,1,0,92,6
enter,race,enter race,100,24121,6.79,entered the race,3.59,6,9,158.94,236.9,277.44,300.12,1,0,92,4
enter,realm,enter realm,100,15972,6.46,enter the realm,2.96,3,9,143.34,219.54,249.71,264.07,1,0,92,2
enter,ring,enter ring,100,12074,5.93,entered the ring,4.81,9,9,158.39,221.34,244.87,257.2,1,0,92,6
enter,room,enter room,100,117373,8.6,entered the room,4.79,4,9,177.22,289.39,342.76,375.76,1,0,92,6
enter,scene,enter scene,100,13168,5.86,entered the scene,3.93,10,9,236.31,326.09,358.85,376.01,1,0,92,5
enter,school,enter school,100,37406,7.07,enter school,4.79,7,9,149.12,280.27,350.18,390.54,1,0,92,7
enter,season,enter season,100,38251,7.26,entered the season,3.32,3,9,247.21,364.08,408.66,437.05,1,0,92,8
enter,service,enter service,100,79628,7.45,entered service,2.21,15,9,200.41,284.58,315.39,332.94,1,0,92,18
enter,site,enter site,100,13580,5.41,enter the site,4.56,3,9,252.6,368.9,411.88,434.34,1,0,92,18
enter,space,enter space,100,24532,6.38,enter the space,3.54,9,9,218.82,301.78,331.62,346.57,1,0,92,10
enter,stage,enter stage,100,24903,6.84,entered the stage,4.64,8,9,237.79,333.96,373.25,392.25,1,0,92,7
enter,state,enter state,100,27102,6.57,enter a state,3.52,8,9,191.75,277.34,313.22,330.08,1,0,92,12
enter,store,enter store,100,17631,6.38,entered the store,4.5,4,9,136.84,239.74,294.45,326.11,1,0,92,4
enter,system,enter system,100,30211,5.93,enter the system,2.94,9,9,223.61,330.78,374.49,401.55,1,0,92,36
enter,team,enter team,100,11447,5.02,enter a team,3.79,2,9,204.37,328.15,369.37,388.62,1,0,92,22
enter,territory,enter territory,100,17323,6.5,enter the territory,3.41,3,9,170.99,267.54,308.58,331.65,1,0,92,5
enter,text,enter text,100,19860,6.39,enter text,4.93,4,9,183.14,269.79,306.1,328.41,1,0,92,3
enter,time,enter time,100,14915,4.02,entering a time,3.07,10,9,273.83,408.51,469.17,512.74,1,0,92,50
enter,tournament,enter tournament,100,13445,6.14,entered the tournament,4.11,2,9,80.076,164.03,208.93,245.52,1,0,92,2
enter,town,enter town,100,15166,6.14,entered the town,4.64,4,9,167.37,359.75,445.5,497.25,1,0,92,7
enter,username,enter username,100,11805,6.04,enter your username,4.04,0,9,35.412,53.464,60.587,64.923,1,0,92,1
enter,value,enter value,100,28744,6.3,enter a value,1.62,6,9,204.29,287.34,318.64,334.81,1,0,92,21
enter,village,enter village,100,10636,5.72,entered the village,4.89,3,9,197.9,320.64,384.5,419.84,1,0,92,6
enter,war,enter war,100,18747,6.34,entered the war,3.63,4,9,185.71,287.06,333.51,366.33,1,0,92,8
enter,water,enter water,100,24389,6.35,enter the water,5.0,6,9,232.15,324.2,362.8,390.59,1,0,92,24
enter,week,enter week,100,10326,5.11,entered the week,3.48,3,9,117.72,290.99,387.43,468.98,1,0,92,7
enter,workforce,enter workforce,100,21903,6.9,enter the workforce,3.63,1,9,84.799,121.68,136.53,143.84,1,0,92,2
enter,world,enter world,100,72281,7.85,enter the world,4.36,8,9,202.2,309.66,360.98,390.98,1,0,92,28
enter,year,enter year,100,49398,6.37,entering the final year,3.25,4,9,119.49,308.84,424.66,500.24,1,0,92,26
enter,zone,enter zone,100,13691,6.14,enter the zone,3.07,4,9,181.45,254.1,279.0,292.93,1,0,92,2
erase,area,erase area,100,689,1.64,erase areas,3.72,6,3,263.68,404.24,463.02,501.91,1,0,83,24
erase,background,erase background,100,543,4.17,erase the background,3.26,8,3,198.31,275.2,300.5,312.18,1,0,83,1
erase,bit,erase bit,100,498,1.16,erase a bit,3.27,11,3,192.43,300.42,350.38,380.06,1,0,83,29
erase,block,erase block,100,1114,4.71,erase blocks,4.48,12,3,170.47,237.39,261.04,273.22,1,0,83,6
erase,board,erase board,100,3931,6.27,dry erase board,4.57,9,3,187.08,278.44,317.8,338.2,1,0,83,5
erase,border,erase border,100,1107,5.48,erase borders,4.29,5,3,203.76,307.74,355.31,380.04,1,0,83,3
erase,boundary,erase boundary,100,1265,5.51,erase the boundaries,3.04,3,3,204.72,290.82,325.85,344.29,1,0,83,7
erase,card,erase card,100,462,2.4,erase the card,4.9,11,3,148.11,207.64,231.41,245.34,1,0,83,11
erase,character,erase character,100,812,2.92,erase character,2.93,9,3,277.35,405.34,452.72,475.45,1,0,83,14
erase,code,erase code,100,929,3.24,erase codes,3.0,3,3,138.61,222.28,254.59,273.05,1,0,83,9
erase,comment,erase comment,100,554,2.75,erase comments,3.29,3,3,189.26,301.09,350.85,380.78,1,0,83,7
erase,content,erase content,100,2681,4.71,Erase All Content,2.59,7,3,164.92,250.07,280.91,297.3,1,0,83,17
erase,culture,erase culture,100,733,3.87,erase their culture,2.04,7,3,186.1,286.95,330.06,354.28,1,0,83,8
erase,debt,erase debt,100,1489,5.52,erase the debt,2.72,3,3,95.713,138.45,158.61,175.87,1,0,83,4
erase,deficit,erase deficit,100,4914,8.1,erase the deficit,2.21,4,3,69.905,107.9,132.78,145.9,1,0,83,5
erase,device,erase device,100,931,3.35,erase the device,3.97,5,3,184.14,273.74,314.56,337.87,1,0,83,10
erase,difference,erase difference,100,1429,3.37,erase differences,2.15,5,3,172.12,284.43,350.04,390.67,1,0,83,6
erase,disk,erase disk,100,985,5.86,erase the disk,4.8,4,3,108.41,156.61,175.9,189.02,1,0,83,2
erase,distinction,erase distinction,100,1232,5.67,erase the distinction,2.08,4,3,151.73,222.07,269.85,305.45,1,0,83,1
erase,doubt,erase doubt,100,1857,5.35,erase any doubt,1.79,2,3,158.05,239.27,270.23,288.3,1,0,83,5
erase,drawing,erase drawing,100,437,4.43,Erased de Kooning Drawing,4.6,6,3,102.75,175.5,212.06,235.21,1,0,83,1
erase,drive,erase drive,100,1860,5.5,erase the drive,3.86,12,3,230.27,322.71,352.72,367.84,1,0,83,8
erase,effect,erase effect,100,653,1.87,erase the effects,1.8,6,3,218.79,347.59,391.78,415.54,1,0,83,8
erase,element,erase element,100,613,2.82,erased elements,3.63,7,3,214.49,312.21,360.35,389.13,1,0,83,9
erase,entry,erase entry,100,474,3.2,erase the entry,3.62,6,3,155.52,223.79,252.5,266.17,1,0,83,2
erase,event,erase event,100,548,1.68,erase the events,2.69,4,3,226.3,317.53,360.62,385.59,1,0,83,19
erase,evidence,erase evidence,100,1717,3.81,erase evidence,3.65,3,3,161.8,250.91,291.33,310.6,1,0,83,5
erase,existence,erase existence,100,974,5.22,erase the existence,1.54,2,3,163.71,241.92,268.8,282.41,1,0,83,1
erase,experience,erase experience,100,531,1.27,erase the experiences,1.8,3,3,185.87,276.44,315.87,336.02,1,0,83,12
erase,fact,erase fact,100,1520,3.79,erase the fact that,2.72,4,3,254.34,365.67,419.85,450.64,1,0,83,9
erase,fear,erase fear,100,630,4.04,erase the fear,2.57,3,3,208.48,300.15,342.67,365.02,1,0,83,14
erase,feature,erase feature,100,433,1.92,erase feature,2.96,6,3,224.82,325.48,365.88,386.04,1,0,83,9
erase,feeling,erase feeling,100,469,2.73,erase the feeling,1.68,6,3,176.83,271.16,309.46,329.6,1,0,83,10
erase,file,erase file,100,4431,5.02,erased files,4.41,4,3,161.95,238.97,274.76,297.38,1,0,83,9
erase,gain,erase gain,100,1818,5.99,erased gains,2.24,4,3,108.77,163.43,190.53,207.89,1,0,83,3
erase,gap,erase gap,100,554,3.57,erase the gap,3.92,6,3,154.55,217.65,259.81,292.68,1,0,83,2
erase,history,erase history,100,5499,5.81,erase history,2.96,5,3,244.12,342.42,382.02,402.74,1,0,83,9
erase,identity,erase identity,100,1551,5.37,erase the identity,2.0,4,3,150.51,209.73,235.52,249.54,1,0,83,5
erase,image,erase image,100,1925,3.77,erase the image,3.85,9,3,179.93,316.21,370.25,403.89,1,0,83,21
erase,information,erase information,100,2484,2.79,erase information,2.87,5,3,188.65,292.02,342.92,373.06,1,0,83,17
erase,lead,erase lead,100,931,4.3,lead was erased,4.1,17,3,130.35,191.55,218.52,233.44,1,0,83,9
erase,life,erase life,100,639,1.26,life is erased,2.69,14,3,228.25,333.37,374.48,396.14,1,0,83,27
erase,line,erase line,100,3556,4.44,erase the line,4.5,30,3,253.42,357.41,397.32,421.22,1,0,83,42
erase,loss,erase loss,100,1394,4.28,erased losses,2.19,8,3,224.78,325.17,364.27,385.08,1,0,83,9
erase,mark,erase mark,100,1349,4.97,erase the marks,4.21,15,3,196.68,271.99,293.94,305.8,1,0,83,4
erase,memory,erase memory,100,12289,7.79,erase the memory,2.38,5,3,208.41,286.39,315.63,333.95,1,0,83,12
erase,message,erase message,100,1335,3.49,erase the message,3.97,2,3,175.56,250.41,284.71,304.77,1,0,83,13
erase,mistake,erase mistake,100,981,4.19,erase mistakes,1.97,3,3,97.532,144.19,163.56,174.12,1,0,83,2
erase,name,erase name,100,2808,3.56,name was erased,3.5,6,3,276.55,417.22,464.64,487.44,1,0,83,16
erase,number,erase number,100,664,0.97,erase the number,3.3,11,3,198.05,280.36,322.92,351.63,1,0,83,36
erase,page,erase page,100,581,2.18,erase the page,4.9,6,3,188.45,271.09,309.07,332.21,1,0,83,11
erase,pain,erase pain,100,864,3.92,erase the pain,3.5,5,3,146.11,209.1,238.27,258.16,1,0,83,4
erase,part,erase part,100,2222,2.28,erase parts,3.29,12,3,237.04,382.12,430.05,454.33,1,0,83,30
erase,past,erase past,100,1725,6.49,erase the past,1.7,3,3,213.46,308.81,350.28,372.42,1,0,83,2
erase,people,erase people,100,1157,1.02,erase people,4.82,4,3,190.25,264.24,315.17,343.14,1,0,83,39
erase,photo,erase photo,100,505,2.5,erased photos,4.93,1,3,102.55,203.45,258.19,285.53,1,0,83,8
erase,picture,erase picture,100,679,2.55,erased pictures,4.52,10,3,124.67,237.09,298.33,333.94,1,0,83,7
erase,point,erase point,100,460,0.85,erase points,3.39,26,3,249.95,349.67,391.1,417.02,1,0,83,21
erase,portion,erase portion,100,486,3.59,erase portions,3.78,7,3,178.36,255.0,285.28,300.93,1,0,83,5
erase,post,erase post,100,537,2.63,erase this post,4.3,11,3,152.62,212.88,237.75,249.94,1,0,83,7
erase,presence,erase presence,100,561,3.59,erase the presence,2.72,6,3,227.34,342.47,382.74,402.66,1,0,83,1
erase,problem,erase problem,100,501,0.53,erase the problem,2.68,3,3,202.61,312.71,353.01,375.03,1,0,83,16
erase,program,erase program,100,578,1.37,erase the program,3.43,8,3,175.08,280.8,337.3,363.32,1,0,83,15
erase,reality,erase reality,100,417,3.26,erase the reality,1.72,4,3,156.24,228.7,258.45,273.33,1,0,83,8
erase,record,erase record,100,1985,4.09,erase the record,4.15,8,3,188.53,270.23,302.1,318.6,1,0,83,14
erase,section,erase section,100,469,2.47,erase sections,3.24,14,3,251.58,357.1,398.07,416.69,1,0,83,11
erase,sign,erase sign,100,860,3.42,erase the signs,4.62,11,3,192.15,282.29,319.19,343.67,1,0,83,4
erase,sin,erase sin,100,753,5.04,erase the sins,1.85,6,3,110.44,169.53,193.82,205.81,1,0,83,1
erase,stain,erase stain,100,431,5.22,erase the stain,4.59,5,3,54.888,79.052,88.252,93.483,1,0,83,1
erase,stigma,erase stigma,100,981,6.38,to erase the stigma,1.76,4,3,63.837,89.273,98.549,103.48,1,0,83,1
erase,tape,erase tape,100,1575,6.07,Erased Tapes,4.9,5,3,115.72,172.85,200.63,215.96,1,0,83,4
erase,text,erase text,100,787,3.53,erase text,4.93,4,3,183.14,269.79,306.1,328.41,1,0,83,3
erase,thing,erase thing,100,958,0.89,erase things,3.17,12,3,143.55,268.8,339.04,370.97,1,0,83,51
erase,thought,erase thought,100,726,3.51,erase the thought,1.97,4,3,172.64,253.02,286.84,305.45,1,0,83,17
erase,time,erase time,100,935,0.31,erase time,3.07,10,3,273.83,408.51,469.17,512.74,1,0,83,50
erase,trace,erase trace,100,2860,7.46,erase all traces,3.66,6,3,141.81,197.77,221.86,233.17,1,0,83,1
erase,track,erase track,100,851,3.65,erase the tracks,4.31,11,3,242.07,333.47,365.78,385.96,1,0,83,5
erase,value,erase value,100,493,1.33,erase the value,1.62,6,3,204.29,287.34,318.64,334.81,1,0,83,21
erase,woman,erase woman,100,517,1.7,erase women,4.46,4,3,176.89,278.3,349.75,390.06,1,0,83,19
erase,word,erase word,100,1323,2.93,erase the word,3.56,10,3,247.83,371.55,418.36,446.17,1,0,83,25
erase,work,erase work,100,658,0.98,erase the work,3.48,7,3,272.87,386.54,424.55,447.82,1,0,83,22
erase,wrinkle,erase wrinkle,100,541,5.79,erase wrinkles,4.3,3,3,32.95,50.822,58.003,62.013,1,0,83,2
erase,year,erase year,100,1332,1.63,erase years,3.25,4,3,119.49,308.84,424.66,500.24,1,0,83,26
face,action,face action,100,14207,5.66,face legal action,2.86,10,9,202.3,294.93,326.83,343.62,1,0,99,13
face,adversity,face adversity,100,7644,5.64,facing adversity,1.44,2,9,33.842,49.955,56.514,60.156,1,0,99,1
face,allegation,face allegation,100,8475,5.69,facing allegations,1.79,2,9,108.61,199.5,241.21,264.27,1,0,99,3
face,attack,face attack,100,9034,5.43,faced attacks,3.71,9,9,172.82,287.0,339.01,372.67,1,0,99,14
face,backlash,face backlash,100,10913,6.14,faced backlash,1.85,2,9,75.632,114.94,130.67,139.42,1,0,99,2
face,barrier,face barrier,100,25494,7.18,face barriers,4.41,3,9,128.97,196.07,218.23,228.6,1,0,99,7
face,battle,face battle,100,18199,6.64,face an uphill battle,4.0,3,9,190.2,314.7,370.29,404.53,1,0,99,5
face,business,face business,100,7097,4.47,facing businesses,3.28,9,9,153.74,238.14,275.17,295.29,1,0,99,18
face,camera,face camera,100,14950,6.3,front facing camera,5.0,2,9,128.7,190.76,221.6,239.44,1,0,99,3
face,challenge,face challenge,100,359635,10.48,challenges faced,2.11,5,9,158.7,224.89,250.88,263.63,1,0,99,9
face,change,face change,100,11514,5.01,face changes,2.89,10,9,169.83,260.43,300.98,324.77,1,0,99,14
face,charge,face charge,100,112750,9.1,facing charges,2.96,15,9,190.91,262.88,290.47,306.26,1,0,99,11
face,choice,face choice,100,20046,6.3,face a choice,1.9,3,9,197.54,293.08,325.17,339.57,1,0,99,6
face,community,face community,100,14308,5.77,facing the community,3.52,6,9,214.58,316.13,353.91,376.42,1,0,99,12
face,company,face company,100,7374,4.38,facing companies,4.11,9,9,158.09,282.67,333.64,366.19,1,0,99,17
face,competition,face competition,100,42937,7.83,face competition,3.86,4,9,146.29,235.72,281.35,307.68,1,0,99,7
face,condition,face condition,100,11496,5.49,conditions faced,2.15,8,9,194.29,312.47,352.93,373.86,1,0,99,5
face,consequence,face consequence,100,33033,7.52,face the consequences,2.64,3,9,169.07,248.22,288.59,315.59,1,0,99,2
face,constraint,face constraint,100,8378,5.7,constraints faced,2.93,3,9,107.19,183.33,214.17,227.95,1,0,99,1
face,cost,face cost,100,11308,5.28,costs faced,2.5,3,9,160.14,263.17,306.3,332.11,1,0,99,14
face,count,face count,100,7373,5.46,faces one count,3.0,3,9,160.71,221.65,239.34,246.88,1,0,99,3
face,country,face country,100,15573,5.87,facing the country,4.17,5,9,173.56,276.1,341.96,389.05,1,0,99,12
face,crisis,face crisis,100,47429,8.07,facing a crisis,2.33,2,9,139.99,213.55,249.27,271.87,1,0,99,9
face,criticism,face criticism,100,26604,7.31,faced criticism,2.07,3,9,167.94,235.76,272.3,294.25,1,0,99,6
face,cut,face cut,100,9390,5.71,facing cuts,4.55,20,9,150.64,212.8,234.96,247.75,1,0,99,2
face,danger,face danger,100,18451,6.76,dangers faced,2.68,4,9,152.79,217.14,250.91,267.49,1,0,99,1
face,day,face day,100,22159,5.63,face every day,3.92,10,9,202.17,322.8,424.94,489.25,1,0,99,31
face,death,face death,100,21503,6.72,face death,3.73,8,9,269.53,391.47,466.23,508.95,1,0,99,6
face,decision,face decision,100,15927,5.75,face difficult decisions,2.19,5,9,178.12,260.71,300.65,322.66,1,0,99,8
face,deficit,face deficit,100,7289,5.49,facing a deficit,2.21,4,9,69.905,107.9,132.78,145.9,1,0,99,5
face,delay,face delay,100,8163,5.61,face delays,2.79,2,9,140.52,208.24,235.3,250.32,1,0,99,1
face,difficulty,face difficulty,100,61058,8.35,difficulties faced,1.9,4,9,147.99,218.21,247.6,266.0,1,0,99,2
face,dilemma,face dilemma,100,20963,7.07,dilemma faced,2.0,1,9,69.412,107.02,123.86,132.61,1,0,99,1
face,direction,face direction,100,16085,6.44,facing the same direction,2.79,9,9,226.73,322.34,356.32,374.95,1,0,99,6
face,discrimination,face discrimination,100,19139,6.89,face discrimination,2.29,2,9,91.167,137.17,156.28,167.63,1,0,99,2
face,enemy,face enemy,100,12878,6.14,face the enemy,2.83,4,9,148.22,227.71,259.5,276.9,1,0,99,13
face,eviction,face eviction,100,8637,5.81,facing eviction,3.13,2,9,44.91,63.832,73.201,79.423,1,0,99,1
face,extinction,face extinction,100,7222,5.56,facing extinction,2.43,6,9,58.276,85.157,96.049,101.2,1,0,99,1
face,fact,face fact,100,24588,6.6,face the fact that,2.72,4,9,254.34,365.67,419.85,450.64,1,0,99,9
face,fear,face fear,100,21404,6.88,face their fears,2.57,3,9,208.48,300.15,342.67,365.02,1,0,99,14
face,fine,face fine,100,17708,6.62,face fines,2.61,1,9,85.554,126.03,140.98,150.56,1,0,99,3
face,future,face future,100,21647,6.85,face the future,1.86,3,9,212.83,298.97,328.74,343.84,1,0,99,5
face,hardship,face hardship,100,18637,6.9,hardships faced,1.79,3,9,63.782,93.669,107.54,116.26,1,0,99,1
face,hurdle,face hurdle,100,13463,6.43,face hurdles,3.97,3,9,60.643,89.527,101.61,109.01,1,0,99,1
face,industry,face industry,100,14314,6.14,facing the industry,3.29,3,9,138.47,248.2,308.72,337.96,1,0,99,9
face,issue,face issue,100,86714,7.68,issues faced,2.37,11,9,174.52,308.87,366.65,399.06,1,0,99,16
face,kind,face kind,100,10223,5.12,face any kind,2.07,1,9,133.27,291.79,361.24,396.17,1,0,99,12
face,lawsuit,face lawsuit,100,11602,6.13,facing a lawsuit,2.94,1,9,103.91,157.62,182.08,195.68,1,0,99,2
face,life,face life,100,11816,4.85,face life,2.69,14,9,228.25,333.37,374.48,396.14,1,0,99,27
face,loss,face loss,100,17788,6.37,facing the loss,2.19,8,9,224.78,325.17,364.27,385.08,1,0,99,9
face,lot,face lot,100,17392,5.0,face a lot of,3.7,7,9,144.92,243.93,294.05,322.54,1,0,99,34
face,man,face man,100,9238,4.6,face the man,4.79,11,9,192.73,336.5,412.7,455.21,1,0,99,37
face,meeting,face meeting,100,8451,5.23,face to face meetings,3.31,6,9,187.96,302.34,360.58,392.52,1,0,99,5
face,music,face music,100,7729,5.03,to face the music,4.31,5,9,190.77,285.42,323.99,353.44,1,0,99,7
face,nation,face nation,100,7860,5.4,facing the nation,3.62,4,9,184.3,283.92,326.37,356.89,1,0,99,5
face,number,face number,100,16749,5.12,face a number of,3.3,11,9,198.05,280.36,322.92,351.63,1,0,99,36
face,obstacle,face obstacle,100,25112,7.26,obstacles faced,3.48,2,9,95.04,145.76,165.88,176.89,1,0,99,2
face,opponent,face opponent,100,15707,6.54,facing an opponent,3.52,2,9,176.66,283.87,330.83,357.57,1,0,99,12
face,opposition,face opposition,100,27050,7.35,faced opposition,2.25,8,9,172.7,256.4,285.97,300.19,1,0,99,7
face,page,face page,100,8839,5.02,facing page,4.9,6,9,188.45,271.09,309.07,332.21,1,0,99,11
face,penalty,face penalty,100,22687,7.04,face the death penalty,2.86,4,9,122.22,175.88,196.83,207.99,1,0,99,4
face,people,face people,100,17929,4.65,facing people,4.82,4,9,190.25,264.24,315.17,343.14,1,0,99,39
face,persecution,face persecution,100,7919,5.67,face persecution,2.43,1,9,59.307,104.19,125.6,136.61,1,0,99,1
face,possibility,face possibility,100,12156,5.92,face the possibility of,1.33,4,9,145.63,223.31,267.52,294.93,1,0,99,4
face,pressure,face pressure,100,35257,7.41,facing pressure,3.07,7,9,191.44,287.36,318.12,333.55,1,0,99,4
face,problem,face problem,100,162178,8.37,problems faced,2.68,3,9,202.61,312.71,353.01,375.03,1,0,99,16
face,prosecution,face prosecution,100,9889,5.99,face prosecution,1.93,3,9,98.158,142.74,160.74,171.0,1,0,99,1
face,prospect,face prospect,100,20346,6.93,face the prospect of,2.4,5,9,132.4,199.93,226.41,240.52,1,0,99,3
face,punishment,face punishment,100,7009,5.44,face punishment,2.46,1,9,124.08,173.68,191.01,199.93,1,0,99,1
face,question,face question,100,24296,5.89,face questions,3.36,6,9,211.73,299.72,335.13,354.36,1,0,99,7
face,reality,face reality,100,32442,7.44,face the reality,1.72,4,9,156.24,228.7,258.45,273.33,1,0,99,8
face,resistance,face resistance,100,11832,6.1,face resistance,2.68,11,9,149.28,209.85,230.66,241.39,1,0,99,3
face,restriction,face restriction,100,7598,5.42,face restrictions,2.25,3,9,124.18,195.85,234.24,255.99,1,0,99,4
face,risk,face risk,100,42975,7.29,risks faced,1.63,4,9,160.87,238.64,275.56,297.22,1,0,99,11
face,sanction,face sanction,100,7385,5.51,face sanctions,2.3,4,9,79.768,130.62,153.96,166.82,1,0,99,4
face,scrutiny,face scrutiny,100,10115,6.02,faced scrutiny,2.26,2,9,78.89,121.11,136.22,144.14,1,0,99,1
face,sentence,face sentence,100,13301,6.19,faces a maximum sentence,3.57,3,9,120.5,167.75,185.71,195.53,1,0,99,4
face,shortage,face shortage,100,24763,7.24,facing a shortage,2.46,2,9,107.5,159.37,182.6,196.53,1,0,99,1
face,side,face side,100,11226,5.66,facing side,3.68,12,9,242.69,366.37,436.59,477.44,1,0,99,25
face,situation,face situation,100,37191,7.36,situation faced,2.03,5,9,186.49,274.89,314.53,332.46,1,0,99,5
face,society,face society,100,7141,5.29,facing society,2.54,4,9,202.3,286.91,325.94,349.71,1,0,99,2
face,street,face street,100,7635,5.43,facing the street,4.75,5,9,210.91,358.32,436.14,479.66,1,0,99,4
face,struggle,face struggle,100,11766,6.14,struggles faced,2.79,3,9,175.59,266.95,309.25,335.05,1,0,99,1
face,task,face task,100,18593,6.43,face the task,2.84,2,9,157.09,222.68,251.04,266.5,1,0,99,2
face,team,face team,100,27893,6.41,facing a team,3.79,2,9,204.37,328.15,369.37,388.62,1,0,99,22
face,test,face test,100,13101,5.77,face a tough test,3.93,6,9,143.42,222.3,256.56,274.48,1,0,99,5
face,threat,face threat,100,55777,8.13,face the threat,2.52,4,9,184.42,279.11,309.64,325.29,1,0,99,8
face,time,face time,100,25856,4.85,face jail time,3.07,10,9,273.83,408.51,469.17,512.74,1,0,99,50
face,trial,face trial,100,24141,7.01,face trial,3.07,6,9,159.37,247.57,285.36,305.1,1,0,99,1
face,trouble,face trouble,100,10583,5.82,facing trouble,2.25,6,9,135.61,191.96,212.84,224.67,1,0,99,3
face,truth,face truth,100,12846,5.93,face the truth,1.96,5,9,153.56,224.44,249.84,264.71,1,0,99,8
face,uncertainty,face uncertainty,100,9943,5.94,face uncertainty,1.75,2,9,115.29,190.54,221.01,237.99,1,0,99,3
face,wall,face wall,100,15470,6.34,facing the wall,4.86,8,9,199.95,305.54,363.69,395.21,1,0,99,15
face,way,face way,100,10221,3.84,facing the wrong way,2.34,12,9,244.04,355.4,397.34,421.07,1,0,99,38
face,window,face window,100,8743,5.38,facing windows,4.86,8,9,140.8,244.66,291.16,317.16,1,0,99,15
face,woman,face woman,100,10355,5.1,facing women,4.46,4,9,176.89,278.3,349.75,390.06,1,0,99,19
face,world,face world,100,19049,6.04,face the world,4.36,8,9,202.2,309.66,360.98,390.98,1,0,99,28
face,wrath,face wrath,100,7559,5.62,face the wrath of,2.42,2,9,66.357,102.3,119.03,126.9,1,0,99,2
face,year,face year,100,21983,5.26,faced this year,3.25,4,9,119.49,308.84,424.66,500.24,1,0,99,26
fight,ability,fight ability,100,6045,5.25,fighting ability,1.81,2,4,193.93,281.52,320.44,346.08,1,0,88,8
fight,action,fight action,100,6332,5.01,fighting action,2.86,10,4,202.3,294.93,326.83,343.62,1,0,88,13
fight,army,fight army,100,6330,6.16,fight an army,4.7,3,4,127.38,213.56,259.99,294.17,1,0,88,8
fight,battle,fight battle,100,108193,10.13,battle was fought,4.0,3,4,190.2,314.7,370.29,404.53,1,0,88,5
fight,boss,fight boss,100,5980,6.3,fight the boss,3.83,6,4,153.56,227.6,257.07,273.58,1,0,88,4
fight,campaign,fight campaign,100,5090,5.46,fought campaign,3.0,4,4,234.82,326.5,365.57,390.31,1,0,88,8
fight,cancer,fight cancer,100,23036,8.02,fighting cancer,3.86,5,4,80.151,122.8,146.49,163.87,1,0,88,3
fight,case,fight case,100,8993,4.99,fight the case,3.93,20,4,282.91,389.36,429.99,455.63,1,0,88,16
fight,change,fight change,100,16746,5.94,to fight climate change,2.89,10,4,169.83,260.43,300.98,324.77,1,0,88,14
fight,charge,fight charge,100,4201,5.14,fight the charges,2.96,15,4,190.91,262.88,290.47,306.26,1,0,88,11
fight,corner,fight corner,100,2888,5.15,fight your corner,4.61,11,4,193.15,289.71,334.55,358.95,1,0,88,5
fight,corruption,fight corruption,100,18302,7.97,to fight corruption,2.39,6,4,96.623,149.85,176.13,191.97,1,0,88,3
fight,creature,fight creature,100,2837,5.08,fighting creatures,4.07,3,4,127.71,213.82,251.0,272.74,1,0,88,3
fight,crime,fight crime,100,26548,8.02,to fight crime,3.03,2,4,110.39,176.43,212.35,236.78,1,0,88,3
fight,crisis,fight crisis,100,3688,5.34,fight the climate crisis,2.33,2,4,139.99,213.55,249.27,271.87,1,0,88,9
fight,day,fight day,100,14363,5.31,to fight another day,3.92,10,4,202.17,322.8,424.94,489.25,1,0,88,31
fight,demon,fight demon,100,7293,6.65,fighting demons,3.32,3,4,81.379,122.55,152.67,171.0,1,0,88,4
fight,discrimination,fight discrimination,100,3961,5.71,to fight discrimination,2.29,2,4,91.167,137.17,156.28,167.63,1,0,88,2
fight,disease,fight disease,100,22026,7.64,fight the disease,3.45,1,4,102.9,195.33,244.79,273.82,1,0,88,7
fight,dog,fight dog,100,2912,4.63,fighting dogs,4.85,7,4,104.88,197.0,248.38,285.38,1,0,88,10
fight,dragon,fight dragon,100,4289,5.9,fighting dragons,4.39,4,4,88.263,133.52,158.8,175.7,1,0,88,3
fight,duel,fight duel,100,5195,6.27,fight a duel,3.79,2,4,62.211,100.24,124.38,141.24,1,0,88,1
fight,effort,fight effort,100,3749,4.4,fighting efforts,2.33,4,4,200.2,307.62,348.88,374.91,1,0,88,16
fight,election,fight election,100,7844,6.27,fight elections,3.17,4,4,169.32,244.01,275.67,294.49,1,0,88,4
fight,enemy,fight enemy,100,23869,7.95,fight the enemy,2.83,4,4,148.22,227.71,259.5,276.9,1,0,88,13
fight,epidemic,fight epidemic,100,4366,5.97,fight the epidemic,3.23,1,4,39.298,66.52,80.064,87.959,1,0,88,3
fight,evil,fight evil,100,5108,6.12,fighting evil,1.93,3,4,99.432,147.25,170.47,183.24,1,0,88,3
fight,fight,fight fight,100,32269,8.47,fighting the good fight,4.2,5,4,166.91,274.84,323.71,354.02,1,0,88,3
fight,fire,fight fire,100,32132,8.19,fighting fires,4.68,9,4,142.33,217.4,250.15,268.89,1,0,88,13
fight,fish,fight fish,100,4704,5.6,fighting fish,5.0,4,4,164.99,237.0,271.35,292.14,1,0,88,9
fight,foe,fight foe,100,2804,5.34,fighting foes,2.96,2,4,81.923,141.67,163.93,174.89,1,0,88,2
fight,force,fight force,100,24187,7.34,fighting force,3.0,10,4,126.65,244.96,289.46,319.69,1,0,88,11
fight,fraud,fight fraud,100,3739,5.63,fight fraud,1.68,3,4,78.896,119.88,137.83,150.66,1,0,88,1
fight,game,fight game,100,39200,6.9,fighting game,4.5,11,4,197.97,310.04,362.54,399.13,1,0,88,35
fight,government,fight government,100,6233,5.34,fighting the government,2.88,4,4,149.61,245.04,291.34,317.6,1,0,88,7
fight,group,fight group,100,6184,4.75,fighting groups,4.12,3,4,225.61,346.48,394.01,420.34,1,0,88,12
fight,guy,fight guy,100,6979,5.7,fighting bad guys,4.68,3,4,158.9,243.11,283.09,309.25,1,0,88,10
fight,hunger,fight hunger,100,5254,6.23,to fight hunger,3.3,2,4,62.751,97.357,114.03,123.56,1,0,88,1
fight,illness,fight illness,100,3441,5.45,fighting illness,3.54,1,4,130.54,184.72,212.24,232.71,1,0,88,3
fight,infection,fight infection,100,17155,7.64,fight infection,4.1,7,4,88.597,155.87,186.17,207.4,1,0,88,4
fight,inflation,fight inflation,100,3158,5.44,to fight inflation,2.54,4,4,66.2,116.85,140.41,154.61,1,0,88,3
fight,injustice,fight injustice,100,5908,6.38,fight injustice,1.4,2,4,59.97,95.621,111.69,121.53,1,0,88,1
fight,issue,fight issue,100,3454,3.36,fight the issue,2.37,11,4,174.52,308.87,366.65,399.06,1,0,88,16
fight,law,fight law,100,2964,4.08,fought the law,2.57,7,4,136.56,216.4,271.88,309.43,1,0,88,10
fight,lot,fight lot,100,4131,3.18,fight a lot,3.7,7,4,144.92,243.93,294.05,322.54,1,0,88,34
fight,machine,fight machine,100,3724,4.85,fighting machine,4.25,6,4,162.99,247.75,283.25,305.85,1,0,88,14
fight,man,fight man,100,17711,5.92,fighting men,4.79,11,4,192.73,336.5,412.7,455.21,1,0,88,37
fight,match,fight match,100,3105,4.85,fought match,4.14,9,4,179.16,263.76,319.74,359.0,1,0,88,6
fight,monster,fight monster,100,11953,7.25,fighting monsters,3.72,5,4,80.382,142.02,178.1,200.01,1,0,88,4
fight,opponent,fight opponent,100,4693,5.82,fighting opponents,3.52,2,4,176.66,283.87,330.83,357.57,1,0,88,12
fight,pandemic,fight pandemic,100,12647,7.43,fight the pandemic,2.54,1,4,33.198,52.242,61.842,67.957,1,0,88,3
fight,people,fight people,100,7189,3.51,fighting people,4.82,4,4,190.25,264.24,315.17,343.14,1,0,88,39
fight,poverty,fight poverty,100,11203,7.22,to fight poverty,2.54,1,4,92.143,137.02,157.33,169.46,1,0,88,2
fight,power,fight power,100,6693,4.82,fighting power,2.04,9,4,196.2,276.34,308.2,322.74,1,0,88,19
fight,problem,fight problem,100,4689,3.54,fight the problem,2.68,3,4,202.61,312.71,353.01,375.03,1,0,88,16
fight,racism,fight racism,100,6201,6.43,to fight racism,2.36,2,4,94.579,134.49,155.54,172.51,1,0,88,1
fight,radical,fight radical,100,2944,5.45,fight free radicals,2.1,6,4,74.296,111.01,126.94,137.01,1,0,88,1
fight,scene,fight scene,100,3247,4.79,fighting scenes,3.93,10,4,236.31,326.09,358.85,376.01,1,0,88,5
fight,series,fight series,100,3169,4.33,fighting game series,2.92,7,4,235.62,353.57,397.71,420.71,1,0,88,11
fight,side,fight side,100,5573,5.35,fought side by side,3.68,12,4,242.69,366.37,436.59,477.44,1,0,88,25
fight,skill,fight skill,100,9918,5.78,fighting skills,2.17,2,4,158.2,237.46,270.14,289.39,1,0,88,10
fight,soldier,fight soldier,100,3787,5.35,soldiers fought,4.72,2,4,146.17,236.65,278.07,301.43,1,0,88,5
fight,spirit,fight spirit,100,16500,7.37,fighting spirit,1.6,8,4,185.02,272.1,307.13,325.29,1,0,88,10
fight,spread,fight spread,100,4495,5.77,to fight the spread of,3.68,10,4,155.07,219.2,240.74,250.44,1,0,88,2
fight,stance,fight stance,100,3276,5.47,a fighting stance,4.04,2,4,152.07,223.66,252.97,267.68,1,0,88,3
fight,style,fight style,100,17163,7.12,fighting style,2.67,9,4,265.3,373.91,413.91,433.56,1,0,88,6
fight,system,fight system,100,7862,4.35,fighting system,2.94,9,4,223.61,330.78,374.49,401.55,1,0,88,36
fight,tear,fight tear,100,8187,6.73,fighting back tears,4.56,4,4,76.006,120.53,139.78,151.99,1,0,88,5
fight,technique,fight technique,100,4080,4.9,fighting techniques,2.4,2,4,168.57,286.63,336.55,366.47,1,0,88,5
fight,terror,fight terror,100,3514,5.65,fighting terror,2.43,4,4,89.753,127.38,141.12,150.15,1,0,88,5
fight,terrorism,fight terrorism,100,21458,8.22,to fight terrorism,2.79,1,4,99.951,145.55,166.3,180.5,1,0,88,2
fight,terrorist,fight terrorist,100,5694,6.27,fighting terrorists,3.64,1,4,85.007,132.96,160.49,178.63,1,0,88,4
fight,thing,fight thing,100,3905,2.77,fight this thing,3.17,12,4,143.55,268.8,339.04,370.97,1,0,88,51
fight,threat,fight threat,100,4283,5.23,fight the threat,2.52,4,4,184.42,279.11,309.64,325.29,1,0,88,8
fight,time,fight time,100,6732,3.05,fought three times,3.07,10,4,273.83,408.51,469.17,512.74,1,0,88,50
fight,tooth,fight tooth,100,13655,7.26,fight tooth and nail,4.89,5,4,89.365,137.21,164.44,183.76,1,0,88,7
fight,trafficking,fight trafficking,100,4279,5.97,fight human trafficking,2.54,0,4,51.441,89.491,112.39,125.28,1,0,88,1
fight,troop,fight troop,100,4208,5.59,fighting troops,4.34,4,4,43.961,69.395,84.425,94.045,1,0,88,6
fight,unit,fight unit,100,4517,4.99,fighting units,3.77,6,4,223.82,323.7,361.47,379.55,1,0,88,8
fight,urge,fight urge,100,12646,7.48,fought the urge,1.93,2,4,61.097,91.339,109.57,118.51,1,0,88,2
fight,vehicle,fight vehicle,100,6125,5.56,fighting vehicles,4.64,4,4,135.77,243.43,288.48,318.05,1,0,88,14
fight,violence,fight violence,100,3079,5.05,fight violence,3.07,3,4,151.79,221.0,253.88,276.12,1,0,88,7
fight,virus,fight virus,100,11006,7.04,fight the virus,3.48,3,4,98.597,163.57,194.16,213.12,1,0,88,9
fight,war,fight war,100,105995,9.77,fighting a war,3.63,4,4,185.71,287.06,333.51,366.33,1,0,88,8
fight,warming,fight warming,100,4015,5.82,to fight global warming,3.34,2,4,61.478,88.849,100.51,106.6,1,0,88,1
fight,way,fight way,100,58362,6.55,fight their way,2.34,12,4,244.04,355.4,397.34,421.07,1,0,88,38
fight,word,fight word,100,4315,4.22,fighting words,3.56,10,4,247.83,371.55,418.36,446.17,1,0,88,25
fight,year,fight year,100,4381,3.17,years fought,3.25,4,4,119.49,308.84,424.66,500.24,1,0,88,26
float,bag,float bag,100,353,3.04,float the bag,4.9,9,9,145.54,219.91,255.08,276.69,1,0,52,15
float,ball,float ball,100,1382,4.41,floated the ball,5.0,12,9,152.85,224.94,253.8,268.96,1,0,52,26
float,balloon,float balloon,100,1251,6.96,balloon floated,4.92,2,9,82.715,117.6,132.65,140.92,1,0,52,2
float,bill,float bill,100,352,2.47,floated a bill,4.68,10,9,180.57,253.96,277.09,287.1,1,0,52,10
float,boat,float boat,100,12267,8.43,floats your boat,4.93,2,9,139.06,231.66,280.03,308.1,1,0,52,11
float,body,float body,100,628,2.33,body floated,4.79,11,9,237.41,335.77,373.18,393.77,1,0,52,40
float,bond,float bond,100,1159,5.42,float bonds,3.62,10,9,110.64,161.44,182.63,192.11,1,0,52,6
float,business,float business,100,350,1.0,float the business,3.28,9,9,153.74,238.14,275.17,295.29,1,0,52,18
float,company,float company,100,1665,2.99,company floated,4.11,9,9,158.09,282.67,333.64,366.19,1,0,52,17
float,concept,float concept,100,409,2.53,floated the concept,1.41,1,9,170.06,269.24,328.11,364.43,1,0,52,5
float,cross,float cross,100,569,5.29,floated cross,4.44,6,9,160.91,220.55,239.32,248.97,1,0,52,3
float,currency,float currency,100,838,5.65,float its currency,4.25,3,9,94.339,132.94,148.37,158.41,1,0,52,2
float,dollar,float dollar,100,451,3.83,floating the dollar,4.93,4,9,87.287,142.98,187.37,227.38,1,0,52,6
float,element,float element,100,850,3.32,floated elements,3.63,7,9,214.49,312.21,360.35,389.13,1,0,52,9
float,flag,float flag,100,343,3.47,flag floated,4.79,7,9,118.42,169.96,192.99,204.91,1,0,52,6
float,foot,float foot,100,1309,4.27,floating a few feet,4.9,11,9,236.46,337.5,383.01,409.62,1,0,52,23
float,fund,float fund,100,371,2.32,floating rate funds,3.18,3,9,147.28,207.45,229.19,247.48,1,0,52,8
float,idea,float idea,100,14114,5.89,floated the idea of,1.61,5,9,186.11,292.47,339.77,365.76,1,0,52,31
float,image,float image,100,638,2.19,floated images,3.85,9,9,179.93,316.21,370.25,403.89,1,0,52,21
float,inch,float inch,100,740,4.9,floating a few inches,4.37,2,9,106.69,178.3,223.82,248.94,1,0,52,1
float,issue,float issue,100,422,0.61,float a bond issue,2.37,11,9,174.52,308.87,366.65,399.06,1,0,52,16
float,line,float line,100,685,2.08,floating lines,4.5,30,9,253.42,357.41,397.32,421.22,1,0,52,42
float,loan,float loan,100,847,4.5,floating rate loans,3.72,2,9,104.98,151.18,172.42,189.48,1,0,52,2
float,log,float log,100,871,5.58,floating logs,4.96,5,9,107.86,149.58,163.52,170.97,1,0,52,1
float,mile,float mile,100,660,3.57,floating miles,3.63,8,9,139.01,269.39,338.98,374.99,1,0,52,5
float,name,float name,100,1241,2.39,name was floated,3.5,6,9,276.55,417.22,464.64,487.44,1,0,52,16
float,note,float note,100,594,2.77,floating rate notes,4.61,9,9,185.39,262.54,291.67,307.86,1,0,52,8
float,notion,float notion,100,427,4.19,floated the notion,1.93,4,9,164.54,242.78,288.04,315.87,1,0,52,5
float,number,float number,100,4031,3.59,floating point numbers,3.3,11,9,198.05,280.36,322.92,351.63,1,0,52,36
float,party,float party,100,823,3.25,float a new party,3.89,5,9,161.4,244.31,287.75,312.33,1,0,52,10
float,pass,float pass,100,439,4.14,floated pass,2.71,17,9,137.75,207.72,239.64,258.53,1,0,52,5
float,plan,float plan,100,1290,2.96,floated a plan,3.4,3,9,144.41,259.22,311.43,339.79,1,0,52,17
float,plane,float plane,100,376,3.98,float planes,4.92,5,9,122.19,203.02,246.61,272.63,1,0,52,5
float,possibility,float possibility,100,1155,4.41,floated the possibility of,1.33,4,9,145.63,223.31,267.52,294.93,1,0,52,4
float,project,float project,100,584,1.7,floating offshore wind projects,3.62,2,9,170.17,284.97,344.87,374.52,1,0,52,19
float,proposal,float proposal,100,2015,5.54,floated a proposal,2.75,3,9,141.82,242.7,286.26,312.53,1,0,52,2
float,raft,float raft,100,408,5.72,floating rafts,5.0,2,9,73.972,105.54,119.49,128.12,1,0,52,2
float,rate,float rate,100,1876,3.89,floating exchange rates,2.5,4,9,155.47,233.69,262.65,282.31,1,0,52,13
float,river,float river,100,1349,5.99,floating the river,4.89,1,9,183.95,321.39,382.87,418.96,1,0,52,4
float,rumor,float rumor,100,484,5.18,rumors floated,2.15,1,9,60.471,137.86,168.94,183.37,1,0,52,4
float,scheme,float scheme,100,481,3.67,schemes floated,2.41,5,9,168.96,256.65,299.24,325.92,1,0,52,4
float,section,float section,100,342,2.04,float this section,3.24,14,9,251.58,357.1,398.07,416.69,1,0,52,11
float,share,float share,100,715,3.75,float shares,2.96,5,9,142.03,223.41,269.62,295.81,1,0,52,5
float,ship,float ship,100,608,3.72,float the ship,4.87,1,9,128.34,250.17,304.84,346.07,1,0,52,15
float,story,float story,100,385,0.77,story floated,3.3,6,9,197.18,328.22,376.06,402.62,1,0,52,28
float,suggestion,float suggestion,100,312,3.23,floated the suggestion,2.23,6,9,145.86,218.48,247.86,264.17,1,0,52,1
float,tender,float tender,100,2253,7.72,floated a tender,2.58,6,9,92.185,129.95,142.31,147.93,1,0,52,1
float,theory,float theory,100,1036,4.42,floated the theory,1.47,3,9,196.65,287.5,337.25,366.48,1,0,52,7
float,tube,float tube,100,335,3.98,float tube,4.82,5,9,114.82,187.52,223.22,243.88,1,0,52,4
float,value,float value,100,1779,3.2,floating point values,1.62,6,9,204.29,287.34,318.64,334.81,1,0,52,21
float,way,float way,100,1267,1.16,float your way,2.34,12,9,244.04,355.4,397.34,421.07,1,0,52,38
float,window,float window,100,494,2.96,floating windows,4.86,8,9,140.8,244.66,291.16,317.16,1,0,52,15
flood,apartment,flood apartment,100,600,4.58,flooded apartment,4.9,1,4,137.59,204.94,236.68,256.65,1,0,89,2
flood,area,flood area,100,17316,6.27,flooded areas,3.72,6,4,263.68,404.24,463.02,501.91,1,0,89,24
flood,bank,flood bank,100,961,4.52,flooded its banks,4.78,10,4,180.67,256.29,282.81,296.16,1,0,89,2
flood,basement,flood basement,100,3807,8.19,flooded basement,4.89,2,4,71.212,121.48,149.81,166.81,1,0,89,1
flood,battery,flood battery,100,1546,5.42,flooded batteries,4.67,7,4,117.05,166.22,184.07,193.19,1,0,89,2
flood,board,flood board,100,819,3.92,flood the board,4.57,9,4,187.08,278.44,317.8,338.2,1,0,89,5
flood,body,flood body,100,2885,4.48,flood the body,4.79,11,4,237.41,335.77,373.18,393.77,1,0,89,40
flood,brain,flood brain,100,1674,5.74,floods the brain,4.69,5,4,120.31,177.7,212.37,233.34,1,0,89,8
flood,building,flood building,100,1350,3.91,flooded buildings,4.64,4,4,193.2,298.76,338.74,361.38,1,0,89,10
flood,car,flood car,100,736,2.44,flooded cars,4.89,5,4,146.58,271.86,328.14,362.93,1,0,89,26
flood,cave,flood cave,100,1007,6.01,a flooded cave,4.96,1,4,128.12,188.02,214.51,232.29,1,0,89,1
flood,cell,flood cell,100,745,3.59,flooded cells,4.44,7,4,151.64,244.74,286.69,309.52,1,0,89,11
flood,chamber,flood chamber,100,618,5.06,flooded chamber,4.59,5,4,144.08,200.16,221.08,232.59,1,0,89,2
flood,channel,flood channel,100,726,4.2,flood the channel,4.18,8,4,188.91,282.84,327.34,352.24,1,0,89,3
flood,city,flood city,100,4319,5.62,flooded the city,4.79,3,4,196.98,329.78,410.83,452.11,1,0,89,11
flood,community,flood community,100,1377,3.51,flooded communities,3.52,6,4,214.58,316.13,353.91,376.42,1,0,89,12
flood,compartment,flood compartment,100,928,6.1,flooded compartments,3.57,2,4,92.378,136.45,152.9,163.58,1,0,89,2
flood,country,flood country,100,3299,4.72,flooding the country,4.17,5,4,173.56,276.1,341.96,389.05,1,0,89,12
flood,court,flood court,100,603,3.79,flood the courts,4.31,11,4,152.67,222.89,258.41,278.61,1,0,89,4
flood,earth,flood earth,100,1553,5.7,flood the earth,4.8,7,4,148.47,254.46,304.88,330.38,1,0,89,5
flood,economy,flood economy,100,923,4.11,flooding the economy,2.57,4,4,165.36,238.62,265.62,283.32,1,0,89,14
flood,engine,flood engine,100,1037,4.25,flooding the engine,4.86,4,4,161.05,244.11,278.23,299.74,1,0,89,8
flood,event,flood event,100,1576,3.18,flooding events,2.69,4,4,226.3,317.53,360.62,385.59,1,0,89,19
flood,eye,flood eye,100,1240,3.28,eyes flooded,4.9,5,4,206.15,312.42,361.23,392.48,1,0,89,19
flood,face,flood face,100,790,3.49,flooded her face,4.87,13,4,234.58,343.73,395.03,428.46,1,0,89,15
flood,feed,flood feed,100,618,4.98,feed was flooded,4.17,1,4,103.08,144.91,161.58,170.62,1,0,89,1
flood,field,flood field,100,5408,6.08,flooded fields,4.26,17,4,244.0,344.01,383.08,400.82,1,0,89,12
flood,floor,flood floor,100,1803,5.67,floor was flooded,4.8,10,4,175.64,276.15,320.45,350.82,1,0,89,8
flood,forest,flood forest,100,2218,6.57,flooded forest,4.76,2,4,141.43,220.17,259.48,285.63,1,0,89,3
flood,forum,flood forum,100,832,4.73,flood the forum,4.0,2,4,148.93,223.01,251.44,266.91,1,0,89,2
flood,ground,flood ground,100,731,3.62,flooded ground,4.77,11,4,207.06,291.84,324.49,350.64,1,0,89,13
flood,heart,flood heart,100,1032,3.99,flooded my heart,4.52,10,4,222.29,308.92,338.38,354.34,1,0,89,18
flood,home,flood home,100,6166,4.69,flooded homes,4.11,9,4,239.73,352.55,396.94,419.06,1,0,89,14
flood,house,flood house,100,3763,5.11,flooded house,5.0,12,4,207.43,310.94,359.63,394.2,1,0,89,10
flood,inbox,flood inbox,100,1404,6.93,flood your inbox,4.1,0,4,33.769,47.055,52.52,55.362,1,0,89,1
flood,interior,flood interior,100,798,5.39,flood the interior,3.59,3,4,132.76,207.96,234.5,246.54,1,0,89,2
flood,island,flood island,100,682,4.5,flooded the island,4.96,2,4,189.15,307.78,376.84,415.1,1,0,89,3
flood,kitchen,flood kitchen,100,599,4.68,flooded kitchen,4.97,1,4,89.102,173.88,218.96,243.85,1,0,89,1
flood,land,flood land,100,3501,5.49,flooded land,4.57,11,4,211.49,302.04,339.59,359.75,1,0,89,10
flood,line,flood line,100,647,1.95,lines were flooded,4.5,30,4,253.42,357.41,397.32,421.22,1,0,89,42
flood,market,flood market,100,24774,7.98,flooding the market,4.7,5,4,166.28,245.6,289.22,311.24,1,0,89,22
flood,marketplace,flood marketplace,100,823,5.78,flooding the marketplace,4.28,2,4,93.357,139.81,158.17,166.7,1,0,89,1
flood,medium,flood medium,100,3199,5.88,flooded social media,3.0,11,4,160.81,221.24,239.23,248.23,1,0,89,2
flood,mind,flood mind,100,4816,6.01,flooded his mind,2.5,7,4,197.15,276.78,313.43,334.55,1,0,89,16
flood,mine,flood mine,100,1294,5.44,flooded mine,3.56,2,4,129.16,191.91,219.85,235.59,1,0,89,5
flood,mouth,flood mouth,100,851,4.94,flooded his mouth,4.74,8,4,171.28,251.18,292.8,315.3,1,0,89,6
flood,nation,flood nation,100,607,3.74,flood the nation,3.62,4,4,184.3,283.92,326.37,356.89,1,0,89,5
flood,neighborhood,flood neighborhood,100,1004,5.58,flooded neighborhoods,4.75,4,4,134.93,235.16,272.92,295.06,1,0,89,2
flood,network,flood network,100,1179,4.08,flooding the network,3.2,5,4,205.05,307.08,346.49,368.3,1,0,89,7
flood,office,flood office,100,1310,4.25,office was flooded,4.93,7,4,209.75,315.09,351.98,376.55,1,0,89,4
flood,page,flood page,100,989,2.91,page was flooded,4.9,6,4,188.45,271.09,309.07,332.21,1,0,89,11
flood,part,flood part,100,1818,1.98,flooded parts of,3.29,12,4,237.04,382.12,430.05,454.33,1,0,89,30
flood,people,flood people,100,1065,0.89,people flooded,4.82,4,4,190.25,264.24,315.17,343.14,1,0,89,39
flood,pit,flood pit,100,733,5.6,flooded gravel pits,4.68,11,4,101.78,153.43,179.68,195.49,1,0,89,1
flood,place,flood place,100,1504,2.14,flood the place,3.48,16,4,235.9,337.1,371.44,386.77,1,0,89,13
flood,plain,flood plain,100,872,6.08,flooded plains,2.26,2,4,114.76,184.14,213.64,232.29,1,0,89,1
flood,problem,flood problem,100,953,1.45,flooding problems,2.68,3,4,202.61,312.71,353.01,375.03,1,0,89,16
flood,property,flood property,100,1276,3.46,flooded properties,3.9,5,4,209.32,300.52,334.86,350.85,1,0,89,6
flood,rain,flood rain,100,1139,5.69,flooding rains,4.97,3,4,111.44,176.37,212.4,234.63,1,0,89,4
flood,region,flood region,100,1441,4.86,flooded the region,3.19,5,4,226.7,354.01,422.65,462.14,1,0,89,5
flood,risk,flood risk,100,1415,3.4,to flood risk,1.63,4,4,160.87,238.64,275.56,297.22,1,0,89,11
flood,river,flood river,100,3121,6.9,flooded river,4.89,1,4,183.95,321.39,382.87,418.96,1,0,89,4
flood,road,flood road,100,5395,6.61,flooded roads,4.75,2,4,236.91,405.38,498.87,551.42,1,0,89,9
flood,roadway,flood roadway,100,841,6.08,flooded roadways,4.67,1,4,61.886,95.771,116.19,132.61,1,0,89,1
flood,room,flood room,100,5939,5.43,flooded the room,4.79,4,4,177.22,289.39,342.76,375.76,1,0,89,6
flood,screen,flood screen,100,876,4.47,flood the screen,4.6,9,4,184.18,258.18,287.66,306.13,1,0,89,8
flood,section,flood section,100,1610,4.19,flooded section,3.24,14,4,251.58,357.1,398.07,416.69,1,0,89,11
flood,server,flood server,100,687,4.14,flood the server,4.55,4,4,134.36,203.19,235.38,259.09,1,0,89,2
flood,site,flood site,100,2114,3.78,site was flooded,4.56,3,4,252.6,368.9,411.88,434.34,1,0,89,18
flood,soil,flood soil,100,726,4.81,flooded soils,4.87,4,4,153.97,228.07,261.15,280.98,1,0,89,6
flood,soul,flood soul,100,863,4.49,flooded my soul,1.86,5,4,173.0,242.94,270.78,286.52,1,0,89,10
flood,space,flood space,100,1953,3.9,flood the space,3.54,9,4,218.82,301.78,331.62,346.57,1,0,89,10
flood,stage,flood stage,100,717,3.77,flood stage,4.64,8,4,237.79,333.96,373.25,392.25,1,0,89,7
flood,state,flood state,100,839,2.8,flooded the state,3.52,8,4,191.75,277.34,313.22,330.08,1,0,89,12
flood,station,flood station,100,630,3.44,station was flooded,4.32,5,4,219.1,332.06,378.41,407.53,1,0,89,5
flood,store,flood store,100,748,4.0,stores are flooded,4.5,4,4,136.84,239.74,294.45,326.11,1,0,89,4
flood,stream,flood stream,100,639,4.4,flooded stream,4.5,5,4,175.06,246.5,274.8,292.6,1,0,89,3
flood,street,flood street,100,8823,7.94,flooded streets,4.75,5,4,210.91,358.32,436.14,479.66,1,0,89,4
flood,system,flood system,100,3705,3.48,flood the system,2.94,9,4,223.61,330.78,374.49,401.55,1,0,89,36
flood,time,flood time,100,1417,0.91,flooded several times,3.07,10,4,273.83,408.51,469.17,512.74,1,0,89,50
flood,town,flood town,100,2464,5.59,flooded the town,4.64,4,4,167.37,359.75,445.5,497.25,1,0,89,7
flood,tunnel,flood tunnel,100,1090,5.97,flooded tunnel,4.82,2,4,144.51,208.02,235.26,250.24,1,0,89,1
flood,valley,flood valley,100,1773,6.83,flooded the valley,4.72,1,4,185.1,274.79,329.73,361.03,1,0,89,1
flood,victim,flood victim,100,986,4.25,to flood victims in,3.59,2,4,144.96,233.01,264.82,282.56,1,0,89,6
flood,village,flood village,100,1557,5.38,flooded villages,4.89,3,4,197.9,320.64,384.5,419.84,1,0,89,6
flood,water,flood water,100,1967,3.89,water flooded,5.0,6,4,232.15,324.2,362.8,390.59,1,0,89,24
flood,website,flood website,100,619,2.81,website was flooded,4.52,1,4,206.72,309.87,359.6,387.71,1,0,89,6
flood,world,flood world,100,3862,4.7,flood the world,4.36,8,4,202.2,309.66,360.98,390.98,1,0,89,28
flood,zone,flood zone,100,1075,5.24,flood the zone,3.07,4,4,181.45,254.1,279.0,292.93,1,0,89,2
forge,address,forge address,100,1030,4.17,forged addresses,3.89,8,7,133.62,193.45,219.57,233.25,1,0,89,3
forge,agreement,forge agreement,100,3837,5.72,forged an agreement,2.22,6,7,161.45,257.69,309.64,342.15,1,0,89,5
forge,alliance,forge alliance,100,15214,9.46,forge an alliance,2.5,5,7,136.73,218.78,256.02,274.57,1,0,89,3
forge,approach,forge approach,100,612,2.41,forge a new approach,2.74,9,7,228.24,334.77,377.46,398.77,1,0,89,6
forge,blade,forge blade,100,2445,6.68,forged blades,4.93,9,7,99.421,152.87,179.13,196.07,1,0,89,9
forge,body,forge body,100,757,2.52,forged body,4.79,11,7,237.41,335.77,373.18,393.77,1,0,89,40
forge,bond,forge bond,100,9111,8.08,forge a bond,3.62,10,7,110.64,161.44,182.63,192.11,1,0,89,6
forge,card,forge card,100,1038,3.48,forged credit cards,4.9,11,7,148.11,207.64,231.41,245.34,1,0,89,11
forge,career,forge career,100,6379,6.38,forge a career,2.54,2,7,185.6,286.27,327.76,349.0,1,0,89,10
forge,certificate,forge certificate,100,2975,6.28,forged birth certificate,4.59,2,7,104.12,157.48,186.97,201.77,1,0,89,2
forge,chain,forge chain,100,1077,5.03,chains forged,4.55,10,7,177.94,249.67,274.0,285.19,1,0,89,5
forge,character,forge character,100,714,2.67,character forged,2.93,9,7,277.35,405.34,452.72,475.45,1,0,89,14
forge,check,forge check,100,2003,5.48,forged checks,4.11,13,7,117.81,163.96,180.65,190.16,1,0,89,1
forge,coalition,forge coalition,100,1692,6.52,forge a coalition,2.75,3,7,105.87,164.83,190.21,202.56,1,0,89,1
forge,collaboration,forge collaboration,100,2142,6.15,forge collaborations,2.59,2,7,178.14,280.18,328.42,357.92,1,0,89,3
forge,community,forge community,100,1421,3.53,community forged,3.52,6,7,214.58,316.13,353.91,376.42,1,0,89,12
forge,compromise,forge compromise,100,980,5.66,forge a compromise,1.8,2,7,109.47,154.02,172.7,183.32,1,0,89,2
forge,connection,forge connection,100,11240,7.05,forge connections,3.0,9,7,212.19,336.16,390.35,421.85,1,0,89,8
forge,consensus,forge consensus,100,2653,6.77,forge consensus,2.32,1,7,98.109,135.85,148.67,155.18,1,0,89,1
forge,cooperation,forge cooperation,100,632,4.77,forge cooperation,2.03,2,7,101.39,187.88,224.03,244.6,1,0,89,1
forge,culture,forge culture,100,641,3.54,culture forged,2.04,7,7,186.1,286.95,330.06,354.28,1,0,89,8
forge,deal,forge deal,100,1925,4.17,forge a deal,3.1,9,7,162.55,254.97,291.8,311.14,1,0,89,10
forge,destiny,forge destiny,100,878,5.69,forge their own destiny,1.67,3,7,67.303,97.564,108.76,115.37,1,0,89,1
forge,document,forge document,100,14492,7.37,forged documents,4.41,4,7,158.9,245.28,277.4,295.0,1,0,89,8
forge,empire,forge empire,100,752,5.23,forge an empire,3.0,5,7,145.36,220.29,250.81,270.87,1,0,89,3
forge,evidence,forge evidence,100,698,2.46,forged evidence,3.65,3,7,161.8,250.91,291.33,310.6,1,0,89,5
forge,form,forge form,100,676,2.21,forge new forms,3.13,16,7,243.13,363.22,411.47,440.19,1,0,89,6
forge,friendship,forge friendship,100,8951,8.6,forge friendships,2.39,1,7,158.89,219.81,246.49,260.75,1,0,89,2
forge,future,forge future,100,2683,5.76,forge a future,1.86,3,7,212.83,298.97,328.74,343.84,1,0,89,5
forge,ground,forge ground,100,986,4.01,forging new ground,4.77,11,7,207.06,291.84,324.49,350.64,1,0,89,13
forge,hammer,forge hammer,100,761,5.58,hammer forged,4.77,8,7,63.213,100.74,119.15,130.18,1,0,89,3
forge,head,forge head,100,675,2.44,forged head,4.75,33,7,299.95,421.51,474.88,503.64,1,0,89,28
forge,header,forge header,100,604,4.9,forged headers,3.93,7,7,101.84,147.02,167.22,178.1,1,0,89,1
forge,identity,forge identity,100,5874,7.11,forge an identity,2.0,4,7,150.51,209.73,235.52,249.54,1,0,89,5
forge,instrument,forge instrument,100,961,4.52,possession of a forged instrument,4.27,6,7,172.66,239.15,266.4,281.35,1,0,89,2
forge,iron,forge iron,100,2791,7.15,forged iron,4.59,4,7,80.514,145.14,176.53,197.6,1,0,89,3
forge,item,forge item,100,728,2.66,forged items,4.41,5,7,197.78,301.7,343.31,365.49,1,0,89,15
forge,kind,forge kind,100,783,2.35,forge some kind,2.07,1,7,133.27,291.79,361.24,396.17,1,0,89,12
forge,knife,forge knife,100,899,5.16,forged knives,4.9,3,7,92.137,132.92,155.86,174.34,1,0,89,8
forge,letter,forge letter,100,3217,5.09,forged letter,4.7,5,7,200.25,296.12,337.49,359.86,1,0,89,7
forge,life,forge life,100,2039,2.91,forge a new life,2.69,14,7,228.25,333.37,374.48,396.14,1,0,89,27
forge,link,forge link,100,9616,6.27,forge links,3.43,9,7,208.43,313.12,359.04,384.62,1,0,89,5
forge,material,forge material,100,608,2.14,forged material,4.26,5,7,225.35,316.51,351.27,369.43,1,0,89,25
forge,message,forge message,100,633,2.36,forged message,3.97,2,7,175.56,250.41,284.71,304.77,1,0,89,13
forge,metal,forge metal,100,1060,5.23,forged metal,4.87,2,7,125.31,203.89,250.4,277.21,1,0,89,9
forge,model,forge model,100,617,2.07,forge a new model,4.53,9,7,257.89,360.86,399.17,421.43,1,0,89,10
forge,name,forge name,100,1313,2.44,forged his name,3.5,6,7,276.55,417.22,464.64,487.44,1,0,89,16
forge,nation,forge nation,100,1273,4.74,forge a nation,3.62,4,7,184.3,283.92,326.37,356.89,1,0,89,5
forge,network,forge network,100,945,3.73,forge networks,3.2,5,7,205.05,307.08,346.49,368.3,1,0,89,7
forge,note,forge note,100,1530,4.03,forged notes,4.61,9,7,185.39,262.54,291.67,307.86,1,0,89,8
forge,one,forge one,100,878,3.16,forge new ones,3.97,2,7,168.46,247.06,286.49,310.04,1,0,89,4
forge,order,forge order,100,763,2.71,forged orders,2.79,15,7,200.56,276.77,305.55,320.28,1,0,89,8
forge,pact,forge pact,100,642,5.45,forged a pact,2.52,1,7,72.817,130.78,156.48,169.71,1,0,89,1
forge,paper,forge paper,100,1852,4.46,forged papers,4.93,7,7,155.17,242.42,275.37,290.75,1,0,89,8
forge,part,forge part,100,1348,1.55,forged parts,3.29,12,7,237.04,382.12,430.05,454.33,1,0,89,30
forge,partnership,forge partnership,100,17971,8.88,forge partnerships,2.82,3,7,168.4,260.8,306.07,330.05,1,0,89,5
forge,passport,forge passport,100,2122,6.79,forged passports,5.0,3,7,65.364,98.264,113.16,120.92,1,0,89,1
forge,path,forge path,100,15195,7.77,forge a path,4.41,4,7,182.08,275.19,315.19,334.94,1,0,89,7
forge,pathway,forge pathway,100,1182,5.45,forge new pathways,4.28,2,7,128.72,183.93,206.08,219.85,1,0,89,3
forge,peace,forge peace,100,1153,4.78,forge peace,1.62,5,7,91.75,141.41,165.78,179.16,1,0,89,3
forge,piece,forge piece,100,833,2.8,piece forged,4.14,13,7,236.3,331.62,361.88,377.98,1,0,89,26
forge,piston,forge piston,100,4138,8.13,forged pistons,4.81,2,7,35.208,59.712,73.383,82.797,1,0,89,1
forge,plan,forge plan,100,862,2.32,forge a plan,3.4,3,7,144.41,259.22,311.43,339.79,1,0,89,17
forge,policy,forge policy,100,916,3.02,forge policies,2.76,3,7,171.66,250.29,295.41,320.55,1,0,89,12
forge,prescription,forge prescription,100,902,5.54,forged prescriptions,4.0,4,7,75.217,106.38,117.96,123.55,1,0,89,1
forge,process,forge process,100,1602,2.92,the forging process,2.93,6,7,219.57,309.68,362.4,391.04,1,0,89,24
forge,relation,forge relation,100,1665,5.45,forge relations,2.11,6,7,234.35,333.67,369.06,392.03,1,0,89,2
forge,relationship,forge relationship,100,21353,7.47,forge relationships,2.8,4,7,256.77,383.37,435.58,473.39,1,0,89,10
forge,reputation,forge reputation,100,2099,5.82,forged a reputation,1.64,3,7,181.29,254.1,285.24,303.63,1,0,89,6
forge,ring,forge ring,100,821,4.57,forged rings,4.81,9,7,158.39,221.34,244.87,257.2,1,0,89,6
forge,sense,forge sense,100,834,2.5,forge a sense of,2.61,5,7,206.76,300.07,335.13,356.84,1,0,89,11
forge,signature,forge signature,100,6865,8.02,forged signatures,4.43,5,7,112.21,162.69,182.27,192.44,1,0,89,2
forge,solution,forge solution,100,1292,3.13,forge solutions,2.61,5,7,187.76,265.14,296.6,314.05,1,0,89,7
forge,sound,forge sound,100,1021,3.84,forged a sound,3.7,8,7,201.18,297.75,348.31,382.29,1,0,89,10
forge,steel,forge steel,100,4002,7.58,forged steel,4.87,3,7,98.555,155.27,193.79,217.4,1,0,89,3
forge,strategy,forge strategy,100,812,3.06,forge a strategy,1.93,2,7,159.33,237.03,280.72,303.86,1,0,89,8
forge,style,forge style,100,1064,3.93,forged a style,2.67,9,7,265.3,373.91,413.91,433.56,1,0,89,6
forge,sword,forge sword,100,1856,6.22,sword forged,4.93,1,7,97.936,149.28,180.75,198.31,1,0,89,10
forge,tie,forge tie,100,6085,7.66,forge closer ties,4.81,9,7,169.49,246.42,275.49,292.55,1,0,89,5
forge,tool,forge tool,100,909,2.74,forging tools,4.6,4,7,195.29,277.16,313.4,337.24,1,0,89,8
forge,understanding,forge understanding,100,978,3.8,forge an understanding,1.92,4,7,129.87,208.71,244.67,262.27,1,0,89,4
forge,unity,forge unity,100,1931,6.66,forge unity,2.23,3,7,87.187,134.05,155.58,167.55,1,0,89,2
forge,vision,forge vision,100,606,3.64,forge a vision,3.39,5,7,168.58,240.77,273.17,291.0,1,0,89,3
forge,way,forge way,100,3946,2.78,forged the way,2.34,12,7,244.04,355.4,397.34,421.07,1,0,89,38
forge,weapon,forge weapon,100,2716,5.63,weapon forged,4.76,2,7,121.89,179.72,215.89,244.38,1,0,89,12
forge,wheel,forge wheel,100,6475,7.42,forged wheels,4.86,7,7,146.0,205.63,231.03,249.6,1,0,89,8
forge,will,forge will,100,697,4.44,forged will,2.64,3,7,119.66,173.51,192.85,203.27,1,0,89,4
forge,work,forge work,100,742,1.13,forged works,3.48,7,7,272.87,386.54,424.55,447.82,1,0,89,22
forge,world,forge world,100,812,2.44,world forged,4.36,8,7,202.2,309.66,360.98,390.98,1,0,89,28
frame,action,frame action,100,1448,3.31,frame the action,2.86,10,6,202.3,294.93,326.83,343.62,1,0,88,13
frame,analysis,frame analysis,100,1210,4.09,framing analysis,2.56,6,6,174.87,259.54,302.79,329.56,1,0,88,3
frame,answer,frame answer,100,936,3.45,frame an answer,2.89,5,6,136.99,211.28,240.33,253.53,1,0,88,2
frame,approach,frame approach,100,866,2.86,approach is framed,2.74,9,6,228.24,334.77,377.46,398.77,1,0,88,6
frame,area,frame area,100,1058,2.21,framed area,3.72,6,6,263.68,404.24,463.02,501.91,1,0,88,24
frame,argument,frame argument,100,3544,5.73,frame the argument,2.85,7,6,207.97,293.58,327.55,347.58,1,0,88,5
frame,art,frame art,100,4298,5.95,framed art,4.17,4,6,176.16,254.33,287.89,305.67,1,0,88,3
frame,article,frame article,100,953,2.58,article is framed,4.33,4,6,179.02,272.79,315.01,337.97,1,0,88,9
frame,artwork,frame artwork,100,2010,6.23,framed artwork,4.42,1,6,108.46,155.83,180.96,195.97,1,0,88,1
frame,body,frame body,100,876,2.7,body framed,4.79,11,6,237.41,335.77,373.18,393.77,1,0,88,40
frame,book,frame book,100,884,2.03,book is framed,4.9,11,6,222.59,338.67,394.89,426.22,1,0,88,15
frame,building,frame building,100,3599,5.23,framed building,4.64,4,6,193.2,298.76,338.74,361.38,1,0,88,10
frame,case,frame case,100,1167,2.33,frame the case,3.93,20,6,282.91,389.36,429.99,455.63,1,0,88,16
frame,certificate,frame certificate,100,2602,5.97,a framed certificate,4.59,2,6,104.12,157.48,186.97,201.77,1,0,88,2
frame,challenge,frame challenge,100,1073,3.2,frame the challenge,2.11,5,6,158.7,224.89,250.88,263.63,1,0,88,9
frame,change,frame change,100,819,1.88,framing climate change,2.89,10,6,169.83,260.43,300.98,324.77,1,0,88,14
frame,charge,frame charge,100,3282,5.56,framed charges,2.96,15,6,190.91,262.88,290.47,306.26,1,0,88,11
frame,choice,frame choice,100,848,2.82,framing choices,1.9,3,6,197.54,293.08,325.17,339.57,1,0,88,6
frame,constitution,frame constitution,100,1777,6.31,frame a constitution,3.23,5,6,95.206,156.34,197.8,225.68,1,0,88,1
frame,content,frame content,100,829,2.9,frame the content,2.59,7,6,164.92,250.07,280.91,297.3,1,0,88,17
frame,conversation,frame conversation,100,1902,5.06,frame the conversation,3.28,1,6,166.81,255.38,299.17,324.56,1,0,88,11
frame,debate,frame debate,100,5166,7.01,frame the debate,3.18,2,6,184.93,291.91,338.79,365.58,1,0,88,9
frame,decision,frame decision,100,1107,2.79,framed the decision,2.19,5,6,178.12,260.71,300.65,322.66,1,0,88,8
frame,design,frame design,100,903,3.15,framed design,3.27,7,6,235.93,343.99,390.64,412.09,1,0,88,5
frame,device,frame device,100,2179,4.45,a framing device,3.97,5,6,184.14,273.74,314.56,337.87,1,0,88,10
frame,discussion,frame discussion,100,5177,6.12,frame the discussion,3.07,2,6,180.21,295.44,351.36,377.72,1,0,88,11
frame,door,frame door,100,2048,4.5,framed doors,4.81,5,6,145.33,240.25,284.65,309.98,1,0,88,14
frame,effect,frame effect,100,810,2.11,framing effects,1.8,6,6,218.79,347.59,391.78,415.54,1,0,88,8
frame,entrance,frame entrance,100,1046,5.31,entrance is framed,4.23,3,6,158.83,263.67,300.9,320.01,1,0,88,1
frame,event,frame event,100,1146,2.68,frame the event,2.69,4,6,226.3,317.53,360.62,385.59,1,0,88,19
frame,experience,frame experience,100,1632,2.84,frame the experience,1.8,3,6,185.87,276.44,315.87,336.02,1,0,88,12
frame,eye,frame eye,100,1724,3.7,eyes framed,4.9,5,6,206.15,312.42,361.23,392.48,1,0,88,19
frame,face,frame face,100,9971,7.04,face framed,4.87,13,6,234.58,343.73,395.03,428.46,1,0,88,15
frame,film,frame film,100,896,2.94,film is framed,4.71,5,6,148.2,282.54,352.87,394.37,1,0,88,2
frame,guideline,frame guideline,100,997,4.49,frame guidelines,3.93,3,6,131.86,199.31,231.07,249.36,1,0,88,1
frame,home,frame home,100,906,1.89,framed homes,4.11,9,6,239.73,352.55,396.94,419.06,1,0,88,14
frame,house,frame house,100,2535,4.47,framed house,5.0,12,6,207.43,310.94,359.63,394.2,1,0,88,10
frame,idea,frame idea,100,1250,2.33,frame the idea,1.61,5,6,186.11,292.47,339.77,365.76,1,0,88,31
frame,image,frame image,100,3658,4.61,framed images,3.85,9,6,179.93,316.21,370.25,403.89,1,0,88,21
frame,issue,frame issue,100,13207,5.53,frame the issue,2.37,11,6,174.52,308.87,366.65,399.06,1,0,88,16
frame,law,frame law,100,2519,4.32,frame laws,2.57,7,6,136.56,216.4,271.88,309.43,1,0,88,10
frame,letter,frame letter,100,886,3.18,framed letter,4.7,5,6,200.25,296.12,337.49,359.86,1,0,88,7
frame,life,frame life,100,1280,2.22,frame our lives,2.69,14,6,228.25,333.37,374.48,396.14,1,0,88,27
frame,man,frame man,100,1425,2.55,man framed,4.79,11,6,192.73,336.5,412.7,455.21,1,0,88,37
frame,member,frame member,100,930,2.0,framing members,3.07,5,6,208.76,325.3,372.4,397.51,1,0,88,10
frame,message,frame message,100,1470,3.53,framed messages,3.97,2,6,175.56,250.41,284.71,304.77,1,0,88,13
frame,mirror,frame mirror,100,2488,6.7,framed mirror,4.97,2,6,102.91,144.62,161.39,168.89,1,0,88,3
frame,narrative,frame narrative,100,1830,5.85,frame the narrative,3.18,1,6,132.48,192.75,217.95,234.11,1,0,88,5
frame,page,frame page,100,1261,3.21,framed page,4.9,6,6,188.45,271.09,309.07,332.21,1,0,88,11
frame,painting,frame painting,100,2807,6.3,framed paintings,4.59,4,6,140.24,250.91,301.41,329.64,1,0,88,1
frame,panel,frame panel,100,1369,4.85,framed panels,4.26,8,6,183.13,251.92,274.54,285.58,1,0,88,2
frame,people,frame people,100,1346,1.21,frame people,4.82,4,6,190.25,264.24,315.17,343.14,1,0,88,39
frame,photo,frame photo,100,7784,6.32,framed photo,4.93,1,6,102.55,203.45,258.19,285.53,1,0,88,8
frame,photograph,frame photograph,100,5295,7.12,framed photograph,4.89,1,6,103.13,205.95,267.65,298.99,1,0,88,2
frame,picture,frame picture,100,9230,6.21,framed picture,4.52,10,6,124.67,237.09,298.33,333.94,1,0,88,7
frame,piece,frame piece,100,3014,4.61,framed piece,4.14,13,6,236.3,331.62,361.88,377.98,1,0,88,26
frame,plan,frame plan,100,929,2.4,framing plans,3.4,3,6,144.41,259.22,311.43,339.79,1,0,88,17
frame,policy,frame policy,100,3985,5.1,frame policies,2.76,3,6,171.66,250.29,295.41,320.55,1,0,88,12
frame,portrait,frame portrait,100,1877,6.13,framed portrait,4.9,2,6,170.53,252.81,297.64,326.61,1,0,88,1
frame,poster,frame poster,100,2543,6.56,framed poster,4.66,3,6,105.84,158.01,185.29,200.45,1,0,88,1
frame,print,frame print,100,7493,8.0,framed prints,4.17,7,6,123.22,179.56,203.89,218.09,1,0,88,2
frame,problem,frame problem,100,4129,3.54,frame the problem,2.68,3,6,202.61,312.71,353.01,375.03,1,0,88,16
frame,process,frame process,100,824,1.94,framing process,2.93,6,6,219.57,309.68,362.4,391.04,1,0,88,24
frame,project,frame project,100,1283,2.76,project is framed,3.62,2,6,170.17,284.97,344.87,374.52,1,0,88,19
frame,question,frame question,100,10258,5.23,frame the question,3.36,6,6,211.73,299.72,335.13,354.36,1,0,88,7
frame,regulation,frame regulation,100,1139,4.64,regulations framed,2.0,6,6,119.59,192.21,243.35,275.98,1,0,88,6
frame,research,frame research,100,1086,3.21,research is framed,3.03,2,6,170.07,249.43,282.88,299.95,1,0,88,9
frame,response,frame response,100,1243,3.84,frame a response,3.0,7,6,213.08,334.53,377.77,399.72,1,0,88,6
frame,rule,frame rule,100,3845,5.08,rules framed,2.57,12,6,177.48,280.06,326.59,358.7,1,0,88,11
frame,scene,frame scene,100,2267,5.07,frame the scene,3.93,10,6,236.31,326.09,358.85,376.01,1,0,88,5
frame,scheme,frame scheme,100,868,4.18,scheme framed,2.41,5,6,168.96,256.65,299.24,325.92,1,0,88,4
frame,set,frame set,100,828,2.91,framed set,3.41,13,6,195.14,287.11,323.46,341.74,1,0,88,8
frame,shot,frame shot,100,4420,5.89,frame the shot,4.44,17,6,163.26,250.01,288.05,309.59,1,0,88,10
frame,situation,frame situation,100,981,3.43,frame the situation,2.03,5,6,186.49,274.89,314.53,332.46,1,0,88,5
frame,space,frame space,100,1176,3.11,space framed,3.54,9,6,218.82,301.78,331.62,346.57,1,0,88,10
frame,story,frame story,100,4716,4.32,frame the story,3.3,6,6,197.18,328.22,376.06,402.62,1,0,88,28
frame,strategy,frame strategy,100,1046,3.37,framing strategies,1.93,2,6,159.33,237.03,280.72,303.86,1,0,88,8
frame,structure,frame structure,100,2423,4.7,framed structure,4.03,5,6,243.93,343.97,379.8,400.18,1,0,88,8
frame,study,frame study,100,1217,3.25,study is framed,3.7,10,6,170.51,280.01,333.13,360.44,1,0,88,5
frame,subject,frame subject,100,1369,4.3,frame the subject,3.14,8,6,174.8,298.14,360.85,387.8,1,0,88,3
frame,system,frame system,100,1256,1.9,framing system,2.94,9,6,223.61,330.78,374.49,401.55,1,0,88,36
frame,thing,frame thing,100,1899,1.86,frame things,3.17,12,6,143.55,268.8,339.04,370.97,1,0,88,51
frame,view,frame view,100,4872,5.33,framed views,3.21,10,6,225.92,335.06,380.85,402.91,1,0,88,14
frame,wall,frame wall,100,2224,5.32,framed walls,4.86,8,6,199.95,305.54,363.69,395.21,1,0,88,15
frame,way,frame way,100,1562,1.44,framed this way,2.34,12,6,244.04,355.4,397.34,421.07,1,0,88,38
frame,window,frame window,100,4587,5.96,framed windows,4.86,8,6,140.8,244.66,291.16,317.16,1,0,88,15
frame,work,frame work,100,4146,3.6,framed works,3.48,7,6,272.87,386.54,424.55,447.82,1,0,88,22
frame,world,frame world,100,1342,3.12,worlds were framed,4.36,8,6,202.2,309.66,360.98,390.98,1,0,88,28
freeze,account,freeze account,100,9258,6.74,accounts frozen,3.08,10,10,210.91,294.5,321.83,335.52,1,0,90,9
freeze,action,freeze action,100,1384,3.3,freeze the action,2.86,10,10,202.3,294.93,326.83,343.62,1,0,90,13
freeze,activity,freeze activity,100,980,2.88,freeze all settlement activity,2.72,6,10,227.17,320.91,359.98,381.47,1,0,90,10
freeze,ass,freeze ass,100,1761,6.35,freezing my ass,4.67,6,10,37.16,64.015,75.824,81.701,1,0,90,3
freeze,asset,freeze asset,100,9599,7.72,assets frozen,2.92,1,10,117.12,175.48,205.56,224.4,1,0,90,3
freeze,ball,freeze ball,100,1115,4.01,freeze the balls,5.0,12,10,152.85,224.94,253.8,268.96,1,0,90,26
freeze,banana,freeze banana,100,769,5.83,frozen bananas,5.0,2,10,55.448,83.968,102.36,117.74,1,0,90,1
freeze,berry,freeze berry,100,737,5.81,frozen berries,4.93,3,10,99.605,148.01,167.38,175.5,1,0,90,2
freeze,blood,freeze blood,100,1231,5.05,freeze the blood,4.86,5,10,132.86,194.1,218.83,232.67,1,0,90,9
freeze,body,freeze body,100,2178,4.08,body frozen,4.79,11,10,237.41,335.77,373.18,393.77,1,0,90,40
freeze,bottle,freeze bottle,100,614,4.22,frozen water bottles,4.91,3,10,120.42,183.22,217.03,239.9,1,0,90,12
freeze,butt,freeze butt,100,1355,6.48,freezing my butt,4.75,9,10,70.53,98.036,108.37,113.8,1,0,90,3
freeze,cell,freeze cell,100,1169,4.26,cells are frozen,4.44,7,10,151.64,244.74,286.69,309.52,1,0,90,11
freeze,computer,freeze computer,100,847,4.09,froze my computer,4.93,2,10,120.92,187.82,222.96,248.44,1,0,90,4
freeze,condition,freeze condition,100,857,2.91,freezing conditions,2.15,8,10,194.29,312.47,352.93,373.86,1,0,90,5
freeze,construction,freeze construction,100,774,4.41,freeze construction,3.72,7,10,171.15,247.99,287.73,311.35,1,0,90,1
freeze,cream,freeze cream,100,720,4.89,cream frozen,4.83,3,10,105.58,165.87,202.72,226.25,1,0,90,6
freeze,credit,freeze credit,100,1007,4.3,freeze your credit,2.71,9,10,96.505,137.46,156.97,168.26,1,0,90,1
freeze,day,freeze day,100,1370,2.17,freezing all day,3.92,10,10,202.17,322.8,424.94,489.25,1,0,90,31
freeze,development,freeze development,100,636,2.68,freeze development,2.41,9,10,188.62,267.55,302.33,321.56,1,0,90,9
freeze,dough,freeze dough,100,949,5.92,freeze the dough,4.79,2,10,52.491,77.146,88.196,95.46,1,0,90,2
freeze,egg,freeze egg,100,3438,6.59,freeze their eggs,4.97,3,10,124.85,178.59,202.35,217.95,1,0,90,9
freeze,embryo,freeze embryo,100,1700,6.98,embryos frozen,4.61,2,10,52.051,83.635,98.931,107.6,1,0,90,1
freeze,enemy,freeze enemy,100,1583,5.28,freeze enemies,2.83,4,10,148.22,227.71,259.5,276.9,1,0,90,13
freeze,face,freeze face,100,1553,4.48,face frozen,4.87,13,10,234.58,343.73,395.03,428.46,1,0,90,15
freeze,finger,freeze finger,100,926,4.44,fingers were frozen,5.0,3,10,107.49,155.49,183.73,208.51,1,0,90,12
freeze,fish,freeze fish,100,1108,4.74,frozen fish,5.0,4,10,164.99,237.0,271.35,292.14,1,0,90,9
freeze,food,freeze food,100,3413,4.87,frozen foods,4.8,3,10,169.07,241.2,280.07,303.04,1,0,90,18
freeze,foot,freeze foot,100,1427,4.3,feet frozen,4.9,11,10,236.46,337.5,383.01,409.62,1,0,90,23
freeze,frame,freeze frame,100,931,4.69,freeze frame,4.3,11,10,172.26,238.89,265.34,281.19,1,0,90,5
freeze,fruit,freeze fruit,100,1236,5.06,frozen fruit,4.81,3,10,128.34,194.72,221.4,242.63,1,0,90,8
freeze,fund,freeze fund,100,2288,4.86,funds frozen,3.18,3,10,147.28,207.45,229.19,247.48,1,0,90,8
freeze,funding,freeze funding,100,720,3.92,freeze funding,3.17,2,10,108.73,159.63,185.68,200.13,1,0,90,3
freeze,game,freeze game,100,1114,2.03,freeze the game,4.5,11,10,197.97,310.04,362.54,399.13,1,0,90,35
freeze,ground,freeze ground,100,4326,6.2,ground is frozen,4.77,11,10,207.06,291.84,324.49,350.64,1,0,90,13
freeze,half,freeze half,100,932,4.82,freeze half,3.27,2,10,173.32,284.54,329.41,354.84,1,0,90,3
freeze,hand,freeze hand,100,1490,3.28,hands frozen,4.72,14,10,269.2,382.64,427.86,454.46,1,0,90,33
freeze,heart,freeze heart,100,936,3.86,heart is frozen,4.52,10,10,222.29,308.92,338.38,354.34,1,0,90,18
freeze,ice,freeze ice,100,1270,6.02,ice frozen,4.89,8,10,122.09,174.58,198.81,212.59,1,0,90,5
freeze,image,freeze image,100,795,2.47,freeze the image,3.85,9,10,179.93,316.21,370.25,403.89,1,0,90,21
freeze,item,freeze item,100,643,2.51,frozen items,4.41,5,10,197.78,301.7,343.31,365.49,1,0,90,15
freeze,juice,freeze juice,100,677,5.1,freeze the juice,4.89,4,10,86.673,133.6,170.71,193.42,1,0,90,8
freeze,lake,freeze lake,100,2002,6.63,lake is frozen,4.88,3,10,147.63,237.64,283.27,312.67,1,0,90,1
freeze,layer,freeze layer,100,686,4.03,layer is frozen,3.52,5,10,209.54,295.05,324.1,342.07,1,0,90,8
freeze,leftover,freeze leftover,100,1053,6.45,freeze the leftovers,4.15,1,10,9.8317,13.831,15.423,16.182,1,0,90,1
freeze,man,freeze man,100,737,1.63,man frozen,4.79,11,10,192.73,336.5,412.7,455.21,1,0,90,37
freeze,market,freeze market,100,779,3.0,freeze the market,4.7,5,10,166.28,245.6,289.22,311.24,1,0,90,22
freeze,meal,freeze meal,100,966,4.47,frozen meals,4.62,3,10,108.62,181.62,219.62,243.19,1,0,90,3
freeze,meat,freeze meat,100,1528,5.68,frozen meat,4.9,3,10,92.942,146.23,184.83,210.57,1,0,90,6
freeze,milk,freeze milk,100,1022,5.38,freeze milk,4.92,4,10,85.509,138.38,171.6,192.28,1,0,90,6
freeze,moment,freeze moment,100,2467,5.07,moment frozen,1.61,6,10,260.29,370.13,427.44,458.27,1,0,90,8
freeze,money,freeze money,100,700,1.7,money frozen,4.54,3,10,103.44,164.62,189.47,205.68,1,0,90,15
freeze,motion,freeze motion,100,886,4.71,freeze motion,3.8,7,10,126.73,181.66,202.69,213.78,1,0,90,2
freeze,movement,freeze movement,100,655,3.25,freeze the movement,3.63,11,10,228.82,319.09,350.45,367.29,1,0,90,13
freeze,night,freeze night,100,1666,4.36,freezing last night,4.52,8,10,159.19,285.53,366.7,433.96,1,0,90,4
freeze,part,freeze part,100,740,0.69,freeze part,3.29,12,10,237.04,382.12,430.05,454.33,1,0,90,30
freeze,pay,freeze pay,100,861,5.42,pay frozen,3.54,1,10,63.407,103.04,127.69,144.08,1,0,90,3
freeze,payment,freeze payment,100,641,3.37,freeze payments,3.91,3,10,96.859,166.16,199.73,223.52,1,0,90,5
freeze,pea,freeze pea,100,664,5.8,frozen peas,4.9,3,10,33.212,61.527,80.495,96.759,1,0,90,3
freeze,people,freeze people,100,1282,1.15,freeze people,4.82,4,10,190.25,264.24,315.17,343.14,1,0,90,39
freeze,pipe,freeze pipe,100,968,5.45,frozen pipes,4.88,5,10,109.14,163.13,193.31,210.85,1,0,90,5
freeze,plan,freeze plan,100,836,2.3,plan was frozen,3.4,3,10,144.41,259.22,311.43,339.79,1,0,90,17
freeze,portion,freeze portion,100,966,4.49,freeze portions,3.78,7,10,178.36,255.0,285.28,300.93,1,0,90,5
freeze,price,freeze price,100,1355,3.61,freeze prices,3.63,7,10,150.25,226.12,259.48,280.51,1,0,90,14
freeze,process,freeze process,100,757,1.86,freeze the process,2.93,6,10,219.57,309.68,362.4,391.04,1,0,90,24
freeze,product,freeze product,100,1309,2.7,frozen products,4.17,6,10,227.73,323.72,365.31,390.22,1,0,90,15
freeze,program,freeze program,100,1030,2.19,freeze its nuclear program,3.43,8,10,175.08,280.8,337.3,363.32,1,0,90,15
freeze,rain,freeze rain,100,1656,6.26,freezing rain,4.97,3,10,111.44,176.37,212.4,234.63,1,0,90,4
freeze,rate,freeze rate,100,2080,3.98,freeze rates,2.5,4,10,155.47,233.69,262.65,282.31,1,0,90,13
freeze,rest,freeze rest,100,1257,4.51,and freeze the rest,3.03,7,10,192.69,296.32,342.93,369.25,1,0,90,5
freeze,river,freeze river,100,1360,5.73,river was frozen,4.89,1,10,183.95,321.39,382.87,418.96,1,0,90,4
freeze,salary,freeze salary,100,1140,5.59,freeze salaries,3.69,1,10,76.713,127.35,155.35,172.8,1,0,90,5
freeze,sample,freeze sample,100,1541,4.89,samples were frozen,3.79,3,10,166.24,232.86,260.07,273.73,1,0,90,4
freeze,screen,freeze screen,100,874,4.48,screen is frozen,4.6,9,10,184.18,258.18,287.66,306.13,1,0,90,8
freeze,soil,freeze soil,100,1022,5.33,frozen soil,4.87,4,10,153.97,228.07,261.15,280.98,1,0,90,6
freeze,spending,freeze spending,100,873,5.32,freeze spending,3.31,2,10,78.229,122.43,144.17,157.7,1,0,90,4
freeze,sperm,freeze sperm,100,814,6.07,sperm frozen,4.82,1,10,41.695,62.653,72.437,78.772,1,0,90,1
freeze,system,freeze system,100,1158,1.81,freeze the system,2.94,9,10,223.61,330.78,374.49,401.55,1,0,90,36
freeze,tax,freeze tax,100,1129,4.14,freeze council tax,3.89,1,10,84.254,125.94,147.02,164.68,1,0,90,5
freeze,temperature,freeze temperature,100,1914,5.51,freezing temperatures,3.71,2,10,147.68,213.28,241.41,258.41,1,0,90,2
freeze,thing,freeze thing,100,1241,1.26,freeze things,3.17,12,10,143.55,268.8,339.04,370.97,1,0,90,51
freeze,time,freeze time,100,4644,2.62,freeze time,3.07,10,10,273.83,408.51,469.17,512.74,1,0,90,50
freeze,tissue,freeze tissue,100,903,5.34,tissue is frozen,4.93,2,10,130.64,195.84,232.23,256.76,1,0,90,5
freeze,tuition,freeze tuition,100,783,5.81,to freeze tuition,3.52,2,10,59.394,86.651,97.236,103.91,1,0,90,2
freeze,vegetable,freeze vegetable,100,936,5.53,frozen vegetables,4.89,2,10,70.178,130.48,163.96,189.0,1,0,90,5
freeze,wage,freeze wage,100,1479,5.88,freeze wages,3.79,1,10,52.345,74.4,85.397,93.429,1,0,90,5
freeze,water,freeze water,100,5735,5.43,freezing cold water,5.0,6,10,232.15,324.2,362.8,390.59,1,0,90,24
freeze,weather,freeze weather,100,880,5.23,freezing weather,3.83,1,10,126.32,196.47,226.45,245.27,1,0,90,2
freeze,winter,freeze winter,100,986,5.68,freezing cold winters,3.84,1,10,146.25,260.96,312.81,335.9,1,0,90,1
freeze,world,freeze world,100,694,2.23,freeze the world,4.36,8,10,202.2,309.66,360.98,390.98,1,0,90,28
fuel,action,fuel action,100,958,2.73,action fueled,2.86,10,4,202.3,294.93,326.83,343.62,1,0,99,13
fuel,activity,fuel activity,100,1646,3.57,fuelled activities,2.72,6,4,227.17,320.91,359.98,381.47,1,0,99,10
fuel,addiction,fuel addiction,100,891,5.51,fuel their addiction,2.85,3,4,63.751,106.06,123.49,134.14,1,0,99,3
fuel,ambition,fuel ambition,100,1002,5.5,fuel your ambition,1.74,2,4,97.608,157.21,182.97,196.79,1,0,99,4
fuel,anger,fuel anger,100,2493,6.71,fueled anger,2.41,3,4,116.48,185.38,221.03,245.74,1,0,99,9
fuel,attack,fuel attack,100,1017,3.81,attack fueled,3.71,9,4,172.82,287.0,339.01,372.67,1,0,99,14
fuel,body,fuel body,100,4950,5.21,fuel your body,4.79,11,4,237.41,335.77,373.18,393.77,1,0,99,40
fuel,boom,fuel boom,100,2778,7.2,boom fueled,3.66,5,4,104.36,144.94,160.56,169.99,1,0,99,2
fuel,bubble,fuel bubble,100,1438,6.05,bubble fueled,4.6,4,4,75.271,108.46,122.55,130.76,1,0,99,3
fuel,business,fuel business,100,1177,2.68,fuel your business,3.28,9,4,153.74,238.14,275.17,295.29,1,0,99,18
fuel,campaign,fuel campaign,100,1504,4.55,campaign fueled,3.0,4,4,234.82,326.5,365.57,390.31,1,0,99,8
fuel,car,fuel car,100,4448,5.0,fuel efficient cars,4.89,5,4,146.58,271.86,328.14,362.93,1,0,99,26
fuel,cell,fuel cell,100,1248,4.25,to fuel cells,4.44,7,4,151.64,244.74,286.69,309.52,1,0,99,11
fuel,change,fuel change,100,1848,3.07,fueling climate change,2.89,10,4,169.83,260.43,300.98,324.77,1,0,99,14
fuel,concern,fuel concern,100,2718,4.82,fueled concerns,1.7,5,4,192.53,304.28,359.28,388.82,1,0,99,6
fuel,conflict,fuel conflict,100,4208,6.6,fuel conflict,2.21,7,4,169.9,257.67,312.76,347.39,1,0,99,6
fuel,consumption,fuel consumption,100,1650,5.83,to fuel consumption,3.16,4,4,112.65,167.17,194.19,207.31,1,0,99,4
fuel,controversy,fuel controversy,100,1098,5.56,fueled the controversy,2.29,1,4,146.19,222.23,259.61,281.54,1,0,99,5
fuel,cost,fuel cost,100,987,2.68,to fuel costs,2.5,3,4,160.14,263.17,306.3,332.11,1,0,99,14
fuel,creativity,fuel creativity,100,1332,5.82,fuel creativity,1.8,1,4,90.711,131.02,148.56,159.5,1,0,99,7
fuel,crisis,fuel crisis,100,2933,6.19,crisis fueled,2.33,2,4,139.99,213.55,249.27,271.87,1,0,99,9
fuel,cycle,fuel cycle,100,999,4.76,fuel the cycle,3.64,6,4,147.93,224.19,248.62,260.1,1,0,99,2
fuel,day,fuel day,100,1070,1.78,fuel your day,3.92,10,4,202.17,322.8,424.94,489.25,1,0,99,31
fuel,debate,fuel debate,100,3601,6.54,fuel the debate,3.18,2,4,184.93,291.91,338.79,365.58,1,0,99,9
fuel,demand,fuel demand,100,7712,6.74,fuel the demand,2.2,5,4,175.66,257.9,291.88,309.12,1,0,99,13
fuel,desire,fuel desire,100,3480,6.41,fueled his desire,1.7,3,4,165.31,243.51,281.9,306.53,1,0,99,8
fuel,development,fuel development,100,3078,4.89,fuel the development,2.41,9,4,188.62,267.55,302.33,321.56,1,0,99,9
fuel,discussion,fuel discussion,100,1190,4.03,fuel the discussion,3.07,2,4,180.21,295.44,351.36,377.72,1,0,99,11
fuel,dream,fuel dream,100,1049,4.3,fuel the dreams,2.6,6,4,147.1,213.55,239.31,254.22,1,0,99,8
fuel,drive,fuel drive,100,1287,4.74,fuel the drive,3.86,12,4,230.27,322.71,352.72,367.84,1,0,99,8
fuel,economy,fuel economy,100,6244,6.77,fuel economy,2.57,4,4,165.36,238.62,265.62,283.32,1,0,99,14
fuel,efficiency,fuel efficiency,100,939,4.44,to fuel efficiency,2.15,2,4,89.84,138.97,165.65,180.54,1,0,99,2
fuel,effort,fuel effort,100,1763,3.8,fueled efforts,2.33,4,4,200.2,307.62,348.88,374.91,1,0,99,16
fuel,energy,fuel energy,100,995,3.54,energy fueled,3.11,7,4,147.56,207.6,231.64,246.44,1,0,99,11
fuel,engine,fuel engine,100,3998,6.1,engine fueled,4.86,4,4,161.05,244.11,278.23,299.74,1,0,99,8
fuel,epidemic,fuel epidemic,100,1353,6.16,fueling the opioid epidemic,3.23,1,4,39.298,66.52,80.064,87.959,1,0,99,3
fuel,expansion,fuel expansion,100,2544,6.41,fuel the expansion,3.0,4,4,122.21,185.34,207.09,221.38,1,0,99,1
fuel,facility,fuel facility,100,1120,3.89,fueling facilities,3.58,5,4,217.82,304.92,336.69,359.59,1,0,99,4
fuel,fear,fuel fear,100,3080,6.09,fueled fears,2.57,3,4,208.48,300.15,342.67,365.02,1,0,99,14
fuel,fire,fuel fire,100,9418,7.3,fuel the fire,4.68,9,4,142.33,217.4,250.15,268.89,1,0,99,13
fuel,flame,fuel flame,100,1679,6.26,fuel the flames,4.67,1,4,93.561,139.75,160.47,173.35,1,0,99,5
fuel,generation,fuel generation,100,875,4.33,fuel the next generation,1.96,7,4,193.65,283.89,313.56,327.86,1,0,99,1
fuel,generator,fuel generator,100,944,5.39,fueled generators,4.23,4,4,87.458,129.07,150.59,162.66,1,0,99,2
fuel,growth,fuel growth,100,26000,8.27,fuel the growth,2.89,7,4,144.79,208.57,237.72,256.21,1,0,99,11
fuel,hatred,fuel hatred,100,1420,6.19,fuel hatred,2.0,1,4,90.517,140.19,161.91,173.21,1,0,99,6
fuel,hope,fuel hope,100,964,4.25,fueled hopes,1.25,6,4,166.95,241.91,272.45,287.77,1,0,99,11
fuel,idea,fuel idea,100,875,1.83,fueled the idea,1.61,5,4,186.11,292.47,339.77,365.76,1,0,99,31
fuel,imagination,fuel imagination,100,1929,6.31,fuel the imagination,1.69,3,4,94.676,139.25,161.68,174.76,1,0,99,11
fuel,increase,fuel increase,100,1991,4.91,fueled an increase,2.61,5,4,126.39,203.97,260.39,291.03,1,0,99,3
fuel,industry,fuel industry,100,2035,4.94,industry fueled,3.29,3,4,138.47,248.2,308.72,337.96,1,0,99,9
fuel,inflation,fuel inflation,100,1680,6.27,fuel inflation,2.54,4,4,66.2,116.85,140.41,154.61,1,0,99,3
fuel,infrastructure,fuel infrastructure,100,1271,5.01,fueling infrastructure,3.38,2,4,133.61,185.95,204.17,213.9,1,0,99,3
fuel,innovation,fuel innovation,100,2710,6.3,fuel innovation,1.97,3,4,116.4,177.04,198.31,209.83,1,0,99,8
fuel,insurgency,fuel insurgency,100,914,5.84,fueling the insurgency,2.44,1,4,51.792,88.5,103.21,111.31,1,0,99,2
fuel,interest,fuel interest,100,3278,4.59,fueled interest,1.8,7,4,176.83,268.45,304.88,322.86,1,0,99,14
fuel,life,fuel life,100,1136,2.06,life fueled,2.69,14,4,228.25,333.37,374.48,396.14,1,0,99,27
fuel,machine,fuel machine,100,1185,3.92,machine fueled,4.25,6,4,162.99,247.75,283.25,305.85,1,0,99,14
fuel,market,fuel market,100,3244,4.99,fuel the market,4.7,5,4,166.28,245.6,289.22,311.24,1,0,99,22
fuel,movement,fuel movement,100,2725,5.22,movement fueled,3.63,11,4,228.82,319.09,350.45,367.29,1,0,99,13
fuel,need,fuel need,100,1644,3.1,fueled the need,1.69,4,4,166.74,256.31,305.55,332.02,1,0,99,4
fuel,operation,fuel operation,100,1143,3.63,fueling operations,3.44,11,4,217.49,319.97,355.82,373.8,1,0,99,5
fuel,passion,fuel passion,100,4510,6.98,fueled my passion,2.3,7,4,119.78,201.4,232.88,253.47,1,0,99,7
fuel,plant,fuel plant,100,2192,4.91,plants fueled,4.76,4,4,229.53,338.39,377.64,397.49,1,0,99,10
fuel,power,fuel power,100,1002,2.44,power fueled,2.04,9,4,196.2,276.34,308.2,322.74,1,0,99,19
fuel,price,fuel price,100,1194,3.37,to fuel prices,3.63,7,4,150.25,226.12,259.48,280.51,1,0,99,14
fuel,problem,fuel problem,100,1172,1.73,fueling the problem,2.68,3,4,202.61,312.71,353.01,375.03,1,0,99,16
fuel,process,fuel process,100,1698,2.99,fueling process,2.93,6,4,219.57,309.68,362.4,391.04,1,0,99,24
fuel,production,fuel production,100,900,3.75,fuel production,2.59,8,4,218.18,311.48,352.51,373.46,1,0,99,7
fuel,project,fuel project,100,945,2.33,project fueled,3.62,2,4,170.17,284.97,344.87,374.52,1,0,99,19
fuel,protest,fuel protest,100,1267,5.43,fueled protests,3.21,3,4,168.96,247.19,285.51,310.23,1,0,99,6
fuel,race,fuel race,100,954,4.05,Races fuelled,3.59,6,4,158.94,236.9,277.44,300.12,1,0,99,4
fuel,rage,fuel rage,100,932,5.7,fueled rage,3.13,5,4,78.825,123.42,139.63,154.56,1,0,99,2
fuel,rally,fuel rally,100,1042,5.53,rally fueled,3.34,5,4,139.09,197.56,220.03,234.49,1,0,99,4
fuel,reactor,fuel reactor,100,1187,6.0,fueled reactors,3.68,2,4,66.074,104.14,118.71,128.12,1,0,99,1
fuel,recovery,fuel recovery,100,1081,5.2,fuel the recovery,2.68,3,4,117.15,164.51,182.09,191.32,1,0,99,3
fuel,research,fuel research,100,1079,3.22,fuel research,3.03,2,4,170.07,249.43,282.88,299.95,1,0,99,9
fuel,resentment,fuel resentment,100,1003,5.9,fueled resentment,1.78,1,4,65.466,105.55,126.74,139.17,1,0,99,3
fuel,revolution,fuel revolution,100,1439,5.79,revolution fueled,2.87,3,4,158.96,229.25,269.07,292.82,1,0,99,4
fuel,rise,fuel rise,100,3345,6.33,fueled the rise,4.04,10,4,123.88,211.47,257.98,284.15,1,0,99,1
fuel,rumor,fuel rumor,100,1738,6.29,fueled rumors,2.15,1,4,60.471,137.86,168.94,183.37,1,0,99,4
fuel,sale,fuel sale,100,1057,4.02,fuel sales,3.37,5,4,154.6,242.39,283.58,307.71,1,0,99,8
fuel,sentiment,fuel sentiment,100,1493,5.97,sentiment fueled,2.1,2,4,107.7,162.53,184.29,195.29,1,0,99,7
fuel,ship,fuel ship,100,941,4.09,fueled ships,4.87,1,4,128.34,250.17,304.84,346.07,1,0,99,15
fuel,speculation,fuel speculation,100,6638,8.27,fueled speculation,2.15,4,4,91.975,152.37,185.54,205.03,1,0,99,2
fuel,station,fuel station,100,7107,6.84,fueling stations,4.32,5,4,219.1,332.06,378.41,407.53,1,0,99,5
fuel,success,fuel success,100,1809,4.48,fuel the success,2.21,4,4,194.18,295.66,331.23,349.41,1,0,99,5
fuel,surge,fuel surge,100,1358,6.05,fueled a surge,2.78,3,4,84.868,131.68,156.53,170.44,1,0,99,2
fuel,suspicion,fuel suspicion,100,1335,5.97,fueled suspicions,1.62,4,4,111.83,160.77,181.01,193.81,1,0,99,4
fuel,system,fuel system,100,3293,3.3,fueling system,2.94,9,4,223.61,330.78,374.49,401.55,1,0,99,36
fuel,tank,fuel tank,100,1026,4.81,fuel tanks,4.8,5,4,148.39,212.03,237.06,250.37,1,0,99,4
fuel,tension,fuel tension,100,2239,6.13,fuel tensions,2.6,6,4,148.12,226.42,267.67,294.21,1,0,99,6
fuel,trend,fuel trend,100,1224,4.45,fueling the trend,2.42,4,4,152.45,216.03,241.24,254.47,1,0,99,5
fuel,truck,fuel truck,100,911,4.66,fuel trucks,4.84,2,4,111.64,174.34,208.56,235.87,1,0,99,5
fuel,vehicle,fuel vehicle,100,5589,6.16,fueled vehicles,4.64,4,4,135.77,243.43,288.48,318.05,1,0,99,14
fuel,violence,fuel violence,100,2877,6.1,fueling violence,3.07,3,4,151.79,221.0,253.88,276.12,1,0,99,7
fuel,war,fuel war,100,2880,5.34,war fueled,3.63,4,4,185.71,287.06,333.51,366.33,1,0,99,8
fuel,wave,fuel wave,100,927,4.53,fuel the next wave,4.55,9,4,166.5,236.93,267.61,282.94,1,0,99,11
fuel,work,fuel work,100,1557,2.19,work is fueled,3.48,7,4,272.87,386.54,424.55,447.82,1,0,99,22
fuel,world,fuel world,100,907,2.58,fuel the world,4.36,8,4,202.2,309.66,360.98,390.98,1,0,99,28
gather,amount,gather amount,100,4221,4.47,gather large amounts,2.74,4,9,171.9,263.47,299.86,323.81,1,0,94,19
gather,army,gather army,100,4988,6.12,gathered an army,4.7,3,9,127.38,213.56,259.99,294.17,1,0,94,8
gather,attention,gather attention,100,2837,4.02,gather attention,2.3,6,9,133.07,191.66,213.39,223.75,1,0,94,7
gather,audience,gather audience,100,2616,4.79,audience gathered,4.29,4,9,138.77,221.07,265.12,291.55,1,0,94,4
gather,belonging,gather belonging,100,2838,5.79,gather their belongings,1.92,1,9,10.885,15.82,17.617,18.602,1,0,94,1
gather,child,gather child,100,5526,4.33,children gathered,4.78,4,9,201.04,295.22,346.37,384.22,1,0,94,21
gather,collection,gather collection,100,3478,5.01,gathered a collection,4.04,4,9,205.96,301.06,341.35,364.34,1,0,94,3
gather,community,gather community,100,5056,4.99,community gathered,3.52,6,9,214.58,316.13,353.91,376.42,1,0,94,12
gather,country,gather country,100,3114,4.26,the country gathered,4.17,5,9,173.56,276.1,341.96,389.05,1,0,94,12
gather,courage,gather courage,100,6126,6.72,gather the courage,1.52,1,9,65.229,103.37,124.24,139.51,1,0,94,1
gather,crowd,gather crowd,100,16784,7.92,crowd gathered,4.52,2,9,168.11,256.74,291.15,308.88,1,0,94,6
gather,data,gather data,100,2548,5.39,data is gathered,3.93,2,9,78.577,112.22,125.99,134.64,1,0,94,1
gather,day,gather day,100,2363,2.78,gathered that day,3.92,10,9,202.17,322.8,424.94,489.25,1,0,94,31
gather,detail,gather detail,100,4173,4.97,gather details,2.5,5,9,181.66,257.54,289.87,309.11,1,0,94,10
gather,document,gather document,100,3449,4.8,documents gathered,4.41,4,9,158.9,245.28,277.4,295.0,1,0,94,8
gather,dust,gather dust,100,15720,8.12,gathering dust,4.4,3,9,87.632,148.3,174.03,189.46,1,0,94,4
gather,energy,gather energy,100,5093,5.41,gather energy,3.11,7,9,147.56,207.6,231.64,246.44,1,0,94,11
gather,evidence,gather evidence,100,40083,7.94,gather evidence,3.65,3,9,161.8,250.91,291.33,310.6,1,0,94,5
gather,experience,gather experience,100,6332,4.6,experience gathered,1.8,3,9,185.87,276.44,315.87,336.02,1,0,94,12
gather,expert,gather expert,100,3400,5.33,experts gathered,2.85,1,9,135.71,223.61,267.33,289.02,1,0,94,1
gather,fact,gather fact,100,6206,5.37,gather facts,2.72,4,9,254.34,365.67,419.85,450.64,1,0,94,9
gather,family,gather family,100,9668,5.87,family gathered,4.23,8,9,241.61,347.92,387.48,407.58,1,0,94,11
gather,fan,gather fan,100,2662,4.47,fans gathered,4.71,3,9,219.41,315.36,357.16,381.0,1,0,94,3
gather,feedback,gather feedback,100,18781,7.91,gather feedback,2.48,2,9,101.8,152.16,171.24,180.33,1,0,94,1
gather,firewood,gather firewood,100,2549,5.68,gathering firewood,4.93,1,9,37.989,54.671,61.977,66.414,1,0,94,1
gather,flower,gather flower,100,2658,5.26,gather flowers,5.0,3,9,143.8,233.16,273.15,294.9,1,0,94,6
gather,food,gather food,100,7680,5.63,gather food,4.8,3,9,169.07,241.2,280.07,303.04,1,0,94,18
gather,force,gather force,100,8058,5.93,gathering force,3.0,10,9,126.65,244.96,289.46,319.69,1,0,94,11
gather,friend,gather friend,100,9549,5.83,friends gathered,3.07,5,9,232.09,344.16,410.42,459.92,1,0,94,7
gather,fruit,gather fruit,100,3227,5.42,gather fruit,4.81,3,9,128.34,194.72,221.4,242.63,1,0,94,8
gather,fund,gather fund,100,2669,4.51,gather funds,3.18,3,9,147.28,207.45,229.19,247.48,1,0,94,8
gather,group,gather group,100,15159,6.15,group gathered,4.12,3,9,225.61,346.48,394.01,420.34,1,0,94,12
gather,guest,gather guest,100,2452,4.96,guests gathered,3.83,4,9,160.46,225.97,252.22,266.25,1,0,94,1
gather,hundred,gather hundred,100,2657,5.06,gathered hundreds,3.2,1,9,62.203,182.2,248.64,284.5,1,0,94,4
gather,idea,gather idea,100,6962,4.63,gather ideas,1.61,5,9,186.11,292.47,339.77,365.76,1,0,94,31
gather,image,gather image,100,2793,3.94,images gathered,3.85,9,9,179.93,316.21,370.25,403.89,1,0,94,21
gather,info,gather info,100,5602,6.27,gather info,2.39,1,9,95.9,151.66,171.27,181.4,1,0,94,3
gather,information,gather information,100,194840,8.93,gather information,2.87,5,9,188.65,292.02,342.92,373.06,1,0,94,17
gather,ingredient,gather ingredient,100,3161,5.45,gather ingredients,3.84,3,9,139.24,200.31,226.53,242.76,1,0,94,2
gather,input,gather input,100,11636,7.24,to gather input,2.5,4,9,142.79,209.43,233.99,246.37,1,0,94,2
gather,insight,gather insight,100,7801,6.42,gather insights,1.72,4,9,127.44,178.44,194.41,201.84,1,0,94,4
gather,intelligence,gather intelligence,100,16173,8.02,to gather intelligence,2.24,5,9,107.37,153.69,168.34,175.95,1,0,94,1
gather,item,gather item,100,4536,4.9,gather items,4.41,5,9,197.78,301.7,343.31,365.49,1,0,94,15
gather,knowledge,gather knowledge,100,7663,5.81,gather knowledge,1.73,1,9,149.95,251.68,288.24,306.7,1,0,94,4
gather,leader,gather leader,100,5314,5.48,leaders gathered,3.89,2,9,205.5,301.95,348.11,378.65,1,0,94,4
gather,list,gather list,100,3167,4.18,gathered a list,4.43,2,9,182.17,265.47,300.93,321.78,1,0,94,9
gather,lot,gather lot,100,5752,3.7,gathered a lot of,3.7,7,9,144.92,243.93,294.05,322.54,1,0,94,34
gather,man,gather man,100,6419,4.54,men gathered,4.79,11,9,192.73,336.5,412.7,455.21,1,0,94,37
gather,material,gather material,100,17790,6.67,material gathered,4.26,5,9,225.35,316.51,351.27,369.43,1,0,94,25
gather,member,gather member,100,6914,4.71,members gathered,3.07,5,9,208.76,325.3,372.4,397.51,1,0,94,10
gather,momentum,gather momentum,100,16857,8.1,gathering momentum,2.5,2,9,79.992,112.44,123.59,129.88,1,0,94,5
gather,money,gather money,100,3074,3.59,gather money,4.54,3,9,103.44,164.62,189.47,205.68,1,0,94,15
gather,news,gather news,100,2906,4.71,gather news,3.41,5,9,147.99,211.63,237.7,252.17,1,0,94,11
gather,number,gather number,100,5562,3.87,gathered a number,3.3,11,9,198.05,280.36,322.92,351.63,1,0,94,36
gather,opinion,gather opinion,100,3633,5.13,gather opinions,1.93,6,9,152.86,241.2,273.22,291.02,1,0,94,10
gather,other,gather other,100,2539,4.23,others gathered,2.04,0,9,236.43,340.08,398.13,427.98,1,0,94,7
gather,pace,gather pace,100,9562,7.23,gathering pace,3.11,6,9,133.22,190.17,209.42,219.19,1,0,94,2
gather,part,gather part,100,2438,2.3,gathering parts,3.29,12,9,237.04,382.12,430.05,454.33,1,0,94,30
gather,participant,gather participant,100,3173,5.29,participants gathered,3.38,2,9,134.31,190.73,215.9,230.97,1,0,94,1
gather,people,gather people,100,45577,6.22,people gathered,4.82,4,9,190.25,264.24,315.17,343.14,1,0,94,39
gather,piece,gather piece,100,2919,4.23,gather the pieces,4.14,13,9,236.3,331.62,361.88,377.98,1,0,94,26
gather,place,gather place,100,6368,4.07,gathering place for,3.48,16,9,235.9,337.1,371.44,386.77,1,0,94,13
gather,plant,gather plant,100,2233,4.39,gather plants,4.76,4,9,229.53,338.39,377.64,397.49,1,0,94,10
gather,point,gather point,100,3566,3.59,gathering points,3.39,26,9,249.95,349.67,391.1,417.02,1,0,94,21
gather,power,gather power,100,3244,3.89,gathering power,2.04,9,9,196.2,276.34,308.2,322.74,1,0,94,19
gather,record,gather record,100,2292,3.86,records gathered,4.15,8,9,188.53,270.23,302.1,318.6,1,0,94,14
gather,requirement,gather requirement,100,4803,5.04,gather requirements,2.52,3,9,141.49,230.53,276.57,301.95,1,0,94,6
gather,research,gather research,100,2694,4.17,research gathered,3.03,2,9,170.07,249.43,282.88,299.95,1,0,94,9
gather,resource,gather resource,100,9082,5.94,gather resources,2.55,3,9,166.52,241.94,269.95,282.85,1,0,94,7
gather,result,gather result,100,2738,3.52,results gathered,2.85,4,9,216.6,338.17,395.56,425.61,1,0,94,10
gather,round,gather round,100,4821,5.78,gather round,3.9,14,9,139.8,209.38,243.16,267.85,1,0,94,8
gather,sample,gather sample,100,4826,5.74,gather samples,3.79,3,9,166.24,232.86,260.07,273.73,1,0,94,4
gather,signature,gather signature,100,12257,7.62,gathering signatures,4.43,5,9,112.21,162.69,182.27,192.44,1,0,94,2
gather,speed,gather speed,100,3506,5.26,gathering speed,3.62,5,9,171.76,241.14,277.99,301.82,1,0,94,2
gather,statistic,gather statistic,100,6523,6.66,gather statistics,2.88,1,9,53.489,77.615,86.936,91.911,1,0,94,2
gather,steam,gather steam,100,5562,6.69,gathering steam,4.5,1,9,75.307,110.13,123.18,130.12,1,0,94,2
gather,story,gather story,100,4841,4.17,gather stories,3.3,6,9,197.18,328.22,376.06,402.62,1,0,94,28
gather,strength,gather strength,100,10880,6.91,gather strength,2.96,9,9,166.18,231.06,253.01,266.37,1,0,94,4
gather,student,gather student,100,6988,4.72,students gathered,4.92,2,9,154.13,250.84,295.3,323.45,1,0,94,8
gather,supply,gather supply,100,5829,6.04,gather supplies,3.43,3,9,118.76,179.4,208.2,224.52,1,0,94,5
gather,support,gather support,100,9203,5.59,gather support,2.83,11,9,192.66,285.67,327.93,350.38,1,0,94,9
gather,supporter,gather supporter,100,3233,5.7,supporters gathered,3.26,5,9,185.15,283.91,327.0,353.75,1,0,94,1
gather,team,gather team,100,6957,4.95,team gathered,3.79,2,9,204.37,328.15,369.37,388.62,1,0,94,22
gather,thing,gather thing,100,6993,3.65,gathered her things,3.17,12,9,143.55,268.8,339.04,370.97,1,0,94,51
gather,thought,gather thought,100,9017,6.43,gather my thoughts,1.97,4,9,172.64,253.02,286.84,305.45,1,0,94,17
gather,thousand,gather thousand,100,3433,5.42,thousands gathered,3.08,1,9,70.573,185.93,249.9,283.4,1,0,94,5
gather,troop,gather troop,100,2443,5.12,troops gathered,4.34,4,9,43.961,69.395,84.425,94.045,1,0,94,6
gather,view,gather view,100,3352,4.45,gather views,3.21,10,9,225.92,335.06,380.85,402.91,1,0,94,14
gather,water,gather water,100,3222,4.24,gather water,5.0,6,9,232.15,324.2,362.8,390.59,1,0,94,24
gather,wit,gather wit,100,2356,5.52,gather his wits,1.93,3,9,66.276,122.36,147.69,161.47,1,0,94,1
gather,woman,gather woman,100,3655,4.19,women gathered,4.46,4,9,176.89,278.3,349.75,390.06,1,0,94,19
gather,wood,gather wood,100,3938,5.94,gather wood,4.85,8,9,210.79,299.9,333.18,352.04,1,0,94,4
gather,world,gather world,100,2684,3.85,from around the world gathered,4.36,8,9,202.2,309.66,360.98,390.98,1,0,94,28
gather,year,gather year,100,4322,3.2,gather each year,3.25,4,9,119.49,308.84,424.66,500.24,1,0,94,26
harbor,affection,harbor affection,100,232,5.06,harbor affection,2.22,1,4,81.124,132.53,155.22,169.55,1,0,93,1
harbor,alien,harbor alien,100,676,6.14,harboring illegal aliens,3.52,3,4,78.966,120.34,139.53,151.46,1,0,93,3
harbor,alteration,harbor alteration,100,364,5.59,most frequently harbor alterations in,3.21,3,4,87.472,133.24,152.42,163.09,1,0,93,1
harbor,ambition,harbor ambition,100,1123,6.71,harbored ambitions,1.74,2,4,97.608,157.21,182.97,196.79,1,0,93,4
harbor,amount,harbor amount,100,308,1.08,harbor large amounts,2.74,4,4,171.9,263.47,299.86,323.81,1,0,93,19
harbor,anger,harbor anger,100,706,5.84,harbor anger,2.41,3,4,116.48,185.38,221.03,245.74,1,0,93,9
harbor,animal,harbor animal,100,332,2.77,harboring animals,4.61,1,4,176.69,244.8,282.95,316.08,1,0,93,7
harbor,animosity,harbor animosity,100,440,6.69,harbor animosity,2.11,1,4,41.542,79.267,103.57,117.82,1,0,93,1
harbor,aspiration,harbor aspiration,100,242,4.96,harbored aspirations,1.81,4,4,88.812,127.61,145.62,155.13,1,0,93,1
harbor,attitude,harbor attitude,100,455,4.17,harbor anti-Semitic attitudes,1.97,4,4,201.44,293.68,335.16,357.91,1,0,93,3
harbor,belief,harbor belief,100,706,4.55,harbor the belief,1.19,2,4,175.05,262.14,299.23,321.46,1,0,93,8
harbor,bias,harbor bias,100,602,5.34,harbor biases,1.68,2,4,106.67,159.72,179.7,188.9,1,0,93,1
harbor,bitterness,harbor bitterness,100,420,6.52,harbor bitterness,2.36,4,4,60.309,89.319,103.05,113.21,1,0,93,2
harbor,cell,harbor cell,100,347,2.68,harboring cells,4.44,7,4,151.64,244.74,286.69,309.52,1,0,93,11
harbor,community,harbor community,100,362,1.67,harbors a community,3.52,6,4,214.58,316.13,353.91,376.42,1,0,93,12
harbor,concern,harbor concern,100,569,2.74,harbor concerns,1.7,5,4,192.53,304.28,359.28,388.82,1,0,93,6
harbor,criminal,harbor criminal,100,431,5.25,harboring criminals,3.48,1,4,82.196,117.73,136.68,150.01,1,0,93,3
harbor,crush,harbor crush,100,718,6.85,harbors a crush,3.9,4,4,60.605,83.961,92.09,96.584,1,0,93,2
harbor,deletion,harbor deletion,100,221,5.4,harboring deletions,2.8,4,4,44.987,71.222,82.519,88.797,1,0,93,1
harbor,delusion,harbor delusion,100,294,5.91,harbor delusions,2.3,3,4,48.925,73.82,83.407,88.588,1,0,93,1
harbor,desire,harbor desire,100,1176,5.32,harbored a desire,1.7,3,4,165.31,243.51,281.9,306.53,1,0,93,8
harbor,disease,harbor disease,100,758,3.97,harbor diseases,3.45,1,4,102.9,195.33,244.79,273.82,1,0,93,7
harbor,dislike,harbor dislike,100,230,5.66,harbor a dislike,1.7,2,4,70.481,106.32,120.53,128.68,1,0,93,1
harbor,diversity,harbor diversity,100,356,4.07,harbor a diversity,2.28,2,4,119.57,163.81,178.98,187.67,1,0,93,2
harbor,dog,harbor dog,100,326,2.58,harboring a dog,4.85,7,4,104.88,197.0,248.38,285.38,1,0,93,10
harbor,doubt,harbor doubt,100,2073,5.66,harbor doubts,1.79,2,4,158.05,239.27,270.23,288.3,1,0,93,5
harbor,dream,harbor dream,100,1032,4.62,harbored dreams,2.6,6,4,147.1,213.55,239.31,254.22,1,0,93,8
harbor,element,harbor element,100,250,1.6,harbors elements,3.63,7,4,214.49,312.21,360.35,389.13,1,0,93,9
harbor,energy,harbor energy,100,256,1.78,magnetic field that harbors energy for,3.11,7,4,147.56,207.6,231.64,246.44,1,0,93,11
harbor,expectation,harbor expectation,100,327,3.36,harbor unrealistic expectations,1.62,4,4,128.73,183.66,206.18,218.56,1,0,93,6
harbor,fantasy,harbor fantasy,100,643,5.97,harbor fantasies,1.59,3,4,105.75,152.91,179.67,194.47,1,0,93,2
harbor,fear,harbor fear,100,928,4.78,harbor fears,2.57,3,4,208.48,300.15,342.67,365.02,1,0,93,14
harbor,feeling,harbor feeling,100,4005,5.92,harbor feelings,1.68,6,4,176.83,271.16,309.46,329.6,1,0,93,10
harbor,form,harbor form,100,226,0.72,harbor some form,3.13,16,4,243.13,363.22,411.47,440.19,1,0,93,6
harbor,fugitive,harbor fugitive,100,802,7.51,harboring a fugitive,3.93,2,4,24.753,47.176,57.139,63.178,1,0,93,1
harbor,fusion,harbor fusion,100,213,5.01,harboring an NTRK gene fusion,3.3,7,4,102.13,149.32,166.13,174.43,1,0,93,1
harbor,gene,harbor gene,100,1103,5.65,harbor genes,3.59,1,4,103.46,160.59,195.66,218.89,1,0,93,2
harbor,germ,harbor germ,100,352,6.15,harbor germs,3.89,3,4,49.211,70.889,81.133,87.037,1,0,93,3
harbor,group,harbor group,100,358,1.1,harboring terrorist groups,4.12,3,4,225.61,346.48,394.01,420.34,1,0,93,12
harbor,grudge,harbor grudge,100,1211,7.95,harbor a grudge,2.14,1,4,37.542,64.04,72.485,76.267,1,0,93,3
harbor,guilt,harbor guilt,100,283,5.15,harbor guilt,1.93,2,4,74.741,110.86,128.59,140.16,1,0,93,1
harbor,hate,harbor hate,100,303,5.62,harbor hate,1.97,1,4,60.282,84.845,95.871,102.6,1,0,93,4
harbor,hatred,harbor hatred,100,1513,7.57,harbor hatred,2.0,1,4,90.517,140.19,161.91,173.21,1,0,93,6
harbor,hole,harbor hole,100,226,2.41,harbors a supermassive black hole,4.81,8,4,152.7,225.93,256.73,271.99,1,0,93,7
harbor,hope,harbor hope,100,1526,5.28,harbored hopes,1.25,6,4,166.95,241.91,272.45,287.77,1,0,93,11
harbor,hostility,harbor hostility,100,286,5.55,harbor hostility,2.24,4,4,93.716,146.05,172.89,189.49,1,0,93,2
harbor,idea,harbor idea,100,504,1.1,harbor the idea,1.61,5,4,186.11,292.47,339.77,365.76,1,0,93,31
harbor,illusion,harbor illusion,100,1129,6.6,harbor no illusions,2.48,4,4,86.181,130.43,145.14,153.55,1,0,93,3
harbor,immigrant,harbor immigrant,100,340,4.87,harboring illegal immigrants,3.72,1,4,77.741,137.22,163.24,178.2,1,0,93,1
harbor,infection,harbor infection,100,251,3.42,harbor infection,4.1,7,4,88.597,155.87,186.17,207.4,1,0,93,4
harbor,insect,harbor insect,100,293,4.97,harbor insects,4.89,2,4,93.102,139.59,164.13,183.68,1,0,93,3
harbor,intent,harbor intent,100,291,4.41,harbored an intent,1.52,2,4,117.18,177.42,202.24,216.22,1,0,93,1
harbor,intention,harbor intention,100,489,4.31,harboring intentions,1.7,3,4,120.7,194.25,236.31,261.39,1,0,93,1
harbor,interest,harbor interest,100,332,1.41,harbored an interest,1.8,7,4,176.83,268.45,304.88,322.86,1,0,93,14
harbor,kind,harbor kind,100,370,1.36,harbor all kinds,2.07,1,4,133.27,291.79,361.24,396.17,1,0,93,12
harbor,level,harbor level,100,319,0.94,harbor high levels,2.86,8,4,233.88,337.78,381.3,409.81,1,0,93,12
harbor,life,harbor life,100,1462,2.48,harbor life,2.69,14,4,228.25,333.37,374.48,396.14,1,0,93,27
harbor,lot,harbor lot,100,518,0.39,harbor a lot of,3.7,7,4,144.92,243.93,294.05,322.54,1,0,93,34
harbor,love,harbor love,100,583,3.29,harbored a love,2.07,6,4,236.75,336.16,379.05,401.89,1,0,93,7
harbor,malice,harbor malice,100,255,5.97,harbor malice,1.72,2,4,40.146,56.386,62.696,66.523,1,0,93,1
harbor,memory,harbor memory,100,308,2.6,harbor fond memories,2.38,5,4,208.41,286.39,315.63,333.95,1,0,93,12
harbor,mutation,harbor mutation,100,3125,8.3,harboring mutations,3.52,3,4,66.295,103.58,122.1,133.28,1,0,93,2
harbor,notion,harbor notion,100,400,4.26,harbor the notion,1.93,4,4,164.54,242.78,288.04,315.87,1,0,93,5
harbor,number,harbor number,100,678,1.02,harbor a number,3.3,11,4,198.05,280.36,322.92,351.63,1,0,93,36
harbor,organism,harbor organism,100,281,4.71,harbor the organism,4.16,2,4,95.702,157.95,191.23,211.53,1,0,93,2
harbor,parasite,harbor parasite,100,346,5.91,harbor parasites,4.34,2,4,58.656,102.4,129.74,148.22,1,0,93,1
harbor,passion,harbor passion,100,210,3.11,harbored a passion,2.3,7,4,119.78,201.4,232.88,253.47,1,0,93,7
harbor,pathogen,harbor pathogen,100,488,6.33,harbor pathogens,3.59,1,4,55.86,93.559,118.24,133.39,1,0,93,2
harbor,pest,harbor pest,100,316,5.48,harbor pests,3.96,4,4,67.24,96.734,110.95,121.88,1,0,93,1
harbor,plan,harbor plan,100,268,0.72,harboring plans,3.4,3,4,144.41,259.22,311.43,339.79,1,0,93,17
harbor,planet,harbor planet,100,238,3.56,harbor planets,4.58,3,4,123.08,204.67,249.73,272.53,1,0,93,2
harbor,population,harbor population,100,520,3.25,harbor populations,3.64,5,4,175.83,273.2,309.5,327.0,1,0,93,3
harbor,potential,harbor potential,100,318,2.43,harbors the potential,1.91,2,4,154.16,221.87,249.35,265.29,1,0,93,6
harbor,prejudice,harbor prejudice,100,581,6.31,harbor prejudices,2.22,1,4,103.6,153.51,171.94,183.19,1,0,93,1
harbor,resentment,harbor resentment,100,2450,8.83,harbor resentment,1.78,1,4,65.466,105.55,126.74,139.17,1,0,93,3
harbor,reservation,harbor reservation,100,240,4.0,harbor reservations,3.14,7,4,120.47,173.01,192.51,201.52,1,0,93,1
harbor,secret,harbor secret,100,2797,6.66,harboring a secret,2.19,3,4,106.43,149.86,166.24,174.76,1,0,93,7
harbor,sense,harbor sense,100,266,0.94,harbor a sense,2.61,5,4,206.76,300.07,335.13,356.84,1,0,93,11
harbor,sentiment,harbor sentiment,100,557,5.49,harbor such sentiments,2.1,2,4,107.7,162.53,184.29,195.29,1,0,93,7
harbor,site,harbor site,100,222,0.6,harboring sites,4.56,3,4,252.6,368.9,411.88,434.34,1,0,93,18
harbor,slave,harbor slave,100,276,4.18,harboring runaway slaves,4.38,3,4,93.296,133.35,154.65,166.06,1,0,93,1
harbor,sort,harbor sort,100,262,1.99,harbor some sort,3.34,4,4,126.97,278.53,341.73,373.74,1,0,93,2
harbor,suspicion,harbor suspicion,100,953,6.58,harbored suspicions,1.62,4,4,111.83,160.77,181.01,193.81,1,0,93,4
harbor,sympathy,harbor sympathy,100,381,5.29,harboring sympathies,1.88,3,4,76.568,119.37,143.67,157.57,1,0,93,1
harbor,tendency,harbor tendency,100,215,3.6,harboring separatist tendencies,1.83,4,4,147.72,209.95,238.66,257.25,1,0,93,1
harbor,terrorist,harbor terrorist,100,2297,7.66,harboring terrorists,3.64,1,4,85.007,132.96,160.49,178.63,1,0,93,4
harbor,thought,harbor thought,100,1683,4.82,harbor thoughts,1.97,4,4,172.64,253.02,286.84,305.45,1,0,93,17
harbor,type,harbor type,100,247,0.83,harbor different types,3.3,6,4,226.92,328.99,379.79,411.33,1,0,93,5
harbor,variant,harbor variant,100,395,4.79,harbor variants,2.1,4,4,159.12,231.7,257.41,269.49,1,0,93,1
harbor,variety,harbor variety,100,317,2.11,harbor a variety,2.13,6,4,189.87,293.84,344.92,372.87,1,0,93,7
harbor,view,harbor view,100,738,2.77,harbor views,3.21,10,4,225.92,335.06,380.85,402.91,1,0,93,14
harbor,virus,harbor virus,100,1004,5.54,harbor the virus,3.48,3,4,98.597,163.57,194.16,213.12,1,0,93,9
harbor,will,harbor will,100,924,5.34,harbor no ill will,2.64,3,4,119.66,173.51,192.85,203.27,1,0,93,4
hold,arm,hold arm,100,22703,5.78,held his arms,4.96,6,36,180.22,255.25,290.97,315.14,1,0,94,21
hold,asset,hold asset,100,25496,6.0,assets held,2.92,1,36,117.12,175.48,205.56,224.4,1,0,94,3
hold,attention,hold attention,100,25046,5.67,hold the attention,2.3,6,36,133.07,191.66,213.39,223.75,1,0,94,7
hold,baby,hold baby,100,21819,5.75,holding the baby,5.0,7,36,142.59,217.27,250.61,271.03,1,0,94,8
hold,ball,hold ball,100,21883,5.7,hold the ball,5.0,12,36,152.85,224.94,253.8,268.96,1,0,94,26
hold,belief,hold belief,100,51856,7.05,held belief,1.19,2,36,175.05,262.14,299.23,321.46,1,0,94,8
hold,book,hold book,100,20586,5.19,holding a book,4.9,11,36,222.59,338.67,394.89,426.22,1,0,94,15
hold,breath,hold breath,100,113164,8.2,hold your breath,4.36,5,36,72.307,105.92,123.28,131.92,1,0,94,4
hold,button,hold button,100,31820,6.27,hold the button,4.96,7,36,102.78,169.21,197.28,212.68,1,0,94,5
hold,candle,hold candle,100,19911,5.75,n't hold a candle to,4.86,2,36,78.614,114.78,129.38,138.46,1,0,94,2
hold,card,hold card,100,21615,5.61,hold the cards,4.9,11,36,148.11,207.64,231.41,245.34,1,0,94,11
hold,celebration,hold celebration,100,21772,5.86,celebration was held,3.47,3,36,133.22,203.96,239.8,262.38,1,0,94,2
hold,ceremony,hold ceremony,100,81219,7.74,ceremony held,3.57,3,36,140.71,210.98,242.67,265.07,1,0,94,2
hold,championship,hold championship,100,33719,6.46,Championships held,3.23,3,36,86.835,171.28,214.66,248.68,1,0,94,4
hold,class,hold class,100,38772,6.38,classes are held,3.85,8,36,195.01,290.22,321.92,336.94,1,0,94,7
hold,company,hold company,100,41069,6.18,held company,4.11,9,36,158.09,282.67,333.64,366.19,1,0,94,17
hold,competition,hold competition,100,41705,6.71,competition held,3.86,4,36,146.29,235.72,281.35,307.68,1,0,94,7
hold,concert,hold concert,100,25723,6.09,concert held,4.35,1,36,144.37,222.55,255.52,278.15,1,0,94,1
hold,conference,hold conference,100,159259,8.65,conference held,3.86,3,36,162.06,241.08,281.52,311.84,1,0,94,1
hold,contest,hold contest,100,25664,6.08,contest held,3.52,2,36,136.23,195.65,222.06,240.5,1,0,94,2
hold,convention,hold convention,100,22223,5.89,convention held,3.28,5,36,159.09,220.05,244.37,257.83,1,0,94,2
hold,conversation,hold conversation,100,22472,5.79,hold a conversation,3.28,1,36,166.81,255.38,299.17,324.56,1,0,94,11
hold,court,hold court,100,29324,6.21,court held,4.31,11,36,152.67,222.89,258.41,278.61,1,0,94,4
hold,day,hold day,100,37342,5.83,held the day,3.92,10,36,202.17,322.8,424.94,489.25,1,0,94,31
hold,degree,hold degree,100,66783,7.29,holds a degree,3.0,7,36,190.09,272.24,303.72,319.56,1,0,94,5
hold,discussion,hold discussion,100,48733,6.85,held discussions,3.07,2,36,180.21,295.44,351.36,377.72,1,0,94,11
hold,door,hold door,100,19247,5.45,held the door,4.81,5,36,145.33,240.25,284.65,309.98,1,0,94,14
hold,election,hold election,100,122393,8.26,elections were held,3.17,4,36,169.32,244.01,275.67,294.49,1,0,94,4
hold,event,hold event,100,222110,8.72,event held,2.69,4,36,226.3,317.53,360.62,385.59,1,0,94,19
hold,exhibition,hold exhibition,100,34708,6.52,exhibition held,3.52,2,36,128.7,208.28,236.55,253.57,1,0,94,1
hold,festival,hold festival,100,34601,6.52,festival held,4.33,2,36,153.84,241.03,283.87,307.61,1,0,94,1
hold,firm,hold firm,100,22392,5.81,held firm,3.54,1,36,174.11,266.25,301.24,325.77,1,0,94,2
hold,funeral,hold funeral,100,25266,6.1,The funeral was held,3.83,1,36,120.64,194.47,224.73,239.58,1,0,94,1
hold,game,hold game,100,19206,4.94,games held,4.5,11,36,197.97,310.04,362.54,399.13,1,0,94,35
hold,government,hold government,100,19018,5.4,hold the government,2.88,4,36,149.61,245.04,291.34,317.6,1,0,94,7
hold,ground,hold ground,100,27319,6.05,held their ground,4.77,11,36,207.06,291.84,324.49,350.64,1,0,94,13
hold,grudge,hold grudge,100,21576,5.89,hold a grudge,2.14,1,36,37.542,64.04,72.485,76.267,1,0,94,3
hold,gun,hold gun,100,26889,6.07,holding a gun,4.83,7,36,107.12,176.06,215.29,243.49,1,0,94,7
hold,hand,hold hand,100,168395,8.38,holding hands,4.72,14,36,269.2,382.64,427.86,454.46,1,0,94,33
hold,head,hold head,100,37879,6.32,holding his head,4.75,33,36,299.95,421.51,474.88,503.64,1,0,94,28
hold,hearing,hold hearing,100,110860,8.18,held a hearing,3.18,6,36,139.39,196.09,223.39,238.89,1,0,94,2
hold,hostage,hold hostage,100,54044,7.2,held hostage,4.26,1,36,46.2,81.188,94.804,103.38,1,0,94,1
hold,information,hold information,100,41614,5.86,information held,2.87,5,36,188.65,292.02,342.92,373.06,1,0,94,17
hold,interest,hold interest,100,38265,6.3,hold my interest,1.8,7,36,176.83,268.45,304.88,322.86,1,0,94,14
hold,job,hold job,100,37645,6.06,hold a job,3.19,13,36,150.01,217.49,243.64,255.31,1,0,94,8
hold,key,hold key,100,59256,7.17,hold the key,4.89,15,36,135.99,198.79,224.6,237.24,1,0,94,7
hold,land,hold land,100,28852,6.06,land held,4.57,11,36,211.49,302.04,339.59,359.75,1,0,94,10
hold,lead,hold lead,100,40397,6.65,held the lead,4.1,17,36,130.35,191.55,218.52,233.44,1,0,94,9
hold,license,hold license,100,27828,6.16,holds license,4.0,4,36,52.755,97.55,124.62,138.55,1,0,94,2
hold,line,hold line,100,33608,6.01,hold the line,4.5,30,36,253.42,357.41,397.32,421.22,1,0,94,42
hold,lot,hold lot,100,20703,4.77,hold a lot of,3.7,7,36,144.92,243.93,294.05,322.54,1,0,94,34
hold,meeting,hold meeting,100,399881,9.83,meeting held,3.31,6,36,187.96,302.34,360.58,392.52,1,0,94,5
hold,number,hold number,100,41109,5.89,held a number of,3.3,11,36,198.05,280.36,322.92,351.63,1,0,94,36
hold,office,hold office,100,108737,8.01,hold office,4.93,7,36,209.75,315.09,351.98,376.55,1,0,94,4
hold,opinion,hold opinion,100,25733,5.94,hold the opinion,1.93,6,36,152.86,241.2,273.22,291.02,1,0,94,10
hold,party,hold party,100,40063,6.49,party held,3.89,5,36,161.4,244.31,287.75,312.33,1,0,94,10
hold,patent,hold patent,100,20223,5.75,patents held,3.32,2,36,78.374,114.08,129.3,137.11,1,0,94,1
hold,people,hold people,100,41346,5.48,hold people,4.82,4,36,190.25,264.24,315.17,343.14,1,0,94,39
hold,phone,hold phone,100,19617,5.59,hold the phone,4.86,3,36,132.03,200.44,232.92,254.36,1,0,94,8
hold,place,hold place,100,52206,6.23,holds a special place,3.48,16,36,235.9,337.1,371.44,386.77,1,0,94,13
hold,position,hold position,100,297350,9.26,held the position,2.62,16,36,229.38,325.34,362.4,380.34,1,0,94,11
hold,post,hold post,100,44873,6.66,held the post,4.3,11,36,152.62,212.88,237.75,249.94,1,0,94,7
hold,power,hold power,100,54264,6.67,hold power,2.04,9,36,196.2,276.34,308.2,322.74,1,0,94,19
hold,prisoner,hold prisoner,100,26469,6.12,held prisoner,4.11,1,36,86.148,144.13,173.48,192.5,1,0,94,2
hold,promise,hold promise,100,40315,6.71,holds promise,2.09,2,36,121.96,189.67,214.21,228.47,1,0,94,2
hold,property,hold property,100,25563,5.77,property held,3.9,5,36,209.32,300.52,334.86,350.85,1,0,94,6
hold,protest,hold protest,100,21570,5.83,held a protest,3.21,3,36,168.96,247.19,285.51,310.23,1,0,94,6
hold,race,hold race,100,27025,6.05,race held,3.59,6,36,158.94,236.9,277.44,300.12,1,0,94,4
hold,rally,hold rally,100,37207,6.65,held a rally,3.34,5,36,139.09,197.56,220.03,234.49,1,0,94,4
hold,record,hold record,100,95073,7.65,holds the record,4.15,8,36,188.53,270.23,302.1,318.6,1,0,94,14
hold,referendum,hold referendum,100,23940,6.03,hold a referendum,2.97,1,36,87.099,123.84,140.03,150.32,1,0,94,1
hold,right,hold right,100,28409,5.7,rights held,3.47,8,36,191.92,277.76,311.67,326.78,1,0,94,7
hold,role,hold role,100,48174,6.49,held roles,2.19,4,36,246.23,352.95,394.79,417.68,1,0,94,6
hold,seat,hold seat,100,39677,6.6,held the seat,4.78,9,36,185.24,254.59,276.31,286.81,1,0,94,4
hold,seminar,hold seminar,100,24936,6.06,seminar held,3.48,2,36,97.631,175.07,211.23,229.17,1,0,94,1
hold,series,hold series,100,23972,5.72,held a series of,2.92,7,36,235.62,353.57,397.71,420.71,1,0,94,11
hold,service,hold service,100,121604,7.56,services were held,2.21,15,36,200.41,284.58,315.39,332.94,1,0,94,18
hold,session,hold session,100,68650,7.38,session held,2.58,4,36,181.47,258.85,293.65,312.46,1,0,94,3
hold,share,hold share,100,61387,7.23,shares held,2.96,5,36,142.03,223.41,269.62,295.81,1,0,94,5
hold,show,hold show,100,28009,5.96,show held,3.97,4,36,226.11,322.61,364.16,391.95,1,0,94,8
hold,sign,hold sign,100,23518,5.75,holding a sign,4.62,11,36,192.15,282.29,319.19,343.67,1,0,94,4
hold,stock,hold stock,100,24157,5.93,stock held,4.19,17,36,126.63,186.3,217.83,237.29,1,0,94,7
hold,sway,hold sway,100,28481,6.28,held sway,3.6,2,36,15.129,21.536,23.946,25.074,1,0,94,1
hold,talk,hold talk,100,47961,6.9,held talks,4.07,5,36,176.26,290.1,341.35,367.49,1,0,94,1
hold,thing,hold thing,100,20894,4.58,hold things,3.17,12,36,143.55,268.8,339.04,370.97,1,0,94,51
hold,title,hold title,100,58375,7.07,held the title,3.32,10,36,204.83,284.61,311.28,324.35,1,0,94,10
hold,tournament,hold tournament,100,34015,6.49,tournament held,4.11,2,36,80.076,164.03,208.93,245.52,1,0,94,2
hold,value,hold value,100,42443,6.27,hold their value,1.62,6,36,204.29,287.34,318.64,334.81,1,0,94,21
hold,view,hold view,100,73611,7.29,held view,3.21,10,36,225.92,335.06,380.85,402.91,1,0,94,14
hold,water,hold water,100,47450,6.61,hold water,5.0,6,36,232.15,324.2,362.8,390.59,1,0,94,24
hold,week,hold week,100,26902,5.78,held last week,3.48,3,36,117.72,290.99,387.43,468.98,1,0,94,7
hold,weight,hold weight,100,19819,5.57,hold the weight,3.94,8,36,136.57,203.08,229.71,245.41,1,0,94,7
hold,workshop,hold workshop,100,64774,7.37,workshop held,4.54,2,36,129.98,221.83,262.72,282.13,1,0,94,1
hold,year,hold year,100,76706,6.61,held every year,3.25,4,36,119.49,308.84,424.66,500.24,1,0,94,26
hurl,abuse,hurl abuse,100,3968,7.7,hurling abuse,2.71,3,3,95.851,150.62,181.18,201.53,1,0,73,2
hurl,accusation,hurl accusation,100,2007,7.74,hurling accusations,2.38,2,3,102.65,187.8,227.07,248.13,1,0,73,2
hurl,allegation,hurl allegation,100,327,4.34,allegations hurled,1.79,2,3,108.61,199.5,241.21,264.27,1,0,73,3
hurl,attack,hurl attack,100,267,2.14,attacks hurled,3.71,9,3,172.82,287.0,339.01,372.67,1,0,73,14
hurl,axe,hurl axe,100,274,5.39,hurled the axe,5.0,1,3,40.835,66.546,80.921,90.326,1,0,73,2
hurl,bag,hurl bag,100,162,2.02,hurled the bag,4.9,9,3,145.54,219.91,255.08,276.69,1,0,73,15
hurl,ball,hurl ball,100,1572,4.66,hurled the ball,5.0,12,3,152.85,224.94,253.8,268.96,1,0,73,26
hurl,body,hurl body,100,771,2.66,hurled his body,4.79,11,3,237.41,335.77,373.18,393.77,1,0,73,40
hurl,bolt,hurl bolt,100,659,5.91,hurling lightning bolts,4.67,7,3,63.745,106.02,124.22,135.88,1,0,73,2
hurl,bomb,hurl bomb,100,2039,6.86,bombs were hurled,4.84,3,3,82.168,128.66,156.09,175.26,1,0,73,7
hurl,book,hurl book,100,290,0.5,hurl the book,4.9,11,3,222.59,338.67,394.89,426.22,1,0,73,15
hurl,bottle,hurl bottle,100,944,5.21,hurled bottles,4.91,3,3,120.42,183.22,217.03,239.9,1,0,73,12
hurl,boulder,hurl boulder,100,494,6.74,hurling boulders,4.67,2,3,90.109,128.81,146.97,157.99,1,0,73,1
hurl,brick,hurl brick,100,758,6.36,hurling bricks,4.83,2,3,85.298,130.44,165.76,185.19,1,0,73,2
hurl,car,hurl car,100,224,0.81,hurling cars,4.89,5,3,146.58,271.86,328.14,362.93,1,0,73,26
hurl,chair,hurl chair,100,323,3.69,hurled a chair,4.58,5,3,202.61,287.24,317.47,333.33,1,0,73,7
hurl,challenge,hurl challenge,100,262,1.33,hurling challenge,2.11,5,3,158.7,224.89,250.88,263.63,1,0,73,9
hurl,championship,hurl championship,100,3966,7.59,Senior Hurling Championship,3.23,3,3,86.835,171.28,214.66,248.68,1,0,73,4
hurl,charge,hurl charge,100,562,3.31,charges hurled,2.96,15,3,190.91,262.88,290.47,306.26,1,0,73,11
hurl,chunk,hurl chunk,100,255,4.74,hurling chunks of,3.86,2,3,83.144,125.43,142.54,152.59,1,0,73,2
hurl,club,hurl club,100,476,3.65,hurling club,3.78,7,3,243.73,343.32,386.17,409.6,1,0,73,5
hurl,cocktail,hurl cocktail,100,522,6.02,hurled Molotov cocktails,4.4,2,3,69.192,110.3,126.3,135.37,1,0,73,2
hurl,comment,hurl comment,100,232,1.58,comments hurled,3.29,3,3,189.26,301.09,350.85,380.78,1,0,73,7
hurl,curse,hurl curse,100,395,5.72,hurling curses,2.39,5,3,86.712,120.91,133.44,141.34,1,0,73,5
hurl,dagger,hurl dagger,100,211,5.36,hurled the dagger,4.96,2,3,41.652,69.66,83.005,91.537,1,0,73,1
hurl,dart,hurl dart,100,194,5.53,hurling darts,4.9,3,3,60.569,86.132,95.021,99.817,1,0,73,2
hurl,debris,hurl debris,100,217,4.86,hurled debris,4.69,1,3,93.607,140.58,164.49,179.63,1,0,73,2
hurl,defiance,hurl defiance,100,233,6.03,hurl defiance,2.17,3,3,81.525,115.24,128.41,135.52,1,0,73,1
hurl,egg,hurl egg,100,410,3.84,hurled eggs,4.97,3,3,124.85,178.59,202.35,217.95,1,0,73,9
hurl,expletive,hurl expletive,100,228,6.02,hurling expletives,2.35,2,3,30.09,42.231,47.591,50.685,1,0,73,1
hurl,fire,hurl fire,100,236,2.3,hurl fire,4.68,9,3,142.33,217.4,250.15,268.89,1,0,73,13
hurl,fireball,hurl fireball,100,442,6.74,hurling fireballs,4.32,4,3,39.056,56.447,64.698,70.409,1,0,73,2
hurl,firebomb,hurl firebomb,100,201,5.97,hurled firebombs,4.79,1,3,17.04,25.596,29.778,32.296,1,0,73,1
hurl,game,hurl game,100,989,1.89,hurling game,4.5,11,3,197.97,310.04,362.54,399.13,1,0,73,35
hurl,glass,hurl glass,100,190,2.56,hurled the glass,4.82,7,3,149.6,219.89,246.25,262.92,1,0,73,12
hurl,grenade,hurl grenade,100,2339,8.67,hurled a grenade,4.9,1,3,51.974,79.046,94.614,107.49,1,0,73,2
hurl,innings,hurl innings,100,748,6.63,hurled six innings,3.41,2,3,8.1949,11.293,12.28,12.761,1,0,73,2
hurl,insult,hurl insult,100,6873,9.73,hurling insults,2.79,2,3,82.592,120.7,135.11,143.44,1,0,73,2
hurl,javelin,hurl javelin,100,404,6.88,hurling javelins,4.9,2,3,33.328,51.166,58.723,63.305,1,0,73,1
hurl,knife,hurl knife,100,244,3.97,hurled the knife,4.9,3,3,92.137,132.92,155.86,174.34,1,0,73,8
hurl,lightning,hurl lightning,100,177,5.17,hurl lightning,4.59,2,3,65.353,105.79,122.44,130.38,1,0,73,1
hurl,man,hurl man,100,422,0.87,men hurled,4.79,11,3,192.73,336.5,412.7,455.21,1,0,73,37
hurl,match,hurl match,100,681,3.92,a hurling match,4.14,9,3,179.16,263.76,319.74,359.0,1,0,73,6
hurl,missile,hurl missile,100,682,5.93,hurling missiles,4.83,2,3,66.534,115.54,138.73,155.02,1,0,73,2
hurl,object,hurl object,100,1027,3.9,hurling objects,3.66,5,3,227.43,320.07,354.24,371.31,1,0,73,11
hurl,obscenity,hurl obscenity,100,339,6.52,hurling obscenities,2.31,3,3,30.716,49.257,58.409,62.961,1,0,73,2
hurl,piece,hurl piece,100,260,1.24,hurling pieces,4.14,13,3,236.3,331.62,361.88,377.98,1,0,73,26
hurl,profanity,hurl profanity,100,155,5.34,hurling profanities,3.04,1,3,28.787,44.524,50.965,54.798,1,0,73,2
hurl,projectile,hurl projectile,100,548,6.9,hurling projectiles,4.38,2,3,52.271,81.58,94.77,103.91,1,0,73,1
hurl,question,hurl question,100,314,0.27,questions hurled,3.36,6,3,211.73,299.72,335.13,354.36,1,0,73,7
hurl,rock,hurl rock,100,2914,6.87,hurling rocks,4.91,7,3,225.91,320.78,360.6,382.06,1,0,73,10
hurl,shell,hurl shell,100,268,4.33,hurling shells,4.8,10,3,144.02,200.96,221.4,233.86,1,0,73,3
hurl,shoe,hurl shoe,100,521,4.58,hurled a shoe,4.97,4,3,83.429,129.65,161.22,186.45,1,0,73,4
hurl,shutout,hurl shutout,100,355,6.42,hurling the shutout,2.9,1,3,42.599,67.147,81.489,89.746,1,0,73,1
hurl,slur,hurl slur,100,952,7.81,hurled racial slurs,3.31,3,3,34.102,52.008,61.696,67.296,1,0,73,2
hurl,snowball,hurl snowball,100,167,5.55,hurling snowballs,4.93,4,3,27.429,38.679,42.167,43.876,1,0,73,2
hurl,spear,hurl spear,100,1000,7.58,hurled his spear,5.0,2,3,46.238,84.648,102.05,113.21,1,0,73,2
hurl,spell,hurl spell,100,209,3.71,hurling spells,3.32,4,3,120.98,176.92,199.04,209.58,1,0,73,5
hurl,stick,hurl stick,100,220,3.97,hurling stick,4.59,9,3,98.732,150.31,174.49,190.91,1,0,73,4
hurl,stone,hurl stone,100,4148,7.31,hurled stones,4.72,13,3,159.19,242.89,279.87,302.48,1,0,73,11
hurl,sword,hurl sword,100,170,3.48,hurls his sword,4.93,1,3,97.936,149.28,180.75,198.31,1,0,73,10
hurl,taunt,hurl taunt,100,176,5.67,hurled taunts,2.93,1,3,30.886,46.107,52.466,57.287,1,0,73,1
hurl,team,hurl team,100,2007,3.48,hurling team,3.79,2,3,204.37,328.15,369.37,388.62,1,0,73,22
hurl,threat,hurl threat,100,566,3.46,hurling threats,2.52,4,3,184.42,279.11,309.64,325.29,1,0,73,8
hurl,thunderbolt,hurl thunderbolt,100,616,7.41,hurling thunderbolts,4.28,2,3,32.542,46.156,51.757,55.596,1,0,73,1
hurl,title,hurl title,100,730,3.31,hurling title,3.32,10,3,204.83,284.61,311.28,324.35,1,0,73,10
hurl,victory,hurl victory,100,197,2.84,hurling victory,2.55,1,3,205.23,323.57,386.01,422.35,1,0,73,5
hurl,water,hurl water,100,185,0.56,water hurled,5.0,6,3,232.15,324.2,362.8,390.59,1,0,73,24
hurl,wave,hurl wave,100,152,2.41,hurled a wave,4.55,9,3,166.5,236.93,267.61,282.94,1,0,73,11
hurl,way,hurl way,100,669,0.25,hurled his way,2.34,12,3,244.04,355.4,397.34,421.07,1,0,73,38
hurl,weapon,hurl weapon,100,429,3.24,hurled weapons,4.76,2,3,121.89,179.72,215.89,244.38,1,0,73,12
hurl,win,hurl win,100,174,2.65,hurling win,2.67,2,3,115.99,164.48,188.7,203.28,1,0,73,5
hurl,word,hurl word,100,754,2.16,words hurled,3.56,10,3,247.83,371.55,418.36,446.17,1,0,73,25
hurt,ability,hurt ability,100,3031,4.67,hurt their ability,1.81,2,7,193.93,281.52,320.44,346.08,1,0,89,8
hurt,animal,hurt animal,100,3086,5.44,hurt animals,4.61,1,7,176.69,244.8,282.95,316.08,1,0,89,7
hurt,ankle,hurt ankle,100,2664,6.49,hurt his ankle,4.81,1,7,41.848,89.279,125.92,148.97,1,0,89,4
hurt,arm,hurt arm,100,2915,5.27,arm hurt,4.96,6,7,180.22,255.25,290.97,315.14,1,0,89,21
hurt,baby,hurt baby,100,2841,5.41,hurt the baby,5.0,7,7,142.59,217.27,250.61,271.03,1,0,89,8
hurt,back,hurt back,100,5634,6.55,hurt my back,4.33,9,7,202.43,294.7,348.59,382.6,1,0,89,9
hurt,bit,hurt bit,100,6660,4.79,hurt a bit,3.27,11,7,192.43,300.42,350.38,380.06,1,0,89,29
hurt,body,hurt body,100,3101,4.42,body hurt,4.79,11,7,237.41,335.77,373.18,393.77,1,0,89,40
hurt,boy,hurt boy,100,1724,4.61,hurt the boy,4.76,4,7,118.02,242.69,304.06,336.23,1,0,89,7
hurt,brain,hurt brain,100,3158,6.08,brain hurt,4.69,5,7,120.31,177.7,212.37,233.34,1,0,89,8
hurt,business,hurt business,100,11397,5.87,hurt business,3.28,9,7,153.74,238.14,275.17,295.29,1,0,89,18
hurt,butt,hurt butt,100,1414,5.51,butt hurt,4.75,9,7,70.53,98.036,108.37,113.8,1,0,89,3
hurt,career,hurt career,100,2253,4.65,hurt his career,2.54,2,7,185.6,286.27,327.76,349.0,1,0,89,10
hurt,case,hurt case,100,1556,2.69,hurt your case,3.93,20,7,282.91,389.36,429.99,455.63,1,0,89,16
hurt,cause,hurt cause,100,3676,5.43,hurt the cause,2.43,5,7,177.98,256.75,293.25,317.43,1,0,89,2
hurt,chance,hurt chance,100,8456,5.81,hurt his chances,1.64,5,7,145.16,211.81,236.5,250.46,1,0,89,2
hurt,child,hurt child,100,11455,5.5,hurt children,4.78,4,7,201.04,295.22,346.37,384.22,1,0,89,21
hurt,community,hurt community,100,3575,4.71,hurt the community,3.52,6,7,214.58,316.13,353.91,376.42,1,0,89,12
hurt,company,hurt company,100,3581,3.97,hurt the company,4.11,9,7,158.09,282.67,333.64,366.19,1,0,89,17
hurt,consumer,hurt consumer,100,3003,5.89,hurt consumers,3.57,1,7,103.16,160.27,187.04,205.23,1,0,89,2
hurt,country,hurt country,100,2547,4.19,hurt the country,4.17,5,7,173.56,276.1,341.96,389.05,1,0,89,12
hurt,credibility,hurt credibility,100,1912,5.82,hurt the credibility,2.29,1,7,69.476,107.17,121.6,130.55,1,0,89,3
hurt,day,hurt day,100,1718,2.42,hurt every day,3.92,10,7,202.17,322.8,424.94,489.25,1,0,89,31
hurt,dog,hurt dog,100,1782,4.52,hurt the dog,4.85,7,7,104.88,197.0,248.38,285.38,1,0,89,10
hurt,ear,hurt ear,100,3896,6.55,hurt my ears,5.0,5,7,96.208,155.07,189.7,219.75,1,0,89,8
hurt,economy,hurt economy,100,10152,7.21,hurt the economy,2.57,4,7,165.36,238.62,265.62,283.32,1,0,89,14
hurt,effort,hurt effort,100,2357,4.09,hurt efforts,2.33,4,7,200.2,307.62,348.88,374.91,1,0,89,16
hurt,ego,hurt ego,100,1613,5.71,hurt ego,1.74,3,7,71.854,105.1,119.65,127.07,1,0,89,2
hurt,environment,hurt environment,100,1767,4.18,hurt the environment,3.74,2,7,197.9,290.05,325.15,344.92,1,0,89,4
hurt,eye,hurt eye,100,8773,5.94,hurt my eyes,4.9,5,7,206.15,312.42,361.23,392.48,1,0,89,19
hurt,family,hurt family,100,6354,5.48,hurt my family,4.23,8,7,241.61,347.92,387.48,407.58,1,0,89,11
hurt,farmer,hurt farmer,100,2110,5.54,hurt farmers,4.54,3,7,144.86,206.57,240.0,258.66,1,0,89,1
hurt,feeling,hurt feeling,100,45852,9.01,hurt feelings,1.68,6,7,176.83,271.16,309.46,329.6,1,0,89,10
hurt,finger,hurt finger,100,1788,4.93,fingers hurt,5.0,3,7,107.49,155.49,183.73,208.51,1,0,89,12
hurt,fly,hurt fly,100,2010,5.99,would n't hurt a fly,4.64,5,7,91.278,126.82,143.84,154.57,1,0,89,5
hurt,foot,hurt foot,100,5702,6.02,feet hurt,4.9,11,7,236.46,337.5,383.01,409.62,1,0,89,23
hurt,friend,hurt friend,100,3612,4.64,hurt my friends,3.07,5,7,232.09,344.16,410.42,459.92,1,0,89,7
hurt,game,hurt game,100,2239,2.96,hurt the game,4.5,11,7,197.97,310.04,362.54,399.13,1,0,89,35
hurt,girl,hurt girl,100,2230,4.52,hurt the girl,4.85,5,7,134.18,267.25,335.11,371.05,1,0,89,7
hurt,growth,hurt growth,100,2153,4.49,hurt growth,2.89,7,7,144.79,208.57,237.72,256.21,1,0,89,11
hurt,guy,hurt guy,100,2005,4.41,hurt the guy,4.68,3,7,158.9,243.11,283.09,309.25,1,0,89,10
hurt,hand,hurt hand,100,4497,4.74,hurt his hand,4.72,14,7,269.2,382.64,427.86,454.46,1,0,89,33
hurt,head,hurt head,100,8886,6.01,my head hurt,4.75,33,7,299.95,421.51,474.88,503.64,1,0,89,28
hurt,health,hurt health,100,1516,4.27,hurt your health,2.28,2,7,113.14,170.03,198.6,215.78,1,0,89,1
hurt,heart,hurt heart,100,5769,6.16,heart hurt,4.52,10,7,222.29,308.92,338.38,354.34,1,0,89,18
hurt,image,hurt image,100,1786,3.48,hurt the image,3.85,9,7,179.93,316.21,370.25,403.89,1,0,89,21
hurt,industry,hurt industry,100,3712,5.59,hurt the industry,3.29,3,7,138.47,248.2,308.72,337.96,1,0,89,9
hurt,interest,hurt interest,100,2075,3.81,hurt the interests,1.8,7,7,176.83,268.45,304.88,322.86,1,0,89,14
hurt,kid,hurt kid,100,3659,5.21,hurt kids,4.56,5,7,142.79,214.98,258.8,288.66,1,0,89,11
hurt,knee,hurt knee,100,4984,7.18,hurt his knee,5.0,3,7,71.134,127.72,169.11,201.61,1,0,89,10
hurt,leg,hurt leg,100,4031,6.11,hurt his leg,4.83,9,7,134.48,212.33,256.38,294.07,1,0,89,17
hurt,line,hurt line,100,2515,3.78,hurt the bottom line,4.5,30,7,253.42,357.41,397.32,421.22,1,0,89,42
hurt,look,hurt look,100,1704,3.54,a hurt look,2.96,4,7,229.76,328.99,365.8,383.58,1,0,89,7
hurt,lot,hurt lot,100,9721,4.54,hurt a lot,3.7,7,7,144.92,243.93,294.05,322.54,1,0,89,34
hurt,man,hurt man,100,5096,4.33,hurt men,4.79,11,7,192.73,336.5,412.7,455.21,1,0,89,37
hurt,market,hurt market,100,1634,3.85,hurt the market,4.7,5,7,166.28,245.6,289.22,311.24,1,0,89,22
hurt,member,hurt member,100,1424,2.56,members were hurt,3.07,5,7,208.76,325.3,372.4,397.51,1,0,89,10
hurt,neck,hurt neck,100,1625,5.54,neck hurt,5.0,5,7,103.05,160.31,195.22,234.8,1,0,89,8
hurt,one,hurt one,100,1720,3.95,hurt the ones,3.97,2,7,168.46,247.06,286.49,310.04,1,0,89,4
hurt,opponent,hurt opponent,100,1538,5.15,hurt your opponent,3.52,2,7,176.66,283.87,330.83,357.57,1,0,89,12
hurt,other,hurt other,100,14624,7.02,hurt others,2.04,0,7,236.43,340.08,398.13,427.98,1,0,89,7
hurt,party,hurt party,100,1851,4.11,hurt the party,3.89,5,7,161.4,244.31,287.75,312.33,1,0,89,10
hurt,people,hurt people,100,43795,6.22,hurt people,4.82,4,7,190.25,264.24,315.17,343.14,1,0,89,39
hurt,performance,hurt performance,100,4306,5.1,hurt performance,3.04,5,7,226.31,347.54,398.8,425.5,1,0,89,7
hurt,person,hurt person,100,5673,5.08,hurt the person,4.72,3,7,154.72,265.14,314.69,341.74,1,0,89,9
hurt,player,hurt player,100,2374,4.01,hurt players,4.15,5,7,226.69,338.56,382.77,407.1,1,0,89,13
hurt,pride,hurt pride,100,3025,6.33,hurt pride,1.66,5,7,105.29,146.53,161.59,171.11,1,0,89,2
hurt,profit,hurt profit,100,1387,4.62,hurt profits,3.07,2,7,59.81,135.58,177.33,201.82,1,0,89,9
hurt,prospect,hurt prospect,100,1361,5.06,hurt the prospects,2.4,5,7,132.4,199.93,226.41,240.52,1,0,89,3
hurt,quality,hurt quality,100,1389,3.51,hurt the quality of,2.18,5,7,178.2,254.24,284.28,300.89,1,0,89,3
hurt,relationship,hurt relationship,100,2186,4.03,hurt your relationship,2.8,4,7,256.77,383.37,435.58,473.39,1,0,89,10
hurt,reputation,hurt reputation,100,3109,5.94,hurt the reputation,1.64,3,7,181.29,254.1,285.24,303.63,1,0,89,6
hurt,sale,hurt sale,100,5140,6.07,hurt sales,3.37,5,7,154.6,242.39,283.58,307.71,1,0,89,8
hurt,score,hurt score,100,2479,5.2,hurt your credit score,3.38,11,7,167.83,233.52,262.1,278.42,1,0,89,6
hurt,sentiment,hurt sentiment,100,4717,7.07,hurt the sentiments,2.1,2,7,107.7,162.53,184.29,195.29,1,0,89,7
hurt,shoulder,hurt shoulder,100,2933,6.3,hurt his shoulder,4.93,5,7,98.948,172.54,218.33,259.56,1,0,89,6
hurt,side,hurt side,100,1438,3.89,sides hurt,3.68,12,7,242.69,366.37,436.59,477.44,1,0,89,25
hurt,soul,hurt soul,100,2069,5.26,hurts my soul,1.86,5,7,173.0,242.94,270.78,286.52,1,0,89,10
hurt,stomach,hurt stomach,100,2065,6.06,my stomach hurt,4.89,4,7,81.894,129.6,150.59,166.12,1,0,89,2
hurt,student,hurt student,100,2662,3.46,hurt students,4.92,2,7,154.13,250.84,295.3,323.45,1,0,89,8
hurt,team,hurt team,100,6043,4.9,hurt the team,3.79,2,7,204.37,328.15,369.37,388.62,1,0,89,22
hurt,thing,hurt thing,100,2503,2.23,hurt things,3.17,12,7,143.55,268.8,339.04,370.97,1,0,89,51
hurt,time,hurt time,100,3920,2.35,hurt every time,3.07,10,7,273.83,408.51,469.17,512.74,1,0,89,50
hurt,value,hurt value,100,2201,3.37,hurt the value,1.62,6,7,204.29,287.34,318.64,334.81,1,0,89,21
hurt,way,hurt way,100,1679,1.51,hurt the way,2.34,12,7,244.04,355.4,397.34,421.07,1,0,89,38
hurt,woman,hurt woman,100,5947,5.07,hurt women,4.46,4,7,176.89,278.3,349.75,390.06,1,0,89,19
hurt,worker,hurt worker,100,3372,5.43,hurt workers,4.59,4,7,147.64,231.75,263.71,283.01,1,0,89,4
hurt,world,hurt world,100,1780,3.44,a hurting world,4.36,8,7,202.2,309.66,360.98,390.98,1,0,89,28
hurt,wrist,hurt wrist,100,1598,5.74,hurt his wrist,4.93,1,7,41.938,84.636,123.83,149.09,1,0,89,7
ignite,action,ignite action,100,421,1.64,ignite action,2.86,10,3,202.3,294.93,326.83,343.62,1,0,90,13
ignite,air,ignite air,100,326,3.04,ignite the air,4.11,9,3,153.36,215.5,239.69,254.08,1,0,90,13
ignite,anger,ignite anger,100,456,4.99,ignited anger,2.41,3,3,116.48,185.38,221.03,245.74,1,0,90,9
ignite,atmosphere,ignite atmosphere,100,380,4.06,ignite the atmosphere,3.04,6,3,161.01,243.41,279.85,296.23,1,0,90,2
ignite,battle,ignite battle,100,408,3.48,ignited a battle,4.0,3,3,190.2,314.7,370.29,404.53,1,0,90,5
ignite,blaze,ignite blaze,100,499,6.22,ignited the blaze,4.28,5,3,58.756,85.678,95.287,102.75,1,0,90,2
ignite,bomb,ignite bomb,100,472,4.57,ignite the bomb,4.84,3,3,82.168,128.66,156.09,175.26,1,0,90,7
ignite,burner,ignite burner,100,381,5.76,ignite the burner,4.78,2,3,44.451,67.302,77.483,84.824,1,0,90,1
ignite,campaign,ignite campaign,100,371,2.75,IGNITE campaign,3.0,4,3,234.82,326.5,365.57,390.31,1,0,90,8
ignite,career,ignite career,100,487,2.82,ignited his career,2.54,2,3,185.6,286.27,327.76,349.0,1,0,90,10
ignite,change,ignite change,100,1433,2.76,ignite change,2.89,10,3,169.83,260.43,300.98,324.77,1,0,90,14
ignite,charge,ignite charge,100,922,3.96,charge is ignited,2.96,15,3,190.91,262.88,290.47,306.26,1,0,90,11
ignite,conflict,ignite conflict,100,1066,4.98,ignite conflict,2.21,7,3,169.9,257.67,312.76,347.39,1,0,90,6
ignite,controversy,ignite controversy,100,1557,6.81,ignited controversy,2.29,1,3,146.19,222.23,259.61,281.54,1,0,90,5
ignite,conversation,ignite conversation,100,1457,4.97,ignite conversations,3.28,1,3,166.81,255.38,299.17,324.56,1,0,90,11
ignite,creativity,ignite creativity,100,875,5.94,ignite creativity,1.8,1,3,90.711,131.02,148.56,159.5,1,0,90,7
ignite,crisis,ignite crisis,100,495,4.01,crisis ignited,2.33,2,3,139.99,213.55,249.27,271.87,1,0,90,9
ignite,crowd,ignite crowd,100,661,4.64,ignited the crowd,4.52,2,3,168.11,256.74,291.15,308.88,1,0,90,6
ignite,curiosity,ignite curiosity,100,1124,6.76,ignite curiosity,1.61,2,3,82.605,114.81,126.57,133.77,1,0,90,5
ignite,debate,ignite debate,100,2905,6.63,ignited a debate,3.18,2,3,184.93,291.91,338.79,365.58,1,0,90,9
ignite,desire,ignite desire,100,1184,5.23,ignite his sexual desires,1.7,3,3,165.31,243.51,281.9,306.53,1,0,90,8
ignite,discussion,ignite discussion,100,941,3.89,ignite discussion,3.07,2,3,180.21,295.44,351.36,377.72,1,0,90,11
ignite,emotion,ignite emotion,100,368,3.87,ignite emotions,2.44,1,3,133.04,187.76,208.77,222.4,1,0,90,6
ignite,energy,ignite energy,100,356,2.22,ignite energy,3.11,7,3,147.56,207.6,231.64,246.44,1,0,90,11
ignite,engine,ignite engine,100,1277,4.71,Ignite engine,4.86,4,3,161.05,244.11,278.23,299.74,1,0,90,8
ignite,enthusiasm,ignite enthusiasm,100,421,5.27,ignite enthusiasm,2.34,3,3,117.92,180.95,209.12,227.37,1,0,90,4
ignite,excitement,ignite excitement,100,415,5.0,ignite excitement,2.48,4,3,100.92,143.32,161.2,172.28,1,0,90,3
ignite,explosion,ignite explosion,100,652,5.73,ignite an explosion,4.52,7,3,89.745,156.09,188.58,208.25,1,0,90,1
ignite,explosive,ignite explosive,100,315,5.34,ignite explosives,3.74,1,3,56.059,88.868,110.54,124.49,1,0,90,3
ignite,fear,ignite fear,100,506,3.82,ignited fears,2.57,3,3,208.48,300.15,342.67,365.02,1,0,90,14
ignite,feeling,ignite feeling,100,452,2.72,ignite feelings,1.68,6,3,176.83,271.16,309.46,329.6,1,0,90,10
ignite,feud,ignite feud,100,365,5.75,igniting a feud,3.18,1,3,92.345,140.94,165.69,186.3,1,0,90,1
ignite,fire,ignite fire,100,9306,7.53,ignited a fire,4.68,9,3,142.33,217.4,250.15,268.89,1,0,90,13
ignite,firestorm,ignite firestorm,100,1861,8.3,ignited a firestorm of,3.56,2,3,28.652,42.632,49.747,54.039,1,0,90,3
ignite,firework,ignite firework,100,535,6.04,ignite fireworks,4.62,1,3,74.663,107.76,122.11,129.82,1,0,90,1
ignite,flame,ignite flame,100,2986,7.89,ignite the flame,4.67,1,3,93.561,139.75,160.47,173.35,1,0,90,5
ignite,fuel,ignite fuel,100,2169,6.47,ignite the fuel,4.3,1,3,94.211,145.68,175.66,191.05,1,0,90,4
ignite,fume,ignite fume,100,322,5.64,ignited the fumes,3.58,1,3,18.009,25.618,28.46,29.871,1,0,90,3
ignite,fuse,ignite fuse,100,534,6.09,ignite the fuse,4.55,2,3,54.683,75.784,82.704,85.896,1,0,90,1
ignite,gas,ignite gas,100,1915,5.99,ignite the gas,4.29,6,3,103.21,166.51,194.99,212.88,1,0,90,6
ignite,gasoline,ignite gasoline,100,391,5.7,ignite the gasoline,4.72,1,3,43.374,82.217,99.421,109.61,1,0,90,2
ignite,growth,ignite growth,100,703,3.23,ignite growth,2.89,7,3,144.79,208.57,237.72,256.21,1,0,90,11
ignite,gunpowder,ignite gunpowder,100,320,5.8,ignite the gunpowder,4.79,1,3,37.858,57.398,65.096,70.054,1,0,90,1
ignite,heart,ignite heart,100,474,2.99,ignite the hearts,4.52,10,3,222.29,308.92,338.38,354.34,1,0,90,18
ignite,hope,ignite hope,100,726,4.13,ignite hope,1.25,6,3,166.95,241.91,272.45,287.77,1,0,90,11
ignite,idea,ignite idea,100,574,1.28,ignite ideas,1.61,5,3,186.11,292.47,339.77,365.76,1,0,90,31
ignite,imagination,ignite imagination,100,2561,7.42,ignite the imagination,1.69,3,3,94.676,139.25,161.68,174.76,1,0,90,11
ignite,inflation,ignite inflation,100,339,4.78,ignite inflation,2.54,4,3,66.2,116.85,140.41,154.61,1,0,90,3
ignite,innovation,ignite innovation,100,405,4.0,ignite innovation,1.97,3,3,116.4,177.04,198.31,209.83,1,0,90,8
ignite,interest,ignite interest,100,3142,4.63,ignite interest,1.8,7,3,176.83,268.45,304.88,322.86,1,0,90,14
ignite,life,ignite life,100,340,0.36,Ignite Your Life,2.69,14,3,228.25,333.37,374.48,396.14,1,0,90,27
ignite,light,ignite light,100,475,2.33,ignite the light,4.21,15,3,215.58,298.48,332.34,352.33,1,0,90,13
ignite,lightsaber,ignite lightsaber,100,544,6.55,ignited his lightsaber,4.79,0,3,14.031,20.368,23.305,25.314,1,0,90,1
ignite,love,ignite love,100,978,4.0,ignite a love,2.07,6,3,236.75,336.16,379.05,401.89,1,0,90,7
ignite,material,ignite material,100,966,2.88,ignite combustible materials,4.26,5,3,225.35,316.51,351.27,369.43,1,0,90,25
ignite,mind,ignite mind,100,730,3.4,Ignited Minds,2.5,7,3,197.15,276.78,313.43,334.55,1,0,90,16
ignite,mixture,ignite mixture,100,1430,6.11,mixture is ignited,3.79,5,3,173.87,303.73,353.4,380.67,1,0,90,7
ignite,movement,ignite movement,100,1579,4.63,ignite a movement,3.63,11,3,228.82,319.09,350.45,367.29,1,0,90,13
ignite,offense,ignite offense,100,489,4.74,ignite the offense,2.03,5,3,130.47,182.26,204.1,217.49,1,0,90,3
ignite,oil,ignite oil,100,392,3.04,ignite the oil,4.93,4,3,116.09,174.9,208.49,229.11,1,0,90,13
ignite,outrage,ignite outrage,100,344,5.22,ignited outrage,2.45,4,3,70.176,105.01,122.9,134.11,1,0,90,3
ignite,passion,ignite passion,100,6989,8.05,ignite a passion,2.3,7,3,119.78,201.4,232.88,253.47,1,0,90,7
ignite,powder,ignite powder,100,763,5.73,ignite the powder,4.76,3,3,97.959,146.6,172.39,191.34,1,0,90,3
ignite,power,ignite power,100,468,1.41,ignite the power,2.04,9,3,196.2,276.34,308.2,322.74,1,0,90,19
ignite,process,ignite process,100,384,0.91,ignite the process,2.93,6,3,219.57,309.68,362.4,391.04,1,0,90,24
ignite,protest,ignite protest,100,941,5.56,ignited protests,3.21,3,3,168.96,247.19,285.51,310.23,1,0,90,6
ignite,rally,ignite rally,100,515,5.28,ignite a rally,3.34,5,3,139.09,197.56,220.03,234.49,1,0,90,4
ignite,reaction,ignite reaction,100,620,4.19,ignite a chain reaction,2.41,7,3,188.79,280.38,311.53,325.44,1,0,90,4
ignite,response,ignite response,100,301,1.98,ignite a response,3.0,7,3,213.08,334.53,377.77,399.72,1,0,90,6
ignite,revolution,ignite revolution,100,1505,6.5,ignite a revolution,2.87,3,3,158.96,229.25,269.07,292.82,1,0,90,4
ignite,riot,ignite riot,100,337,5.18,igniting riots,4.45,4,3,97.901,143.76,170.45,185.86,1,0,90,2
ignite,rocket,ignite rocket,100,323,4.78,ignite the rocket,4.73,5,3,68.524,116.85,141.89,155.92,1,0,90,3
ignite,run,ignite run,100,509,3.48,ignited the run,4.31,16,3,183.39,258.97,292.47,315.05,1,0,90,5
ignite,sense,ignite sense,100,1000,2.83,ignite a sense,2.61,5,3,206.76,300.07,335.13,356.84,1,0,90,11
ignite,series,ignite series,100,344,1.81,ignited a series of,2.92,7,3,235.62,353.57,397.71,420.71,1,0,90,11
ignite,soul,ignite soul,100,420,3.66,ignite the soul,1.86,5,3,173.0,242.94,270.78,286.52,1,0,90,10
ignite,spark,ignite spark,100,3487,8.44,ignite a spark,4.25,6,3,33.531,49.242,54.109,56.416,1,0,90,2
ignite,spirit,ignite spirit,100,1112,4.82,ignite the spirit,1.6,8,3,185.02,272.1,307.13,325.29,1,0,90,10
ignite,stage,ignite stage,100,357,2.91,ignite the stage,4.64,8,3,237.79,333.96,373.25,392.25,1,0,90,7
ignite,storm,ignite storm,100,331,4.42,ignited a storm of,4.7,3,3,113.46,178.08,210.12,230.75,1,0,90,5
ignite,tank,ignite tank,100,349,3.68,tank ignited,4.8,5,3,148.39,212.03,237.06,250.37,1,0,90,4
ignite,team,ignite team,100,654,1.84,IGNITE team,3.79,2,3,204.37,328.15,369.37,388.62,1,0,90,22
ignite,tension,ignite tension,100,491,4.44,ignited tensions,2.6,6,3,148.12,226.42,267.67,294.21,1,0,90,6
ignite,torch,ignite torch,100,337,5.2,ignite the torch,4.76,4,3,50.921,79.913,91.892,98.978,1,0,90,3
ignite,vapor,ignite vapor,100,496,6.16,ignited vapors,4.15,2,3,33.231,64.537,80.729,90.64,1,0,90,1
ignite,violence,ignite violence,100,457,3.81,ignite violence,3.07,3,3,151.79,221.0,253.88,276.12,1,0,90,7
ignite,war,ignite war,100,3624,5.88,ignite a war,3.63,4,3,185.71,287.06,333.51,366.33,1,0,90,8
ignite,wave,ignite wave,100,511,4.06,ignited a wave,4.55,9,3,166.5,236.93,267.61,282.94,1,0,90,11
ignite,wildfire,ignite wildfire,100,555,6.38,wildfires ignited,4.59,1,3,34.053,54.75,65.296,72.172,1,0,90,3
ignite,world,ignite world,100,324,1.18,ignite the world,4.36,8,3,202.2,309.66,360.98,390.98,1,0,90,28
inflate,airbag,inflate airbag,100,412,6.66,inflate the airbag,4.81,0,5,23.056,34.788,40.375,44.044,1,0,78,1
inflate,amount,inflate amount,100,517,1.83,inflate the amount,2.74,4,5,171.9,263.47,299.86,323.81,1,0,78,19
inflate,asset,inflate asset,100,495,3.67,inflating assets,2.92,1,5,117.12,175.48,205.56,224.4,1,0,78,3
inflate,bag,inflate bag,100,926,4.52,inflate the bag,4.9,9,5,145.54,219.91,255.08,276.69,1,0,78,15
inflate,ball,inflate ball,100,656,3.4,inflate the ball,5.0,12,5,152.85,224.94,253.8,268.96,1,0,78,26
inflate,balloon,inflate balloon,100,4946,9.37,balloon is inflated,4.92,2,5,82.715,117.6,132.65,140.92,1,0,78,2
inflate,bill,inflate bill,100,541,3.15,inflating bills,4.68,10,5,180.57,253.96,277.09,287.1,1,0,78,10
inflate,bladder,inflate bladder,100,372,6.3,inflate the bladder,4.48,2,5,37.337,60.462,74.2,85.926,1,0,78,1
inflate,boat,inflate boat,100,206,2.64,inflate the boat,4.93,2,5,139.06,231.66,280.03,308.1,1,0,78,11
inflate,body,inflate body,100,408,1.74,inflate their bodies,4.79,11,5,237.41,335.77,373.18,393.77,1,0,78,40
inflate,bubble,inflate bubble,100,2333,7.83,bubble inflated,4.6,4,5,75.271,108.46,122.55,130.76,1,0,78,3
inflate,budget,inflate budget,100,394,3.52,inflate the budget,3.14,2,5,107.41,155.85,174.75,190.35,1,0,78,7
inflate,charge,inflate charge,100,252,2.14,inflated charges,2.96,15,5,190.91,262.88,290.47,306.26,1,0,78,11
inflate,chest,inflate chest,100,194,4.36,inflated his chest,4.93,4,5,101.46,146.27,172.5,202.92,1,0,78,4
inflate,claim,inflate claim,100,598,2.99,inflated claims,2.96,6,5,178.94,264.63,304.05,329.59,1,0,78,5
inflate,cost,inflate cost,100,3858,4.76,inflate the cost,2.5,3,5,160.14,263.17,306.3,332.11,1,0,78,14
inflate,count,inflate count,100,759,5.33,count is inflated,3.0,3,5,160.71,221.65,239.34,246.88,1,0,78,3
inflate,cuff,inflate cuff,100,662,7.19,cuff is inflated,4.61,2,5,50.432,75.08,84.922,91.44,1,0,78,1
inflate,currency,inflate currency,100,1309,6.54,inflate the currency,4.25,3,5,94.339,132.94,148.37,158.41,1,0,78,2
inflate,debt,inflate debt,100,433,3.95,inflate the debt,2.72,3,5,95.713,138.45,158.61,175.87,1,0,78,4
inflate,deficit,inflate deficit,100,156,3.54,inflate the deficit,2.21,4,5,69.905,107.9,132.78,145.9,1,0,78,5
inflate,demand,inflate demand,100,320,2.39,inflating demand,2.2,5,5,175.66,257.9,291.88,309.12,1,0,78,13
inflate,dollar,inflate dollar,100,321,3.46,inflate the dollar,4.93,4,5,87.287,142.98,187.37,227.38,1,0,78,6
inflate,economy,inflate economy,100,438,3.26,inflate the economy,2.57,4,5,165.36,238.62,265.62,283.32,1,0,78,14
inflate,ego,inflate ego,100,2090,8.01,inflated egos,1.74,3,5,71.854,105.1,119.65,127.07,1,0,78,2
inflate,estimate,inflate estimate,100,719,5.04,inflated estimates,2.65,5,5,112.47,176.62,208.59,226.77,1,0,78,3
inflate,expectation,inflate expectation,100,411,3.69,inflated expectations,1.62,4,5,128.73,183.66,206.18,218.56,1,0,78,6
inflate,expense,inflate expense,100,273,3.27,inflating expenses,2.57,3,5,166.21,247.22,277.52,295.84,1,0,78,5
inflate,fee,inflate fee,100,326,2.58,inflated fees,3.89,2,5,89.395,148.43,179.66,202.54,1,0,78,6
inflate,figure,inflate figure,100,2069,5.1,figures are inflated,3.63,13,5,240.7,334.73,370.72,387.06,1,0,78,4
inflate,grade,inflate grade,100,449,4.47,inflate grades,3.0,9,5,120.72,173.96,191.39,200.97,1,0,78,2
inflate,importance,inflate importance,100,672,3.86,inflate the importance,1.75,2,5,131.66,212.82,251.3,272.25,1,0,78,1
inflate,income,inflate income,100,567,3.96,inflating disposable incomes,3.07,1,5,76.501,118.5,145.45,165.72,1,0,78,3
inflate,jacket,inflate jacket,100,181,3.92,inflate the jacket,4.86,5,5,63.06,120.95,157.54,195.06,1,0,78,2
inflate,level,inflate level,100,529,1.66,inflating income levels,2.86,8,5,233.88,337.78,381.3,409.81,1,0,78,12
inflate,line,inflate line,100,526,1.72,line is inflated,4.5,30,5,253.42,357.41,397.32,421.22,1,0,78,42
inflate,lung,inflate lung,100,698,6.66,inflate the lungs,4.82,1,5,61.534,102.35,126.85,144.43,1,0,78,2
inflate,market,inflate market,100,998,3.46,inflate the market,4.7,5,5,166.28,245.6,289.22,311.24,1,0,78,22
inflate,mattress,inflate mattress,100,509,6.25,inflating mattress,5.0,1,5,47.201,80.482,97.865,107.47,1,0,78,1
inflate,money,inflate money,100,224,0.1,inflating money,4.54,3,5,103.44,164.62,189.47,205.68,1,0,78,15
inflate,number,inflate number,100,6637,4.31,inflate the number,3.3,11,5,198.05,280.36,322.92,351.63,1,0,78,36
inflate,pad,inflate pad,100,225,4.08,inflate the pad,4.43,7,5,99.142,141.18,162.01,174.11,1,0,78,3
inflate,population,inflate population,100,224,2.04,inflate the population,3.64,5,5,175.83,273.2,309.5,327.0,1,0,78,3
inflate,power,inflate power,100,204,0.23,inflate the power,2.04,9,5,196.2,276.34,308.2,322.74,1,0,78,19
inflate,price,inflate price,100,11871,6.83,inflated prices,3.63,7,5,150.25,226.12,259.48,280.51,1,0,78,14
inflate,profit,inflate profit,100,610,4.18,inflate profits,3.07,2,5,59.81,135.58,177.33,201.82,1,0,78,9
inflate,raft,inflate raft,100,425,6.35,inflate the raft,5.0,2,5,73.972,105.54,119.49,128.12,1,0,78,2
inflate,ranking,inflate ranking,100,164,3.96,inflate their rankings,2.43,1,5,82.377,125.1,139.86,146.79,1,0,78,1
inflate,rate,inflate rate,100,1150,3.21,inflated rates,2.5,4,5,155.47,233.69,262.65,282.31,1,0,78,13
inflate,rating,inflate rating,100,473,4.36,inflate ratings,2.26,4,5,105.77,157.56,181.11,193.33,1,0,78,2
inflate,record,inflate record,100,210,0.91,record is inflated,4.15,8,5,188.53,270.23,302.1,318.6,1,0,78,14
inflate,result,inflate result,100,438,1.18,inflate results,2.85,4,5,216.6,338.17,395.56,425.61,1,0,78,10
inflate,revenue,inflate revenue,100,479,3.85,inflate revenue,3.11,2,5,67.994,128.58,165.86,187.41,1,0,78,4
inflate,risk,inflate risk,100,193,0.61,inflate the risk,1.63,4,5,160.87,238.64,275.56,297.22,1,0,78,11
inflate,salary,inflate salary,100,427,4.69,inflated salaries,3.69,1,5,76.713,127.35,155.35,172.8,1,0,78,5
inflate,sale,inflate sale,100,380,2.82,inflate sales,3.37,5,5,154.6,242.39,283.58,307.71,1,0,78,8
inflate,score,inflate score,100,681,3.93,inflate scores,3.38,11,5,167.83,233.52,262.1,278.42,1,0,78,6
inflate,sense,inflate sense,100,260,0.91,inflated sense of,2.61,5,5,206.76,300.07,335.13,356.84,1,0,78,11
inflate,sheet,inflate sheet,100,173,2.67,inflate their balance sheets,4.93,8,5,140.04,200.46,227.33,241.42,1,0,78,5
inflate,significance,inflate significance,100,163,3.29,inflate the significance of,1.68,3,5,103.78,157.26,182.86,195.59,1,0,78,1
inflate,size,inflate size,100,692,3.29,inflate the size,3.13,5,5,173.15,273.77,321.77,346.77,1,0,78,3
inflate,stat,inflate stat,100,439,5.4,stats are inflated,3.19,0,5,27.233,37.896,41.389,43.228,1,0,78,2
inflate,statistic,inflate statistic,100,576,4.93,inflate statistics,2.88,1,5,53.489,77.615,86.936,91.911,1,0,78,2
inflate,stock,inflate stock,100,289,3.01,stock was artificially inflated,4.19,17,5,126.63,186.3,217.83,237.29,1,0,78,7
inflate,supply,inflate supply,100,1129,4.7,inflating the money supply,3.43,3,5,118.76,179.4,208.2,224.52,1,0,78,5
inflate,threat,inflate threat,100,244,2.25,inflating the threat,2.52,4,5,184.42,279.11,309.64,325.29,1,0,78,8
inflate,tire,inflate tire,100,5023,8.55,tires inflated,5.0,1,5,59.559,101.77,118.78,127.9,1,0,78,4
inflate,total,inflate total,100,425,3.78,total is inflated,2.8,2,5,133.07,201.04,230.78,249.92,1,0,78,3
inflate,tube,inflate tube,100,536,4.85,inflate the tube,4.82,5,5,114.82,187.52,223.22,243.88,1,0,78,4
inflate,valuation,inflate valuation,100,262,5.29,inflated valuations,2.08,2,5,65.781,97.343,110.09,117.15,1,0,78,1
inflate,value,inflate value,100,3496,4.19,inflate the value,1.62,6,5,204.29,287.34,318.64,334.81,1,0,78,21
inflate,vest,inflate vest,100,209,5.26,inflate the vest,4.52,2,5,47.68,72.336,87.236,100.39,1,0,78,1
inflate,view,inflate view,100,177,0.71,inflated views,3.21,10,5,225.92,335.06,380.85,402.91,1,0,78,14
inflate,volume,inflate volume,100,203,2.32,inflate the volume,3.07,6,5,182.32,251.11,275.8,289.42,1,0,78,1
inflate,wage,inflate wage,100,226,3.64,inflated wages,3.79,1,5,52.345,74.4,85.397,93.429,1,0,78,5
inflate,way,inflate way,100,652,0.21,inflate their way,2.34,12,5,244.04,355.4,397.34,421.07,1,0,78,38
inflate,wing,inflate wing,100,174,3.14,inflate their wings,4.86,11,5,178.97,258.26,286.62,300.31,1,0,78,5
inflate,worth,inflate worth,100,156,3.03,inflated the worth,1.89,3,5,119.62,167.12,185.19,194.17,1,0,78,1
invade,alien,invade alien,100,1358,6.08,invading aliens,3.52,3,4,78.966,120.34,139.53,151.46,1,0,55,3
invade,area,invade area,100,5006,4.47,invaded the area,3.72,6,4,263.68,404.24,463.02,501.91,1,0,55,24
invade,army,invade army,100,12205,8.37,invading army,4.7,3,4,127.38,213.56,259.99,294.17,1,0,55,8
invade,body,invade body,100,3552,4.74,invade the body,4.79,11,4,237.41,335.77,373.18,393.77,1,0,55,40
invade,brain,invade brain,100,762,4.47,invade the brain,4.69,5,4,120.31,177.7,212.37,233.34,1,0,55,8
invade,cell,invade cell,100,3474,5.75,invading cells,4.44,7,4,151.64,244.74,286.69,309.52,1,0,55,11
invade,city,invade city,100,2731,4.91,invaded the city,4.79,3,4,196.98,329.78,410.83,452.11,1,0,55,11
invade,community,invade community,100,1204,3.28,invaded the community,3.52,6,4,214.58,316.13,353.91,376.42,1,0,55,12
invade,country,invade country,100,19298,7.23,invaded the country,4.17,5,4,173.56,276.1,341.96,389.05,1,0,55,12
invade,dream,invade dream,100,1157,4.47,invaded my dreams,2.6,6,4,147.1,213.55,239.31,254.22,1,0,55,8
invade,earth,invade earth,100,4462,7.08,invade Earth,4.8,7,4,148.47,254.46,304.88,330.38,1,0,55,5
invade,empire,invade empire,100,757,5.15,invading empire,3.0,5,4,145.36,220.29,250.81,270.87,1,0,55,3
invade,enemy,invade enemy,100,834,4.23,an invading enemy,2.83,4,4,148.22,227.71,259.5,276.9,1,0,55,13
invade,field,invade field,100,1024,3.63,invaded the field,4.26,17,4,244.0,344.01,383.08,400.82,1,0,55,12
invade,force,invade force,100,10423,6.74,invading forces,3.0,10,4,126.65,244.96,289.46,319.69,1,0,55,11
invade,habitat,invade habitat,100,950,5.29,invaded habitats,3.9,1,4,105.9,163.09,200.04,222.44,1,0,55,1
invade,home,invade home,100,7749,4.99,invade your home,4.11,9,4,239.73,352.55,396.94,419.06,1,0,55,14
invade,horde,invade horde,100,1227,6.33,invading hordes,3.7,3,4,80.335,130.35,150.93,162.79,1,0,55,3
invade,house,invade house,100,2329,4.38,invade the house,5.0,12,4,207.43,310.94,359.63,394.2,1,0,55,10
invade,island,invade island,100,2660,6.33,invaded the island,4.96,2,4,189.15,307.78,376.84,415.1,1,0,55,3
invade,kingdom,invade kingdom,100,1367,6.0,invaded the kingdom,3.76,6,4,162.41,240.87,276.42,295.08,1,0,55,1
invade,land,invade land,100,5562,6.1,invaded the land,4.57,11,4,211.49,302.04,339.59,359.75,1,0,55,10
invade,life,invade life,100,2688,3.3,invade our lives,2.69,14,4,228.25,333.37,374.48,396.14,1,0,55,27
invade,market,invade market,100,729,2.85,invaded the market,4.7,5,4,166.28,245.6,289.22,311.24,1,0,55,22
invade,mind,invade mind,100,2480,4.99,invaded his mind,2.5,7,4,197.15,276.78,313.43,334.55,1,0,55,16
invade,mouth,invade mouth,100,776,4.66,invaded his mouth,4.74,8,4,171.28,251.18,292.8,315.3,1,0,55,6
invade,nation,invade nation,100,3147,6.02,invading nations,3.62,4,4,184.3,283.92,326.37,356.89,1,0,55,5
invade,neighbor,invade neighbor,100,959,5.34,invade their neighbors,4.64,2,4,114.49,199.16,231.07,246.99,1,0,55,1
invade,organism,invade organism,100,1075,5.67,invading organisms,4.16,2,4,95.702,157.95,191.23,211.53,1,0,55,2
invade,part,invade part,100,1587,1.78,invaded parts,3.29,12,4,237.04,382.12,430.05,454.33,1,0,55,30
invade,pathogen,invade pathogen,100,1988,6.91,invading pathogens,3.59,1,4,55.86,93.559,118.24,133.39,1,0,55,2
invade,pitch,invade pitch,100,1357,5.76,invaded the pitch,4.0,10,4,146.78,205.88,229.23,240.91,1,0,55,3
invade,place,invade place,100,1067,1.63,invaded the place,3.48,16,4,235.9,337.1,371.44,386.77,1,0,55,13
invade,planet,invade planet,100,1702,5.79,invade the planet,4.58,3,4,123.08,204.67,249.73,272.53,1,0,55,2
invade,privacy,invade privacy,100,9975,8.67,invade the privacy,1.5,2,4,60.69,97.554,110.21,116.38,1,0,55,1
invade,property,invade property,100,939,2.98,invade your property,3.9,5,4,209.32,300.52,334.86,350.85,1,0,55,6
invade,province,invade province,100,1312,6.02,invaded the province,3.1,2,4,164.32,251.99,287.44,305.64,1,0,55,1
invade,realm,invade realm,100,727,5.29,invaded the realm,2.96,3,4,143.34,219.54,249.71,264.07,1,0,55,2
invade,region,invade region,100,2072,5.3,invaded the region,3.19,5,4,226.7,354.01,422.65,462.14,1,0,55,5
invade,right,invade right,100,1574,3.01,invade the rights,3.47,8,4,191.92,277.76,311.67,326.78,1,0,55,7
invade,room,invade room,100,874,2.63,invaded the room,4.79,4,4,177.22,289.39,342.76,375.76,1,0,55,6
invade,site,invade site,100,767,2.28,invaded sites,4.56,3,4,252.6,368.9,411.88,434.34,1,0,55,18
invade,soldier,invade soldier,100,742,4.19,invading soldiers,4.72,2,4,146.17,236.65,278.07,301.43,1,0,55,5
invade,space,invade space,100,6810,5.67,invading their space,3.54,9,4,218.82,301.78,331.62,346.57,1,0,55,10
invade,state,invade state,100,1838,3.89,invaded the state,3.52,8,4,191.75,277.34,313.22,330.08,1,0,55,12
invade,system,invade system,100,1652,2.3,invade the central nervous system,2.94,9,4,223.61,330.78,374.49,401.55,1,0,55,36
invade,territory,invade territory,100,6334,7.73,invaded the territory,3.41,3,4,170.99,267.54,308.58,331.65,1,0,55,5
invade,thought,invade thought,100,772,3.46,invaded his thoughts,1.97,4,4,172.64,253.02,286.84,305.45,1,0,55,17
invade,time,invade time,100,806,0.09,invaded several times,3.07,10,4,273.83,408.51,469.17,512.74,1,0,55,50
invade,tissue,invade tissue,100,2429,6.56,invade other tissues,4.93,2,4,130.64,195.84,232.23,256.76,1,0,55,5
invade,town,invade town,100,2149,5.31,invaded the town,4.64,4,4,167.37,359.75,445.5,497.25,1,0,55,7
invade,troop,invade troop,100,1816,5.68,invading troops,4.34,4,4,43.961,69.395,84.425,94.045,1,0,55,6
invade,village,invade village,100,1605,5.31,invaded the village,4.89,3,4,197.9,320.64,384.5,419.84,1,0,55,6
invade,virus,invade virus,100,891,4.8,invading viruses,3.48,3,4,98.597,163.57,194.16,213.12,1,0,55,9
invade,world,invade world,100,3169,4.38,invade the world,4.36,8,4,202.2,309.66,360.98,390.98,1,0,55,28
juggle,account,juggle account,100,174,1.13,juggle multiple accounts,3.08,10,5,210.91,294.5,321.83,335.52,1,0,88,9
juggle,activity,juggle activity,100,346,1.46,juggling activities,2.72,6,5,227.17,320.91,359.98,381.47,1,0,88,10
juggle,aspect,juggle aspect,100,187,1.74,juggle the many aspects,1.82,5,5,198.61,282.3,321.48,346.47,1,0,88,3
juggle,assignment,juggle assignment,100,228,3.67,juggle multiple assignments,3.86,6,5,105.62,155.17,172.45,181.4,1,0,88,1
juggle,baby,juggle baby,100,289,2.73,juggling a baby,5.0,7,5,142.59,217.27,250.61,271.03,1,0,88,8
juggle,bag,juggle bag,100,226,2.51,juggling bags,4.9,9,5,145.54,219.91,255.08,276.69,1,0,88,15
juggle,balance,juggle balance,100,163,2.0,juggle the balance,2.89,12,5,132.32,196.87,226.81,247.01,1,0,88,6
juggle,ball,juggle ball,100,3627,5.87,juggling balls,5.0,12,5,152.85,224.94,253.8,268.96,1,0,88,26
juggle,bill,juggle bill,100,232,1.94,juggling bills,4.68,10,5,180.57,253.96,277.09,287.1,1,0,88,10
juggle,book,juggle book,100,297,0.54,juggling the books,4.9,11,5,222.59,338.67,394.89,426.22,1,0,88,15
juggle,bottle,juggle bottle,100,178,2.81,juggling bottles,4.91,3,5,120.42,183.22,217.03,239.9,1,0,88,12
juggle,budget,juggle budget,100,153,2.17,juggle budgets,3.14,2,5,107.41,155.85,174.75,190.35,1,0,88,7
juggle,business,juggle business,100,347,1.02,juggling business,3.28,9,5,153.74,238.14,275.17,295.29,1,0,88,18
juggle,call,juggle call,100,215,1.45,juggling calls,4.0,13,5,152.06,232.35,267.04,285.41,1,0,88,6
juggle,card,juggle card,100,140,0.76,juggling credit cards,4.9,11,5,148.11,207.64,231.41,245.34,1,0,88,11
juggle,care,juggle care,100,246,1.11,juggling child care,2.33,6,5,132.07,198.98,226.0,243.29,1,0,88,1
juggle,career,juggle career,100,1859,4.8,juggling a career,2.54,2,5,185.6,286.27,327.76,349.0,1,0,88,10
juggle,cast,juggle cast,100,191,3.81,juggles a large cast,3.92,9,5,135.02,191.93,213.22,223.99,1,0,88,1
juggle,chainsaw,juggle chainsaw,100,260,6.27,juggling chainsaws,4.9,1,5,24.628,35.94,41.512,45.366,1,0,88,1
juggle,challenge,juggle challenge,100,270,1.38,juggling the challenges,2.11,5,5,158.7,224.89,250.88,263.63,1,0,88,9
juggle,character,juggle character,100,336,1.72,juggling characters,2.93,9,5,277.35,405.34,452.72,475.45,1,0,88,14
juggle,child,juggle child,100,418,0.86,juggling children,4.78,4,5,201.04,295.22,346.37,384.22,1,0,88,21
juggle,childcare,juggle childcare,100,339,6.49,juggling childcare,3.73,1,5,47.102,67.839,77.249,82.456,1,0,88,1
juggle,class,juggle class,100,480,2.22,juggling classes,3.85,8,5,195.01,290.22,321.92,336.94,1,0,88,7
juggle,client,juggle client,100,210,1.81,juggling multiple clients,3.9,3,5,115.13,202.44,243.7,267.64,1,0,88,4
juggle,club,juggle club,100,514,3.77,juggling clubs,3.78,7,5,243.73,343.32,386.17,409.6,1,0,88,5
juggle,commitment,juggle commitment,100,832,4.48,juggling commitments,1.74,5,5,155.9,224.41,251.61,268.44,1,0,88,3
juggle,date,juggle date,100,144,1.0,juggling dates,3.9,8,5,224.11,324.69,358.45,374.86,1,0,88,7
juggle,deadline,juggle deadline,100,202,3.81,juggling deadlines,2.66,1,5,113.93,161.38,179.32,188.81,1,0,88,2
juggle,demand,juggle demand,100,1709,4.82,juggling the demands of,2.2,5,5,175.66,257.9,291.88,309.12,1,0,88,13
juggle,dozen,juggle dozen,100,234,3.74,juggling dozens of,4.66,1,5,85.146,175.8,224.4,253.77,1,0,88,2
juggle,duty,juggle duty,100,648,3.96,juggling the duties,2.19,3,5,140.95,207.04,235.19,248.69,1,0,88,6
juggle,egg,juggle egg,100,153,2.44,juggling eggs,4.97,3,5,124.85,178.59,202.35,217.95,1,0,88,9
juggle,element,juggle element,100,203,1.31,juggles elements,3.63,7,5,214.49,312.21,360.35,389.13,1,0,88,9
juggle,enemy,juggle enemy,100,210,2.66,juggle enemies,2.83,4,5,148.22,227.71,259.5,276.9,1,0,88,13
juggle,family,juggle family,100,1084,3.18,juggling family,4.23,8,5,241.61,347.92,387.48,407.58,1,0,88,11
juggle,figure,juggle figure,100,169,1.5,juggle the figures,3.63,13,5,240.7,334.73,370.72,387.06,1,0,88,4
juggle,finance,juggle finance,100,217,4.36,juggling finances,3.36,3,5,73.789,118.42,137.74,149.15,1,0,88,2
juggle,fire,juggle fire,100,175,1.87,juggling fire,4.68,9,5,142.33,217.4,250.15,268.89,1,0,88,13
juggle,hat,juggle hat,100,192,3.48,juggling many hats,4.88,2,5,87.277,125.25,147.49,171.25,1,0,88,3
juggle,idea,juggle idea,100,235,0.0,juggling ideas,1.61,5,5,186.11,292.47,339.77,365.76,1,0,88,31
juggle,identity,juggle identity,100,149,2.19,juggle multiple identities,2.0,4,5,150.51,209.73,235.52,249.54,1,0,88,5
juggle,interest,juggle interest,100,205,0.72,juggle the interests,1.8,7,5,176.83,268.45,304.88,322.86,1,0,88,14
juggle,issue,juggle issue,100,284,0.06,juggle issues,2.37,11,5,174.52,308.87,366.65,399.06,1,0,88,16
juggle,item,juggle item,100,184,0.8,juggling items,4.41,5,5,197.78,301.7,343.31,365.49,1,0,88,15
juggle,job,juggle job,100,3217,4.0,juggling jobs,3.19,13,5,150.01,217.49,243.64,255.31,1,0,88,8
juggle,kid,juggle kid,100,580,2.94,juggling kids,4.56,5,5,142.79,214.98,258.8,288.66,1,0,88,11
juggle,knife,juggle knife,100,339,4.47,juggling knives,4.9,3,5,92.137,132.92,155.86,174.34,1,0,88,8
juggle,life,juggle life,100,2156,3.04,juggling life,2.69,14,5,228.25,333.37,374.48,396.14,1,0,88,27
juggle,line,juggle line,100,313,0.97,juggling lines,4.5,30,5,253.42,357.41,397.32,421.22,1,0,88,42
juggle,lineup,juggle lineup,100,208,4.58,juggle the lineup,3.79,2,5,93.04,166.17,192.35,205.36,1,0,88,2
juggle,load,juggle load,100,271,3.1,juggling a full course load,3.63,9,5,139.13,209.14,235.35,251.18,1,0,88,10
juggle,lot,juggle lot,100,1355,1.78,juggling a lot of,3.7,7,5,144.92,243.93,294.05,322.54,1,0,88,34
juggle,motherhood,juggle motherhood,100,430,6.97,juggling motherhood,3.0,1,5,35.227,55.697,64.364,69.352,1,0,88,1
juggle,need,juggle need,100,567,1.65,juggling the needs,1.69,4,5,166.74,256.31,305.55,332.02,1,0,88,4
juggle,number,juggle number,100,894,1.43,juggling a number,3.3,11,5,198.05,280.36,322.92,351.63,1,0,88,36
juggle,object,juggle object,100,275,2.0,juggling objects,3.66,5,5,227.43,320.07,354.24,371.31,1,0,88,11
juggle,obligation,juggle obligation,100,232,3.26,juggling family obligations,2.04,5,5,97.362,144.55,167.46,180.68,1,0,88,1
juggle,opponent,juggle opponent,100,252,3.65,juggle the opponent,3.52,2,5,176.66,283.87,330.83,357.57,1,0,88,12
juggle,order,juggle order,100,152,0.51,juggle the order,2.79,15,5,200.56,276.77,305.55,320.28,1,0,88,8
juggle,phone,juggle phone,100,189,2.08,juggled the phone,4.86,3,5,132.03,200.44,232.92,254.36,1,0,88,8
juggle,plate,juggle plate,100,277,3.4,juggling plates,4.77,15,5,166.84,231.74,255.92,275.74,1,0,88,8
juggle,plot,juggle plot,100,138,2.8,juggling plots,3.14,4,5,152.98,228.72,255.26,268.78,1,0,88,5
juggle,position,juggle position,100,163,0.41,juggling positions,2.62,16,5,229.38,325.34,362.4,380.34,1,0,88,11
juggle,pressure,juggle pressure,100,189,1.67,juggle the pressures,3.07,7,5,191.44,287.36,318.12,333.55,1,0,88,4
juggle,priority,juggle priority,100,891,4.63,juggle multiple priorities,1.76,2,5,123.25,177.58,200.49,213.43,1,0,88,2
juggle,project,juggle project,100,1762,3.32,juggle multiple projects,3.62,2,5,170.17,284.97,344.87,374.52,1,0,88,19
juggle,relationship,juggle relationship,100,423,1.93,juggling relationships,2.8,4,5,256.77,383.37,435.58,473.39,1,0,88,10
juggle,resource,juggle resource,100,201,0.98,juggling resources,2.55,3,5,166.52,241.94,269.95,282.85,1,0,88,7
juggle,responsibility,juggle responsibility,100,2651,5.39,juggling multiple responsibilities,1.4,3,5,139.46,206.54,231.4,249.11,1,0,88,6
juggle,role,juggle role,100,1438,3.03,juggling multiple roles,2.19,4,5,246.23,352.95,394.79,417.68,1,0,88,6
juggle,schedule,juggle schedule,100,1608,5.78,juggling schedules,3.48,2,5,127.18,192.09,216.69,229.17,1,0,88,1
juggle,school,juggle school,100,912,3.12,juggling school,4.79,7,5,149.12,280.27,350.18,390.54,1,0,88,7
juggle,set,juggle set,100,142,0.55,juggle two sets,3.41,13,5,195.14,287.11,323.46,341.74,1,0,88,8
juggle,storyline,juggle storyline,100,144,4.51,juggles multiple storylines,2.78,1,5,105.49,150.08,168.09,179.52,1,0,88,1
juggle,study,juggle study,100,561,2.29,juggling study,3.7,10,5,170.51,280.01,333.13,360.44,1,0,88,5
juggle,stuff,juggle stuff,100,156,1.26,juggling stuff,3.13,7,5,154.36,228.68,256.01,270.5,1,0,88,15
juggle,task,juggle task,100,1844,4.79,juggle multiple tasks,2.84,2,5,157.09,222.68,251.04,266.5,1,0,88,2
juggle,thing,juggle thing,100,1558,1.61,juggle things,3.17,12,5,143.55,268.8,339.04,370.97,1,0,88,51
juggle,time,juggle time,100,999,0.42,juggling time,3.07,10,5,273.83,408.51,469.17,512.74,1,0,88,50
juggle,title,juggle title,100,148,1.01,TitleExchange -- juggle titles within FCS,3.32,10,5,204.83,284.61,311.28,324.35,1,0,88,10
juggle,torch,juggle torch,100,194,4.87,juggling flaming torches,4.76,4,5,50.921,79.913,91.892,98.978,1,0,88,3
juggle,training,juggle training,100,159,1.31,juggling training,3.3,2,5,163.81,231.65,262.02,280.95,1,0,88,1
juggle,variety,juggle variety,100,294,2.02,juggle a variety of,2.13,6,5,189.87,293.84,344.92,372.87,1,0,88,7
juggle,woman,juggle woman,100,161,0.06,juggling two women,4.46,4,5,176.89,278.3,349.75,390.06,1,0,88,19
juggle,word,juggle word,100,173,0.04,juggle words,3.56,10,5,247.83,371.55,418.36,446.17,1,0,88,25
juggle,work,juggle work,100,4792,3.86,juggling work,3.48,7,5,272.87,386.54,424.55,447.82,1,0,88,22
juggle,workload,juggle workload,100,254,5.12,juggle the workload,3.52,1,5,65.388,91.807,103.0,108.9,1,0,88,1
kick,addiction,kick addiction,100,1653,6.25,kick the addiction,2.85,3,8,63.751,106.06,123.49,134.14,1,0,88,3
kick,ass,kick ass,100,61463,11.09,kicking ass,4.67,6,8,37.16,64.015,75.824,81.701,1,0,88,3
kick,back,kick back,100,1583,4.96,kicking the back,4.33,9,8,202.43,294.7,348.59,382.6,1,0,88,9
kick,bag,kick bag,100,874,4.03,kicking a bag,4.9,9,8,145.54,219.91,255.08,276.69,1,0,88,15
kick,ball,kick ball,100,29527,8.6,kick the ball,5.0,12,8,152.85,224.94,253.8,268.96,1,0,88,26
kick,behind,kick behind,100,888,5.62,kicked a behind,3.48,1,8,10.789,14.969,16.38,17.157,1,0,88,1
kick,bit,kick bit,100,696,1.59,kick a bit,3.27,11,8,192.43,300.42,350.38,380.06,1,0,88,29
kick,body,kick body,100,903,2.74,kicked the body,4.79,11,8,237.41,335.77,373.18,393.77,1,0,88,40
kick,boot,kick boot,100,841,4.98,kicking boots,4.96,7,8,86.528,135.03,162.14,180.35,1,0,88,2
kick,booty,kick booty,100,648,5.21,kick some booty,4.36,1,8,38.375,55.066,61.903,65.482,1,0,88,1
kick,box,kick box,100,632,3.21,kicked the box,4.9,10,8,185.98,265.79,297.28,315.78,1,0,88,8
kick,boy,kick boy,100,791,3.69,kicked the boy,4.76,4,8,118.02,242.69,304.06,336.23,1,0,88,7
kick,bucket,kick bucket,100,6257,8.16,kick the bucket,4.96,2,8,66.372,104.65,128.41,142.79,1,0,88,2
kick,butt,kick butt,100,27377,10.3,kicking butt,4.75,9,8,70.53,98.036,108.37,113.8,1,0,88,3
kick,campaign,kick campaign,100,604,3.18,campaign kicked,3.0,4,8,234.82,326.5,365.57,390.31,1,0,88,8
kick,can,kick can,100,3036,6.96,kick the can,4.55,6,8,58.316,89.046,104.16,112.97,1,0,88,2
kick,car,kick car,100,835,2.56,kicking cars,4.89,5,8,146.58,271.86,328.14,362.93,1,0,88,26
kick,cat,kick cat,100,877,4.56,kick the cat,4.86,8,8,96.279,168.48,214.51,248.96,1,0,88,4
kick,chair,kick chair,100,1468,5.25,kicked the chair,4.58,5,8,202.61,287.24,317.47,333.33,1,0,88,7
kick,child,kick child,100,854,1.81,kicking children,4.78,4,8,201.04,295.22,346.37,384.22,1,0,88,21
kick,conversion,kick conversion,100,1483,5.75,kicked the conversion,2.46,9,8,128.36,177.89,197.45,208.5,1,0,88,1
kick,crap,kick crap,100,2741,6.8,kick the crap out of,3.67,2,8,44.493,77.799,90.095,95.923,1,0,88,3
kick,day,kick day,100,1211,1.96,kick the day,3.92,10,8,202.17,322.8,424.94,489.25,1,0,88,31
kick,dirt,kick dirt,100,1623,6.17,kicking dirt,4.86,4,8,78.603,111.19,127.04,138.24,1,0,88,4
kick,dog,kick dog,100,3192,5.55,kick the dog,4.85,7,8,104.88,197.0,248.38,285.38,1,0,88,10
kick,door,kick door,100,9371,6.68,kicked the door,4.81,5,8,145.33,240.25,284.65,309.98,1,0,88,14
kick,dust,kick dust,100,1217,5.62,dust kicked,4.4,3,8,87.632,148.3,174.03,189.46,1,0,88,4
kick,duty,kick duty,100,872,3.97,the kicking duties,2.19,3,8,140.95,207.04,235.19,248.69,1,0,88,6
kick,event,kick event,100,814,2.18,event was kicked off,2.69,4,8,226.3,317.53,360.62,385.59,1,0,88,19
kick,foot,kick foot,100,6155,6.29,kick your feet,4.9,11,8,236.46,337.5,383.01,409.62,1,0,88,23
kick,football,kick football,100,3303,6.79,kicking a football,4.73,2,8,56.975,106.34,140.5,160.87,1,0,88,2
kick,game,kick game,100,5380,4.27,the kicking game,4.5,11,8,197.97,310.04,362.54,399.13,1,0,88,35
kick,girl,kick girl,100,671,2.93,kicked the girl,4.85,5,8,134.18,267.25,335.11,371.05,1,0,88,7
kick,goal,kick goal,100,32912,7.97,kicked a field goal,3.06,4,8,186.1,266.96,303.41,324.86,1,0,88,6
kick,guy,kick guy,100,1881,4.47,kick a guy,4.68,3,8,158.9,243.11,283.09,309.25,1,0,88,10
kick,habit,kick habit,100,10490,8.1,kick the habit,2.76,6,8,124.43,184.5,207.67,221.79,1,0,88,3
kick,head,kick head,100,1632,3.67,head kicked,4.75,33,8,299.95,421.51,474.88,503.64,1,0,88,28
kick,heel,kick heel,100,2036,6.58,kicking his heels,4.86,6,8,100.78,142.47,159.72,169.94,1,0,88,1
kick,hell,kick hell,100,705,4.57,kick the hell out of,2.41,6,8,104.67,147.82,166.05,175.55,1,0,88,3
kick,hole,kick hole,100,781,3.81,kick a hole,4.81,8,8,152.7,225.93,256.73,271.99,1,0,88,7
kick,horse,kick horse,100,1575,5.08,kicked his horse,5.0,5,8,142.0,208.53,244.99,274.44,1,0,88,4
kick,idea,kick idea,100,1175,2.25,kicking the idea,1.61,5,8,186.11,292.47,339.77,365.76,1,0,88,31
kick,issue,kick issue,100,648,1.18,kick the issue,2.37,11,8,174.52,308.87,366.65,399.06,1,0,88,16
kick,kid,kick kid,100,1089,3.6,kicking kids,4.56,5,8,142.79,214.98,258.8,288.66,1,0,88,11
kick,kind,kick kind,100,583,1.89,kicks all kinds of,2.07,1,8,133.27,291.79,361.24,396.17,1,0,88,12
kick,leg,kick leg,100,8589,7.45,kicking leg,4.83,9,8,134.48,212.33,256.38,294.07,1,0,88,17
kick,lot,kick lot,100,1346,1.72,kick a lot,3.7,7,8,144.92,243.93,294.05,322.54,1,0,88,34
kick,machine,kick machine,100,638,2.99,machine kicked,4.25,6,8,162.99,247.75,283.25,305.85,1,0,88,14
kick,man,kick man,100,3549,3.86,kick a man,4.79,11,8,192.73,336.5,412.7,455.21,1,0,88,37
kick,member,kick member,100,581,1.32,kick members,3.07,5,8,208.76,325.3,372.4,397.51,1,0,88,10
kick,night,kick night,100,701,3.0,kicked the night,4.52,8,8,159.19,285.53,366.7,433.96,1,0,88,4
kick,officer,kick officer,100,927,3.79,kicked the officer,4.8,4,8,200.25,288.09,326.95,352.01,1,0,88,3
kick,opponent,kick opponent,100,961,4.82,kicking an opponent,3.52,2,8,176.66,283.87,330.83,357.57,1,0,88,12
kick,penalty,kick penalty,100,2290,5.92,kicked a penalty,2.86,4,8,122.22,175.88,196.83,207.99,1,0,88,4
kick,people,kick people,100,5667,3.29,kick people,4.82,4,8,190.25,264.24,315.17,343.14,1,0,88,39
kick,person,kick person,100,795,2.33,kick the person,4.72,3,8,154.72,265.14,314.69,341.74,1,0,88,9
kick,player,kick player,100,2050,3.89,kick players,4.15,5,8,226.69,338.56,382.77,407.1,1,0,88,13
kick,point,kick point,100,4714,4.17,kicked the extra point,3.39,26,8,249.95,349.67,391.1,417.02,1,0,88,21
kick,problem,kick problem,100,716,1.01,kick the problem,2.68,3,8,202.61,312.71,353.01,375.03,1,0,88,16
kick,project,kick project,100,618,1.7,project was kicked,3.62,2,8,170.17,284.97,344.87,374.52,1,0,88,19
kick,puppy,kick puppy,100,1443,5.99,kicked puppy,4.78,2,8,35.452,72.982,92.58,104.52,1,0,88,1
kick,rock,kick rock,100,1920,5.64,kick rocks,4.91,7,8,225.91,320.78,360.6,382.06,1,0,88,10
kick,sand,kick sand,100,1851,6.27,kicking sand,5.0,3,8,108.99,181.25,218.31,244.76,1,0,88,2
kick,score,kick score,100,770,3.73,kick a winning score,3.38,11,8,167.83,233.52,262.1,278.42,1,0,88,6
kick,season,kick season,100,1597,4.15,season kicked off,3.32,3,8,247.21,364.08,408.66,437.05,1,0,88,8
kick,seat,kick seat,100,784,3.7,kicking my seat,4.78,9,8,185.24,254.59,276.31,286.81,1,0,88,4
kick,shit,kick shit,100,3027,6.77,kick the shit out of,4.33,6,8,42.891,71.102,83.074,90.257,1,0,88,6
kick,shoe,kick shoe,100,1542,5.44,kick your shoes,4.97,4,8,83.429,129.65,161.22,186.45,1,0,88,4
kick,side,kick side,100,770,3.14,side kicked,3.68,12,8,242.69,366.37,436.59,477.44,1,0,88,25
kick,start,kick start,100,1472,4.72,to kick start,2.71,8,8,203.7,332.36,385.66,416.03,1,0,88,1
kick,step,kick step,100,1102,2.94,kicking steps,4.54,11,8,175.69,242.88,266.57,278.07,1,0,88,3
kick,stone,kick stone,100,955,4.58,kicked a stone,4.72,13,8,159.19,242.89,279.87,302.48,1,0,88,11
kick,student,kick student,100,750,1.69,kick students,4.92,2,8,154.13,250.84,295.3,323.45,1,0,88,8
kick,system,kick system,100,776,1.21,system kicked,2.94,9,8,223.61,330.78,374.49,401.55,1,0,88,36
kick,tail,kick tail,100,1172,5.54,kicking tail,4.96,8,8,108.95,165.48,193.88,214.43,1,0,88,7
kick,team,kick team,100,1742,3.17,the kicking team,3.79,2,8,204.37,328.15,369.37,388.62,1,0,88,22
kick,technique,kick technique,100,941,3.43,kicking techniques,2.4,2,8,168.57,286.63,336.55,366.47,1,0,88,5
kick,thing,kick thing,100,22981,5.45,kick things off,3.17,12,8,143.55,268.8,339.04,370.97,1,0,88,51
kick,time,kick time,100,2014,1.4,kick every time,3.07,10,8,273.83,408.51,469.17,512.74,1,0,88,50
kick,tire,kick tire,100,5511,7.68,kick the tires,5.0,1,8,59.559,101.77,118.78,127.9,1,0,88,4
kick,tooth,kick tooth,100,910,4.5,teeth kicked in,4.89,5,8,89.365,137.21,164.44,183.76,1,0,88,7
kick,user,kick user,100,613,2.44,kick users,3.16,3,8,131.7,217.8,259.62,282.68,1,0,88,4
kick,victim,kick victim,100,599,3.37,kicked the victim,3.59,2,8,144.96,233.01,264.82,282.56,1,0,88,6
kick,wall,kick wall,100,1136,4.33,kicked the wall,4.86,8,8,199.95,305.54,363.69,395.21,1,0,88,15
kick,way,kick way,100,2347,2.03,kicked his way,2.34,12,8,244.04,355.4,397.34,421.07,1,0,88,38
kick,week,kick week,100,934,2.74,kick this week,3.48,3,8,117.72,290.99,387.43,468.98,1,0,88,7
kick,woman,kick woman,100,1455,3.11,kicking a woman,4.46,4,8,176.89,278.3,349.75,390.06,1,0,88,19
kick,year,kick year,100,1508,1.78,kick the year,3.25,4,8,119.49,308.84,424.66,500.24,1,0,88,26
kill,animal,kill animal,100,40777,7.81,killing animals,4.61,1,15,176.69,244.8,282.95,316.08,1,0,86,7
kill,baby,kill baby,100,22017,6.95,killing babies,5.0,7,15,142.59,217.27,250.61,271.03,1,0,86,8
kill,bear,kill bear,100,6634,5.51,kill a bear,4.88,2,15,67.544,110.51,139.0,156.93,1,0,86,2
kill,being,kill being,100,6650,5.4,kill human beings,1.93,2,15,124.97,181.46,205.36,218.6,1,0,86,1
kill,bill,kill bill,100,7504,5.26,kill the bill,4.68,10,15,180.57,253.96,277.09,287.1,1,0,86,10
kill,bird,kill bird,100,25167,7.27,kill two birds,5.0,5,15,162.5,229.93,254.59,273.45,1,0,86,3
kill,boss,kill boss,100,7121,5.59,kill the boss,3.83,6,15,153.56,227.6,257.07,273.58,1,0,86,4
kill,boy,kill boy,100,14182,6.29,boy was killed,4.76,4,15,118.02,242.69,304.06,336.23,1,0,86,7
kill,brother,kill brother,100,20744,6.96,brother was killed,4.43,5,15,194.75,316.69,436.25,519.82,1,0,86,1
kill,cat,kill cat,100,9037,5.84,killed the cat,4.86,8,15,96.279,168.48,214.51,248.96,1,0,86,4
kill,cell,kill cell,100,32368,7.42,kill cancer cells,4.44,7,15,151.64,244.74,286.69,309.52,1,0,86,11
kill,character,kill character,100,10239,5.43,character was killed,2.93,9,15,277.35,405.34,452.72,475.45,1,0,86,14
kill,child,kill child,100,67824,7.54,children were killed,4.78,4,15,201.04,295.22,346.37,384.22,1,0,86,21
kill,citizen,kill citizen,100,10572,5.95,citizens were killed,4.43,1,15,150.05,214.18,239.94,259.94,1,0,86,1
kill,civilian,kill civilian,100,66127,8.83,civilians were killed,4.25,1,15,83.713,127.94,146.58,159.66,1,0,86,1
kill,creature,kill creature,100,7861,5.66,kill the creature,4.07,3,15,127.71,213.82,251.0,272.74,1,0,86,3
kill,crew,kill crew,100,9497,5.94,crew were killed,4.36,4,15,154.27,223.57,253.54,269.71,1,0,86,1
kill,daughter,kill daughter,100,10633,5.92,daughter was killed,4.79,1,15,200.58,361.02,483.09,571.8,1,0,86,2
kill,day,kill day,100,10104,4.55,killed every day,3.92,10,15,202.17,322.8,424.94,489.25,1,0,86,31
kill,deer,kill deer,100,7555,5.73,kill a deer,4.86,1,15,74.207,110.56,129.71,144.34,1,0,86,2
kill,dog,kill dog,100,15096,6.32,kill a dog,4.85,7,15,104.88,197.0,248.38,285.38,1,0,86,10
kill,dozen,kill dozen,100,11259,6.21,killed dozens of,4.66,1,15,85.146,175.8,224.4,253.77,1,0,86,2
kill,driver,kill driver,100,8310,5.51,driver was killed,4.71,5,15,160.79,246.66,279.04,294.59,1,0,86,1
kill,enemy,kill enemy,100,33323,7.63,kill enemies,2.83,4,15,148.22,227.71,259.5,276.9,1,0,86,13
kill,family,kill family,100,20062,6.3,family was killed,4.23,8,15,241.61,347.92,387.48,407.58,1,0,86,11
kill,father,kill father,100,30385,7.44,father was killed,4.52,8,15,191.12,344.13,469.14,548.99,1,0,86,3
kill,field,kill field,100,7829,5.25,the killing fields,4.26,17,15,244.0,344.01,383.08,400.82,1,0,86,12
kill,fighter,kill fighter,100,7770,5.71,fighters were killed,3.96,3,15,125.04,193.34,217.75,232.44,1,0,86,1
kill,fish,kill fish,100,9308,5.78,kill fish,5.0,4,15,164.99,237.0,271.35,292.14,1,0,86,9
kill,friend,kill friend,100,13650,5.73,friend was killed,3.07,5,15,232.09,344.16,410.42,459.92,1,0,86,7
kill,game,kill game,100,8051,4.33,kill the game,4.5,11,15,197.97,310.04,362.54,399.13,1,0,86,35
kill,germ,kill germ,100,7428,5.74,kill germs,3.89,3,15,49.211,70.889,81.133,87.037,1,0,86,3
kill,girl,kill girl,100,16049,6.27,girl was killed,4.85,5,15,134.18,267.25,335.11,371.05,1,0,86,7
kill,guard,kill guard,100,9893,6.02,guards were killed,4.04,10,15,153.19,217.57,241.77,254.52,1,0,86,2
kill,guy,kill guy,100,13620,6.05,kill the guy,4.68,3,15,158.9,243.11,283.09,309.25,1,0,86,10
kill,horse,kill horse,100,6589,5.3,horses were killed,5.0,5,15,142.0,208.53,244.99,274.44,1,0,86,4
kill,human,kill human,100,14199,6.49,kill humans,4.93,1,15,129.22,183.31,206.36,222.32,1,0,86,2
kill,hundred,kill hundred,100,21994,7.03,killed hundreds of,3.2,1,15,62.203,182.2,248.64,284.5,1,0,86,4
kill,husband,kill husband,100,16141,6.66,killed her husband,4.11,1,15,163.07,266.05,323.25,366.93,1,0,86,1
kill,insect,kill insect,100,6529,5.51,kill insects,4.89,2,15,93.102,139.59,164.13,183.68,1,0,86,3
kill,journalist,kill journalist,100,7466,5.63,journalists killed,4.04,2,15,142.41,220.51,256.3,279.13,1,0,86,1
kill,kid,kill kid,100,9587,5.51,killing kids,4.56,5,15,142.79,214.98,258.8,288.66,1,0,86,11
kill,king,kill king,100,6547,5.39,kill the king,4.1,10,15,160.22,266.17,332.03,362.68,1,0,86,1
kill,leader,kill leader,100,13585,6.03,leaders were killed,3.89,2,15,205.5,301.95,348.11,378.65,1,0,86,4
kill,life,kill life,100,6293,3.99,kill all life,2.69,14,15,228.25,333.37,374.48,396.14,1,0,86,27
kill,lot,kill lot,100,12622,4.58,killed a lot,3.7,7,15,144.92,243.93,294.05,322.54,1,0,86,34
kill,machine,kill machine,100,12177,5.92,killing machine,4.25,6,15,162.99,247.75,283.25,305.85,1,0,86,14
kill,man,kill man,100,121755,8.38,men killed,4.79,11,15,192.73,336.5,412.7,455.21,1,0,86,37
kill,member,kill member,100,28750,6.35,members were killed,3.07,5,15,208.76,325.3,372.4,397.51,1,0,86,10
kill,militant,kill militant,100,14094,6.66,militants were killed,2.62,1,15,55.418,100.78,132.07,151.84,1,0,86,2
kill,million,kill million,100,17623,6.78,killed millions,2.9,2,15,119.76,176.86,200.46,214.45,1,0,86,7
kill,monster,kill monster,100,15095,6.65,killing monsters,3.72,5,15,80.382,142.02,178.1,200.01,1,0,86,4
kill,mother,kill mother,100,19798,6.79,killed his mother,4.6,5,15,162.74,310.26,406.93,475.05,1,0,86,3
kill,number,kill number,100,17730,5.24,number killed,3.3,11,15,198.05,280.36,322.92,351.63,1,0,86,36
kill,officer,kill officer,100,28098,7.23,officers were killed,4.8,4,15,200.25,288.09,326.95,352.01,1,0,86,3
kill,opponent,kill opponent,100,7399,5.58,kill your opponent,3.52,2,15,176.66,283.87,330.83,357.57,1,0,86,12
kill,other,kill other,100,15984,6.16,kill others,2.04,0,15,236.43,340.08,398.13,427.98,1,0,86,7
kill,parent,kill parent,100,14874,6.29,parents were killed,4.56,2,15,212.98,299.5,336.44,360.16,1,0,86,2
kill,passenger,kill passenger,100,9943,6.03,passengers were killed,4.34,1,15,120.42,179.86,211.59,227.38,1,0,86,3
kill,patient,kill patient,100,7785,5.19,kill the patient,2.5,2,15,172.08,268.96,310.03,331.75,1,0,86,3
kill,people,kill people,100,413648,9.2,people were killed,4.82,4,15,190.25,264.24,315.17,343.14,1,0,86,39
kill,person,kill person,100,51957,7.54,persons were killed,4.72,3,15,154.72,265.14,314.69,341.74,1,0,86,9
kill,personnel,kill personnel,100,7902,5.72,personnel were killed,3.56,2,15,127.82,187.78,210.85,224.05,1,0,86,1
kill,pilot,kill pilot,100,8905,5.89,killing the pilot,4.67,6,15,141.09,197.69,218.75,231.97,1,0,86,1
kill,plant,kill plant,100,11405,5.86,kill plants,4.76,4,15,229.53,338.39,377.64,397.49,1,0,86,10
kill,player,kill player,100,7992,4.95,kill the player,4.15,5,15,226.69,338.56,382.77,407.1,1,0,86,13
kill,policeman,kill policeman,100,9422,6.07,policemen were killed,4.93,1,15,92.2,135.01,153.67,165.45,1,0,86,1
kill,process,kill process,100,9791,4.87,kill the process,2.93,6,15,219.57,309.68,362.4,391.04,1,0,86,24
kill,sister,kill sister,100,6598,5.41,sister was killed,4.0,4,15,150.2,278.11,362.99,431.75,1,0,86,1
kill,soldier,kill soldier,100,64374,8.61,soldiers were killed,4.72,2,15,146.17,236.65,278.07,301.43,1,0,86,5
kill,son,kill son,100,23348,6.92,son was killed,4.14,2,15,228.66,394.2,528.46,617.55,1,0,86,3
kill,spree,kill spree,100,13155,6.57,on a killing spree,2.92,1,15,48.121,77.052,88.741,95.668,1,0,86,1
kill,student,kill student,100,11455,5.02,students were killed,4.92,2,15,154.13,250.84,295.3,323.45,1,0,86,8
kill,ten,kill ten,100,6685,5.53,killed tens of thousands,3.39,2,15,53.494,75.006,84.582,89.905,1,0,86,1
kill,terrorist,kill terrorist,100,12715,6.45,terrorists were killed,3.64,1,15,85.007,132.96,160.49,178.63,1,0,86,4
kill,thing,kill thing,100,11269,4.13,kill things,3.17,12,15,143.55,268.8,339.04,370.97,1,0,86,51
kill,thousand,kill thousand,100,26986,7.32,killed thousands,3.08,1,15,70.573,185.93,249.9,283.4,1,0,86,5
kill,time,kill time,100,30145,5.1,kill time,3.07,10,15,273.83,408.51,469.17,512.74,1,0,86,50
kill,tree,kill tree,100,11345,5.92,kill the tree,5.0,3,15,191.1,292.07,341.58,367.12,1,0,86,9
kill,troop,kill troop,100,11242,6.14,troops killed,4.34,4,15,43.961,69.395,84.425,94.045,1,0,86,6
kill,victim,kill victim,100,18094,6.66,victims killed,3.59,2,15,144.96,233.01,264.82,282.56,1,0,86,6
kill,virus,kill virus,100,8890,5.83,kill the virus,3.48,3,15,98.597,163.57,194.16,213.12,1,0,86,9
kill,wife,kill wife,100,22772,7.04,killed his wife,4.13,1,15,151.21,301.64,415.57,502.75,1,0,86,3
kill,wolf,kill wolf,100,9929,6.11,kill wolves,4.79,5,15,104.85,154.28,178.89,191.69,1,0,86,1
kill,woman,kill woman,100,44895,7.28,woman was killed,4.46,4,15,176.89,278.3,349.75,390.06,1,0,86,19
kill,worker,kill worker,100,17729,6.55,workers were killed,4.59,4,15,147.64,231.75,263.71,283.01,1,0,86,4
land,account,land account,100,821,3.17,land the account,3.08,10,7,210.91,294.5,321.83,335.52,1,0,92,9
land,agent,land agent,100,1183,4.46,land an agent,3.61,6,7,197.47,271.14,298.75,314.21,1,0,92,3
land,aircraft,land aircraft,100,3440,6.63,land the aircraft,4.4,1,7,122.37,210.77,258.79,289.1,1,0,92,2
land,airplane,land airplane,100,1192,5.97,land the airplane,4.96,1,7,77.584,125.24,152.76,169.79,1,0,92,2
land,army,land army,100,776,4.36,landed an army,4.7,3,7,127.38,213.56,259.99,294.17,1,0,92,8
land,attack,land attack,100,1099,3.93,land an attack,3.71,9,7,172.82,287.0,339.01,372.67,1,0,92,14
land,ball,land ball,100,1066,3.86,land the ball,5.0,12,7,152.85,224.94,253.8,268.96,1,0,92,26
land,bass,land bass,100,837,5.34,land a bass,4.31,8,7,102.32,185.37,230.96,263.88,1,0,92,2
land,blow,land blow,100,7514,8.2,land a blow,3.74,7,7,121.11,168.6,186.18,195.0,1,0,92,3
land,boat,land boat,100,809,4.19,land a boat,4.93,2,7,139.06,231.66,280.03,308.1,1,0,92,11
land,career,land career,100,768,3.29,land a career,2.54,2,7,185.6,286.27,327.76,349.0,1,0,92,10
land,catch,land catch,100,1362,6.01,land their catch,4.11,10,7,73.649,105.44,122.45,133.98,1,0,92,2
land,change,land change,100,986,2.16,to land use change,2.89,10,7,169.83,260.43,300.98,324.77,1,0,92,14
land,client,land client,100,2302,5.0,land clients,3.9,3,7,115.13,202.44,243.7,267.64,1,0,92,4
land,combination,land combination,100,1282,4.74,landed a combination,2.86,7,7,204.59,304.85,362.25,394.28,1,0,92,2
land,combo,land combo,100,1176,6.01,lands a combo,3.37,1,7,57.99,83.876,93.897,99.289,1,0,92,3
land,company,land company,100,724,1.73,landed the company,4.11,9,7,158.09,282.67,333.64,366.19,1,0,92,17
land,contract,land contract,100,5574,6.35,landed a contract,4.15,3,7,157.64,239.45,272.05,289.2,1,0,92,6
land,couple,land couple,100,2072,4.64,landed a couple of,3.93,5,7,182.09,258.84,294.35,314.51,1,0,92,8
land,craft,land craft,100,745,5.01,land the craft,3.48,5,7,123.99,177.49,198.28,213.21,1,0,92,2
land,day,land day,100,1608,2.38,landed that day,3.92,10,7,202.17,322.8,424.94,489.25,1,0,92,31
land,deal,land deal,100,6961,6.0,landed a deal,3.1,9,7,162.55,254.97,291.8,311.14,1,0,92,10
land,elbow,land elbow,100,1238,6.11,lands an elbow,5.0,5,7,45.743,89.958,127.14,148.77,1,0,92,3
land,fish,land fish,100,8285,7.5,land the fish,5.0,4,7,164.99,237.0,271.35,292.14,1,0,92,9
land,foot,land foot,100,3203,5.38,landed a few feet,4.9,11,7,236.46,337.5,383.01,409.62,1,0,92,23
land,force,land force,100,2632,4.74,forces landed,3.0,10,7,126.65,244.96,289.46,319.69,1,0,92,11
land,gig,land gig,100,5309,8.02,landed a gig,2.89,6,7,108.8,160.34,182.19,195.06,1,0,92,1
land,hand,land hand,100,4090,4.7,lands a right hand,4.72,14,7,269.2,382.64,427.86,454.46,1,0,92,33
land,head,land head,100,838,2.73,land heads,4.75,33,7,299.95,421.51,474.88,503.64,1,0,92,28
land,helicopter,land helicopter,100,1746,6.49,land a helicopter,4.62,1,7,82.526,137.07,163.02,180.72,1,0,92,2
land,hit,land hit,100,4493,6.66,land a hit,4.11,7,7,143.98,218.39,250.05,265.94,1,0,92,2
land,hook,land hook,100,2136,6.57,lands a hook,4.79,8,7,97.858,145.13,163.73,175.13,1,0,92,4
land,human,land human,100,703,4.36,to land humans on the,4.93,1,7,129.22,183.31,206.36,222.32,1,0,92,2
land,internship,land internship,100,3183,7.31,landed an internship,3.0,1,7,40.466,65.237,76.69,82.996,1,0,92,2
land,interview,land interview,100,3387,6.11,land an interview,3.36,2,7,185.62,292.89,334.3,353.79,1,0,92,3
land,jab,land jab,100,1501,6.5,lands a jab,4.11,3,7,35.441,61.188,70.429,76.352,1,0,92,1
land,jet,land jet,100,706,5.12,land the jet,4.77,6,7,121.14,180.46,208.06,222.15,1,0,92,2
land,job,land job,100,47741,7.81,landed a job,3.19,13,7,150.01,217.49,243.64,255.31,1,0,92,8
land,jump,land jump,100,1702,6.19,landing a jump,4.52,6,7,95.76,139.72,157.58,167.52,1,0,92,1
land,kick,land kick,100,4035,7.48,lands a kick,4.33,6,7,78.956,125.28,150.98,169.82,1,0,92,2
land,knee,land knee,100,1628,6.14,lands a knee,5.0,3,7,71.134,127.72,169.11,201.61,1,0,92,10
land,left,land left,100,786,5.21,lands a left,3.7,5,7,174.61,259.5,301.2,323.32,1,0,92,1
land,lot,land lot,100,727,0.84,landed a lot,3.7,7,7,144.92,243.93,294.05,322.54,1,0,92,34
land,man,land man,100,5056,4.38,land a man,4.79,11,7,192.73,336.5,412.7,455.21,1,0,92,37
land,mile,land mile,100,1388,4.43,landed a few miles,3.63,8,7,139.01,269.39,338.98,374.99,1,0,92,5
land,minute,land minute,100,908,3.47,landed a few minutes,3.04,6,7,175.94,339.53,403.99,438.57,1,0,92,5
land,nomination,land nomination,100,990,5.25,landed a nomination,2.85,3,7,88.092,142.21,163.08,173.25,1,0,92,1
land,number,land number,100,1408,2.03,landed a number,3.3,11,7,198.05,280.36,322.92,351.63,1,0,92,36
land,opportunity,land opportunity,100,998,2.18,landed the opportunity,1.88,1,7,136.89,208.1,236.58,250.98,1,0,92,10
land,owner,land owner,100,835,3.95,to land owners,3.78,2,7,232.9,325.65,358.77,378.1,1,0,92,1
land,ownership,land ownership,100,1098,5.37,to land ownership,2.42,3,7,129.4,187.39,210.78,221.9,1,0,92,1
land,part,land part,100,2846,2.62,landed the part,3.29,12,7,237.04,382.12,430.05,454.33,1,0,92,30
land,party,land party,100,773,3.02,landed a party,3.89,5,7,161.4,244.31,287.75,312.33,1,0,92,10
land,passenger,land passenger,100,931,4.98,passengers were landed,4.34,1,7,120.42,179.86,211.59,227.38,1,0,92,3
land,people,land people,100,1353,1.23,land people,4.82,4,7,190.25,264.24,315.17,343.14,1,0,92,39
land,pick,land pick,100,957,5.12,land the top pick,3.82,9,7,93.548,135.04,153.41,167.49,1,0,92,2
land,place,land place,100,1048,1.6,landed a place,3.48,16,7,235.9,337.1,371.44,386.77,1,0,92,13
land,plane,land plane,100,6422,7.62,land the plane,4.92,5,7,122.19,203.02,246.61,272.63,1,0,92,5
land,player,land player,100,2298,4.08,land a player,4.15,5,7,226.69,338.56,382.77,407.1,1,0,92,13
land,point,land point,100,848,1.7,landed a point,3.39,26,7,249.95,349.67,391.1,417.02,1,0,92,21
land,position,land position,100,6148,5.51,landed a position,2.62,16,7,229.38,325.34,362.4,380.34,1,0,92,11
land,probe,land probe,100,722,5.15,land a probe,3.62,4,7,107.69,156.42,173.07,181.39,1,0,92,2
land,project,land project,100,1337,2.82,landed a project,3.62,2,7,170.17,284.97,344.87,374.52,1,0,92,19
land,property,land property,100,962,3.01,landed property,3.9,5,7,209.32,300.52,334.86,350.85,1,0,92,6
land,punch,land punch,100,9338,8.76,land a punch,4.39,3,7,72.308,100.35,113.38,121.24,1,0,92,3
land,reform,land reform,100,753,4.6,to land reform,2.0,3,7,139.96,196.16,218.9,231.34,1,0,92,2
land,right,land right,100,4483,4.51,land right,3.47,8,7,191.92,277.76,311.67,326.78,1,0,92,7
land,rocket,land rocket,100,975,5.53,rockets landed,4.73,5,7,68.524,116.85,141.89,155.92,1,0,92,3
land,role,land role,100,20213,6.75,landed the role,2.19,4,7,246.23,352.95,394.79,417.68,1,0,92,6
land,rover,land rover,100,1212,6.26,land a rover,3.9,2,7,60.548,87.158,103.08,115.85,1,0,92,1
land,salmon,land salmon,100,887,5.55,salmon were landed,4.81,4,7,80.037,118.89,146.05,164.95,1,0,92,2
land,series,land series,100,1654,3.95,lands a series of,2.92,7,7,235.62,353.57,397.71,420.71,1,0,92,11
land,ship,land ship,100,1473,4.74,land the ship,4.87,1,7,128.34,250.17,304.84,346.07,1,0,92,15
land,shot,land shot,100,7007,6.57,land a shot,4.44,17,7,163.26,250.01,288.05,309.59,1,0,92,10
land,show,land show,100,856,3.1,landed her own show,3.97,4,7,226.11,322.61,364.16,391.95,1,0,92,8
land,spacecraft,land spacecraft,100,1128,6.04,land a spacecraft,4.8,1,7,73.586,109.73,128.81,139.7,1,0,92,3
land,spot,land spot,100,4740,6.22,landed a spot,4.21,14,7,189.76,265.56,289.52,300.88,1,0,92,3
land,star,land star,100,801,3.96,land a star,4.69,8,7,232.29,333.61,372.01,391.88,1,0,92,3
land,strike,land strike,100,2228,6.35,land strikes,4.07,6,7,121.41,189.04,221.03,238.98,1,0,92,5
land,team,land team,100,719,1.91,landed the team,3.79,2,7,204.37,328.15,369.37,388.62,1,0,92,22
land,time,land time,100,1626,1.1,Land That Time,3.07,10,7,273.83,408.51,469.17,512.74,1,0,92,50
land,title,land title,100,1064,3.64,land titles,3.32,10,7,204.83,284.61,311.28,324.35,1,0,92,10
land,trick,land trick,100,849,4.69,land a trick,3.36,7,7,80.826,123.94,141.84,151.59,1,0,92,1
land,troop,land troop,100,5150,7.15,land troops,4.34,4,7,43.961,69.395,84.425,94.045,1,0,92,6
land,trout,land trout,100,1099,6.03,landed a trout,4.72,2,7,50.011,80.78,101.09,114.87,1,0,92,2
land,uppercut,land uppercut,100,1153,6.27,lands an uppercut,4.04,1,7,17.29,25.968,29.942,32.599,1,0,92,1
land,use,land use,100,3460,4.41,to land use and,2.78,7,7,280.86,395.0,441.41,469.21,1,0,92,6
land,vehicle,land vehicle,100,714,3.19,land a vehicle,4.64,4,7,135.77,243.43,288.48,318.05,1,0,92,14
land,way,land way,100,1023,0.83,landed way,2.34,12,7,244.04,355.4,397.34,421.07,1,0,92,38
land,win,land win,100,778,4.31,land a win,2.67,2,7,115.99,164.48,188.7,203.28,1,0,92,5
land,work,land work,100,910,1.42,landed work,3.48,7,7,272.87,386.54,424.55,447.82,1,0,92,22
land,yard,land yard,100,867,4.7,landed a few yards,4.82,9,7,186.63,258.57,282.88,295.41,1,0,92,1
launch,action,launch action,100,6907,4.88,launched legal action,2.86,10,6,202.3,294.93,326.83,343.62,1,0,95,13
launch,app,launch app,100,19665,7.14,launch apps,3.86,0,6,62.084,92.099,106.89,115.09,1,0,95,4
launch,appeal,launch appeal,100,9799,6.22,launched an appeal,1.73,4,6,124.22,197.63,225.11,240.96,1,0,95,1
launch,application,launch application,100,20916,6.51,launch the application,3.4,7,6,197.63,277.64,315.37,336.82,1,0,95,8
launch,assault,launch assault,100,13752,6.91,launched an assault,3.41,4,6,124.83,201.11,232.33,250.5,1,0,95,2
launch,attack,launch attack,100,101634,9.28,launched an attack,3.71,9,6,172.82,287.0,339.01,372.67,1,0,95,14
launch,bid,launch bid,100,6554,5.79,launched a bid,2.71,4,6,167.31,244.08,272.4,286.71,1,0,95,2
launch,blog,launch blog,100,6467,5.58,launched a blog,3.92,1,6,105.16,153.9,175.24,187.39,1,0,95,2
launch,boat,launch boat,100,10784,6.31,boat was launched,4.93,2,6,139.06,231.66,280.03,308.1,1,0,95,11
launch,book,launch book,100,11269,5.2,book was launched,4.9,11,6,222.59,338.67,394.89,426.22,1,0,95,15
launch,brand,launch brand,100,22901,7.2,launched a brand,3.29,6,6,213.35,303.78,337.55,355.34,1,0,95,4
launch,browser,launch browser,100,6343,5.75,"device , just launch the internet browser from your device",4.26,2,6,80.55,121.68,140.14,152.04,1,0,95,3
launch,business,launch business,100,23341,6.41,launch a business,3.28,9,6,153.74,238.14,275.17,295.29,1,0,95,18
launch,call,launch call,100,6450,5.15,launched a call,4.0,13,6,152.06,232.35,267.04,285.41,1,0,95,6
launch,campaign,launch campaign,100,143215,9.85,launched a campaign,3.0,4,6,234.82,326.5,365.57,390.31,1,0,95,8
launch,car,launch car,100,6388,4.79,car was launched,4.89,5,6,146.58,271.86,328.14,362.93,1,0,95,26
launch,career,launch career,100,42542,7.97,launched his career,2.54,2,6,185.6,286.27,327.76,349.0,1,0,95,10
launch,challenge,launch challenge,100,5773,4.8,launched a legal challenge,2.11,5,6,158.7,224.89,250.88,263.63,1,0,95,9
launch,channel,launch channel,100,10841,6.33,channel launched,4.18,8,6,188.91,282.84,327.34,352.24,1,0,95,3
launch,collection,launch collection,100,11547,6.12,launched a collection,4.04,4,6,205.96,301.06,341.35,364.34,1,0,95,3
launch,company,launch company,100,19868,6.0,company launched,4.11,9,6,158.09,282.67,333.64,366.19,1,0,95,17
launch,competition,launch competition,100,8599,5.92,launched a competition,3.86,4,6,146.29,235.72,281.35,307.68,1,0,95,7
launch,consultation,launch consultation,100,9952,6.44,launched a consultation,2.19,3,6,152.38,215.24,241.34,257.46,1,0,95,1
launch,course,launch course,100,6038,4.84,course was launched,3.82,9,6,233.75,333.69,371.1,395.72,1,0,95,6
launch,day,launch day,100,6287,3.97,launch day,3.92,10,6,202.17,322.8,424.94,489.25,1,0,95,31
launch,device,launch device,100,7471,5.3,launch the device,3.97,5,6,184.14,273.74,314.56,337.87,1,0,95,10
launch,drive,launch drive,100,8029,5.85,launched a drive,3.86,12,6,230.27,322.71,352.72,367.84,1,0,95,8
launch,edition,launch edition,100,8809,6.11,edition was launched,3.21,4,6,175.56,250.91,285.29,302.5,1,0,95,1
launch,effort,launch effort,100,14887,6.09,launched an effort,2.33,4,6,200.2,307.62,348.88,374.91,1,0,95,16
launch,event,launch event,100,7104,4.72,launching event,2.69,4,6,226.3,317.53,360.62,385.59,1,0,95,19
launch,feature,launch feature,100,7365,5.12,launched a new feature,2.96,6,6,224.82,325.48,365.88,386.04,1,0,95,9
launch,flight,launch flight,100,8335,5.97,launched flights,3.9,9,6,182.89,267.28,302.48,324.32,1,0,95,3
launch,fund,launch fund,100,9963,5.83,fund launched,3.18,3,6,147.28,207.45,229.19,247.48,1,0,95,8
launch,game,launch game,100,19018,5.69,launch the game,4.5,11,6,197.97,310.04,362.54,399.13,1,0,95,35
launch,group,launch group,100,5962,4.47,group launched,4.12,3,6,225.61,346.48,394.01,420.34,1,0,95,12
launch,initiative,launch initiative,100,46760,8.38,initiative launched,2.03,2,6,160.3,243.1,285.97,307.28,1,0,95,3
launch,inquiry,launch inquiry,100,6802,5.87,launched an inquiry,2.7,3,6,110.56,166.85,188.85,200.4,1,0,95,2
launch,invasion,launch invasion,100,7676,6.1,launched an invasion,3.65,3,6,129.41,204.55,236.54,260.9,1,0,95,1
launch,investigation,launch investigation,100,43937,8.33,launched an investigation,2.52,2,6,158.8,242.01,274.61,294.4,1,0,95,6
launch,label,launch label,100,5825,5.51,label launched,4.46,4,6,152.77,246.72,285.4,306.92,1,0,95,4
launch,line,launch line,100,19765,6.23,launched a line,4.5,30,6,253.42,357.41,397.32,421.22,1,0,95,42
launch,magazine,launch magazine,100,5758,5.56,magazine was launched,5.0,6,6,163.47,246.54,290.03,314.53,1,0,95,2
launch,missile,launch missile,100,24482,7.75,missiles launched,4.83,2,6,66.534,115.54,138.73,155.02,1,0,95,2
launch,mission,launch mission,100,9198,6.04,mission launched,2.9,5,6,169.93,249.42,281.6,298.22,1,0,95,3
launch,model,launch model,100,12243,5.67,model was launched,4.53,9,6,257.89,360.86,399.17,421.43,1,0,95,10
launch,movement,launch movement,100,9183,5.81,movement launched,3.63,11,6,228.82,319.09,350.45,367.29,1,0,95,13
launch,network,launch network,100,9846,5.9,network launched,3.2,5,6,205.05,307.08,346.49,368.3,1,0,95,7
launch,number,launch number,100,6404,3.87,launched a number of,3.3,11,6,198.05,280.36,322.92,351.63,1,0,95,36
launch,offensive,launch offensive,100,18117,7.37,launched an offensive,2.1,1,6,96.182,137.3,157.94,176.73,1,0,95,1
launch,operation,launch operation,100,25235,7.1,operation was launched,3.44,11,6,217.49,319.97,355.82,373.8,1,0,95,5
launch,pad,launch pad,100,14612,6.98,a launching pad for,4.43,7,6,99.142,141.18,162.01,174.11,1,0,95,3
launch,page,launch page,100,5728,4.66,launched a Facebook page,4.9,6,6,188.45,271.09,309.07,332.21,1,0,95,11
launch,partnership,launch partnership,100,6423,5.62,launched a partnership,2.82,3,6,168.4,260.8,306.07,330.05,1,0,95,5
launch,petition,launch petition,100,7632,5.96,launched a petition,4.12,2,6,89.006,130.94,147.21,157.35,1,0,95,1
launch,phase,launch phase,100,6044,5.59,launched the first phase,2.46,4,6,157.81,249.05,277.48,291.92,1,0,95,2
launch,phone,launch phone,100,6663,5.49,phone was launched,4.86,3,6,132.03,200.44,232.92,254.36,1,0,95,8
launch,plan,launch plan,100,12386,5.54,launched a plan,3.4,3,6,144.41,259.22,311.43,339.79,1,0,95,17
launch,platform,launch platform,100,22313,7.11,platform launched,4.48,5,6,199.05,273.14,300.85,316.83,1,0,95,4
launch,point,launch point,100,6817,4.27,launching point for,3.39,26,6,249.95,349.67,391.1,417.02,1,0,95,21
launch,probe,launch probe,100,8414,6.24,launched a probe,3.62,4,6,107.69,156.42,173.07,181.39,1,0,95,2
launch,process,launch process,100,10792,5.15,process launched,2.93,6,6,219.57,309.68,362.4,391.04,1,0,95,24
launch,product,launch product,100,52020,7.45,launch new products,4.17,6,6,227.73,323.72,365.31,390.22,1,0,95,15
launch,program,launch program,100,84669,8.04,program launched,3.43,8,6,175.08,280.8,337.3,363.32,1,0,95,15
launch,project,launch project,100,56953,7.67,project was launched,3.62,2,6,170.17,284.97,344.87,374.52,1,0,95,19
launch,raid,launch raid,100,6405,5.86,launched a raid,2.88,2,6,108.32,164.07,199.8,223.84,1,0,95,1
launch,range,launch range,100,15861,6.25,launched a range,3.22,9,6,198.81,309.84,356.99,380.7,1,0,95,6
launch,report,launch report,100,9862,5.44,report launched,3.92,7,6,188.96,282.58,331.76,357.68,1,0,95,4
launch,review,launch review,100,5427,4.98,launched a review,2.81,10,6,167.85,241.36,271.15,290.09,1,0,95,2
launch,rocket,launch rocket,100,19277,7.42,launching rockets,4.73,5,6,68.524,116.85,141.89,155.92,1,0,95,3
launch,route,launch route,100,6641,5.48,routes launched,3.88,2,6,207.94,325.32,374.6,406.27,1,0,95,3
launch,satellite,launch satellite,100,23789,7.73,satellite launched,4.73,3,6,85.82,137.67,159.56,170.31,1,0,95,1
launch,scheme,launch scheme,100,15346,6.8,scheme was launched,2.41,5,6,168.96,256.65,299.24,325.92,1,0,95,4
launch,search,launch search,100,6823,5.64,launched a search,3.0,5,6,172.57,251.46,282.01,296.52,1,0,95,2
launch,series,launch series,100,39068,7.62,launched a series,2.92,7,6,235.62,353.57,397.71,420.71,1,0,95,11
launch,service,launch service,100,54328,7.15,service launched,2.21,15,6,200.41,284.58,315.39,332.94,1,0,95,18
launch,ship,launch ship,100,7995,5.78,ship was launched,4.87,1,6,128.34,250.17,304.84,346.07,1,0,95,15
launch,show,launch show,100,7399,5.27,show launched,3.97,4,6,226.11,322.61,364.16,391.95,1,0,95,8
launch,site,launch site,100,25754,6.69,site was launched,4.56,3,6,252.6,368.9,411.88,434.34,1,0,95,18
launch,smartphone,launch smartphone,100,9283,6.36,smartphone was launched,4.57,0,6,36.422,61.608,72.385,80.419,1,0,95,2
launch,solution,launch solution,100,7935,5.04,solution launched,2.61,5,6,187.76,265.14,296.6,314.05,1,0,95,7
launch,spacecraft,launch spacecraft,100,5628,5.7,spacecraft launched,4.8,1,6,73.586,109.73,128.81,139.7,1,0,95,3
launch,store,launch store,100,6882,5.6,launched an online store,4.5,4,6,136.84,239.74,294.45,326.11,1,0,95,4
launch,strategy,launch strategy,100,7210,5.24,strategy launched,1.93,2,6,159.33,237.03,280.72,303.86,1,0,95,8
launch,strike,launch strike,100,17300,7.19,launched air strikes,4.07,6,6,121.41,189.04,221.03,238.98,1,0,95,5
launch,study,launch study,100,8345,5.26,launched a study,3.7,10,6,170.51,280.01,333.13,360.44,1,0,95,5
launch,survey,launch survey,100,6476,5.59,launched a survey,4.08,3,6,151.76,223.58,251.5,268.1,1,0,95,1
launch,system,launch system,100,14083,5.04,system was launched,2.94,9,6,223.61,330.78,374.49,401.55,1,0,95,36
launch,tool,launch tool,100,8763,5.26,launched a new tool,4.6,4,6,195.29,277.16,313.4,337.24,1,0,95,8
launch,vehicle,launch vehicle,100,5711,5.07,launch vehicles,4.64,4,6,135.77,243.43,288.48,318.05,1,0,95,14
launch,venture,launch venture,100,6703,5.89,launched a joint venture,2.6,3,6,148.29,204.08,222.52,232.9,1,0,95,1
launch,version,launch version,100,22946,6.61,launched a new version,1.7,6,6,263.55,386.28,441.13,471.77,1,0,95,10
launch,war,launch war,100,18230,6.82,launch a war,3.63,4,6,185.71,287.06,333.51,366.33,1,0,95,8
launch,website,launch website,100,44320,7.92,launched a new website,4.52,1,6,206.72,309.87,359.6,387.71,1,0,95,6
launch,week,launch week,100,18605,6.34,launched this week,3.48,3,6,117.72,290.99,387.43,468.98,1,0,95,7
launch,year,launch year,100,55098,6.71,launched last year,3.25,4,6,119.49,308.84,424.66,500.24,1,0,95,26
launder,amount,launder amount,100,219,0.61,launder large amounts,2.74,4,2,171.9,263.47,299.86,323.81,1,0,23,19
launder,billion,launder billion,100,580,5.33,launder billions,3.79,3,2,62.198,88.487,97.629,103.01,1,0,23,3
launder,cash,launder cash,100,585,4.74,laundered cash,4.48,3,2,91.656,133.39,152.14,164.96,1,0,23,3
launder,clothing,launder clothing,100,557,5.64,laundered clothing,4.43,1,2,87.341,160.95,193.73,214.57,1,0,23,1
launder,contribution,launder contribution,100,195,2.23,laundering campaign contributions,2.41,5,2,183.91,266.07,300.03,315.5,1,0,23,2
launder,dollar,launder dollar,100,258,3.26,dollars are laundered,4.93,4,2,87.287,142.98,187.37,227.38,1,0,23,6
launder,fund,launder fund,100,1627,4.55,launder funds,3.18,3,2,147.28,207.45,229.19,247.48,1,0,23,8
launder,gain,launder gain,100,189,3.11,launder their ill-gotten gains,2.24,4,2,108.77,163.43,190.53,207.89,1,0,23,3
launder,garment,launder garment,100,201,5.23,laundered garments,4.78,1,2,78.546,112.22,132.23,146.26,1,0,23,2
launder,image,launder image,100,148,0.14,launder the image,3.85,9,2,179.93,316.21,370.25,403.89,1,0,23,21
launder,item,launder item,100,313,1.59,laundered items,4.41,5,2,197.78,301.7,343.31,365.49,1,0,23,15
launder,linen,launder linen,100,428,7.4,laundered linen,4.8,3,2,59.401,92.723,107.34,115.67,1,0,23,2
launder,million,launder million,100,539,4.49,launder millions,2.9,2,2,119.76,176.86,200.46,214.45,1,0,23,7
launder,money,launder money,100,13271,6.0,to launder money,4.54,3,2,103.44,164.62,189.47,205.68,1,0,23,15
launder,payment,launder payment,100,156,1.57,laundered payments,3.91,3,2,96.859,166.16,199.73,223.52,1,0,23,5
launder,proceed,launder proceed,100,2246,8.77,launder the proceeds,2.55,0,2,10.527,14.823,16.289,17.013,1,0,23,1
launder,profit,launder profit,100,636,4.35,launder the profits,3.07,2,2,59.81,135.58,177.33,201.82,1,0,23,9
launder,reputation,launder reputation,100,116,2.19,launder their reputations,1.64,3,2,181.29,254.1,285.24,303.63,1,0,23,6
launder,sheet,launder sheet,100,357,3.85,freshly laundered sheets,4.93,8,2,140.04,200.46,227.33,241.42,1,0,23,5
launder,shirt,launder shirt,100,338,4.56,laundered shirt,4.94,1,2,63.004,115.26,151.37,188.05,1,0,23,2
launder,sum,launder sum,100,203,3.71,launder large sums,2.89,6,2,124.46,173.3,193.92,205.28,1,0,23,2
launder,towel,launder towel,100,346,5.81,laundered towels,4.86,1,2,56.372,89.458,106.92,118.06,1,0,23,2
launder,uniform,launder uniform,100,242,4.84,laundered uniforms,4.67,1,2,104.95,144.31,164.32,182.62,1,0,23,1
leak,acid,leak acid,100,613,4.82,leaking acid,4.25,2,4,123.17,180.16,207.84,225.52,1,0,83,3
leak,address,leak address,100,609,3.48,leaked email addresses,3.89,8,4,133.62,193.45,219.57,233.25,1,0,83,3
leak,air,leak air,100,1791,5.34,leaking air,4.11,9,4,153.36,215.5,239.69,254.08,1,0,83,13
leak,album,leak album,100,733,3.56,album was leaked,4.69,2,4,199.17,316.04,376.82,418.8,1,0,83,4
leak,amount,leak amount,100,1152,2.92,leak small amounts,2.74,4,4,171.9,263.47,299.86,323.81,1,0,83,19
leak,bit,leak bit,100,1745,2.96,leaking a bit,3.27,11,4,192.43,300.42,350.38,380.06,1,0,83,29
leak,blood,leak blood,100,1408,5.27,leaking blood,4.86,5,4,132.86,194.1,218.83,232.67,1,0,83,9
leak,cable,leak cable,100,2498,6.48,leaked cables,4.74,6,4,115.74,172.2,198.15,212.99,1,0,83,4
leak,chemical,leak chemical,100,691,4.89,leaking chemicals,3.86,1,4,114.0,164.19,185.15,199.78,1,0,83,5
leak,code,leak code,100,833,3.05,leaked code,3.0,3,4,138.61,222.28,254.59,273.05,1,0,83,9
leak,content,leak content,100,1048,3.32,leaked content,2.59,7,4,164.92,250.07,280.91,297.3,1,0,83,17
leak,conversation,leak conversation,100,878,4.11,leaked conversation,3.28,1,4,166.81,255.38,299.17,324.56,1,0,83,11
leak,coolant,leak coolant,100,936,6.46,leaking coolant,4.25,1,4,26.088,45.675,55.296,61.145,1,0,83,1
leak,copy,leak copy,100,1421,4.19,a leaked copy of,3.9,4,4,154.08,222.55,246.42,258.47,1,0,83,2
leak,credential,leak credential,100,558,4.96,leaked credentials,2.88,1,4,25.816,37.251,41.364,43.475,1,0,83,1
leak,database,leak database,100,680,4.21,leaked database,4.0,1,4,134.24,214.17,245.0,263.26,1,0,83,1
leak,detail,leak detail,100,4218,5.49,leaked details,2.5,5,4,181.66,257.54,289.87,309.11,1,0,83,10
leak,document,leak document,100,21783,8.0,leaked documents,4.41,4,4,158.9,245.28,277.4,295.0,1,0,83,8
leak,draft,leak draft,100,1373,6.1,leaked draft of,3.15,11,4,90.865,128.51,140.49,146.15,1,0,83,2
leak,drop,leak drop,100,661,4.48,leak a drop,4.21,9,4,122.25,182.55,212.24,232.52,1,0,83,3
leak,email,leak email,100,6325,6.8,leaked emails,4.69,1,4,70.373,167.98,208.05,225.93,1,0,83,2
leak,faucet,leak faucet,100,730,6.08,a leaking faucet,4.48,1,4,22.898,34.749,39.633,43.002,1,0,83,1
leak,file,leak file,100,1941,3.81,leaked files,4.41,4,4,161.95,238.97,274.76,297.38,1,0,83,9
leak,fluid,leak fluid,100,4312,7.86,leaking fluid,4.73,2,4,107.21,168.71,197.48,212.55,1,0,83,4
leak,footage,leak footage,100,1547,6.19,leaked footage,3.42,2,4,102.35,161.17,187.24,200.89,1,0,83,3
leak,fuel,leak fuel,100,2228,6.27,leaking fuel,4.3,1,4,94.211,145.68,175.66,191.05,1,0,83,4
leak,gallon,leak gallon,100,528,5.24,gallons leaked,3.92,2,4,46.573,82.222,110.12,124.76,1,0,83,3
leak,gas,leak gas,100,2869,6.38,leaking gas,4.29,6,4,103.21,166.51,194.99,212.88,1,0,83,6
leak,gasket,leak gasket,100,762,6.01,leaking head gasket,4.44,1,4,26.977,39.045,45.392,49.788,1,0,83,1
leak,goal,leak goal,100,1040,3.07,leaking goals,3.06,4,4,186.1,266.96,303.41,324.86,1,0,83,6
leak,identity,leak identity,100,727,4.2,leaked the identity,2.0,4,4,150.51,209.73,235.52,249.54,1,0,83,5
leak,image,leak image,100,7240,5.66,leaked images,3.85,9,4,179.93,316.21,370.25,403.89,1,0,83,21
leak,info,leak info,100,2351,6.11,leaked info,2.39,1,4,95.9,151.66,171.27,181.4,1,0,83,3
leak,information,leak information,100,25777,6.16,leaked information,2.87,5,4,188.65,292.02,342.92,373.06,1,0,83,17
leak,letter,leak letter,100,1759,4.26,leaked letter,4.7,5,4,200.25,296.12,337.49,359.86,1,0,83,7
leak,line,leak line,100,794,2.25,leaking line,4.5,30,4,253.42,357.41,397.32,421.22,1,0,83,42
leak,list,leak list,100,1376,3.34,leaked list,4.43,2,4,182.17,265.47,300.93,321.78,1,0,83,9
leak,lot,leak lot,100,835,1.05,leak a lot,3.7,7,4,144.92,243.93,294.05,322.54,1,0,83,34
leak,material,leak material,100,2300,4.08,leaked material,4.26,5,4,225.35,316.51,351.27,369.43,1,0,83,25
leak,memo,leak memo,100,4701,8.42,leaked memo,4.25,1,4,62.655,102.48,122.41,134.39,1,0,83,1
leak,memory,leak memory,100,1932,5.07,leak memory,2.38,5,4,208.41,286.39,315.63,333.95,1,0,83,12
leak,message,leak message,100,859,2.83,leaked messages,3.97,2,4,175.56,250.41,284.71,304.77,1,0,83,13
leak,methane,leak methane,100,547,5.62,leaking methane,4.32,1,4,30.61,47.167,60.33,69.826,1,0,83,1
leak,name,leak name,100,1594,2.73,leaked the name,3.5,6,4,276.55,417.22,464.64,487.44,1,0,83,16
leak,news,leak news,100,2238,4.96,leaked the news,3.41,5,4,147.99,211.63,237.7,252.17,1,0,83,11
leak,number,leak number,100,622,0.87,leaked a number,3.3,11,4,198.05,280.36,322.92,351.63,1,0,83,36
leak,oil,leak oil,100,7320,7.14,leaking oil,4.93,4,4,116.09,174.9,208.49,229.11,1,0,83,13
leak,paper,leak paper,100,1577,4.27,leaked papers,4.93,7,4,155.17,242.42,275.37,290.75,1,0,83,8
leak,password,leak password,100,933,5.01,leaked passwords,3.83,1,4,56.943,87.481,103.63,113.39,1,0,83,4
leak,photo,leak photo,100,4732,5.7,leaked photos,4.93,1,4,102.55,203.45,258.19,285.53,1,0,83,8
leak,picture,leak picture,100,1756,3.89,leaked pictures,4.52,10,4,124.67,237.09,298.33,333.94,1,0,83,7
leak,pipe,leak pipe,100,3943,7.5,leaking pipes,4.88,5,4,109.14,163.13,193.31,210.85,1,0,83,5
leak,plan,leak plan,100,1290,2.93,leaked plans,3.4,3,4,144.41,259.22,311.43,339.79,1,0,83,17
leak,radiation,leak radiation,100,805,5.64,leaking radiation,3.43,7,4,88.77,128.72,149.25,160.97,1,0,83,2
leak,record,leak record,100,935,2.99,leaked records,4.15,8,4,188.53,270.23,302.1,318.6,1,0,83,14
leak,recording,leak recording,100,1144,5.31,leaked recording,3.68,3,4,157.5,230.31,271.59,298.24,1,0,83,2
leak,render,leak render,100,1229,6.87,leaked renders,2.14,1,4,11.496,16.259,17.792,18.514,1,0,83,1
leak,report,leak report,100,6180,5.56,leaked report,3.92,7,4,188.96,282.58,331.76,357.68,1,0,83,4
leak,roof,leak roof,100,4550,7.67,a leaking roof,4.79,4,4,145.78,227.18,265.61,294.6,1,0,83,2
leak,run,leak run,100,580,3.54,leaking runs,4.31,16,4,183.39,258.97,292.47,315.05,1,0,83,5
leak,screenshot,leak screenshot,100,991,5.99,leaked screenshots,4.65,0,4,32.37,52.158,61.358,66.443,1,0,83,2
leak,seal,leak seal,100,1150,5.95,leaking seals,4.63,9,4,117.79,164.47,180.72,188.16,1,0,83,3
leak,secret,leak secret,100,2790,6.35,leaking state secrets,2.19,3,4,106.43,149.86,166.24,174.76,1,0,83,7
leak,song,leak song,100,985,3.23,song was leaked,4.46,6,4,201.8,327.69,394.38,431.11,1,0,83,8
leak,specification,leak specification,100,671,5.0,leaked specifications,2.45,4,4,136.17,193.67,220.15,235.28,1,0,83,1
leak,story,leak story,100,2914,3.67,leaked the story,3.3,6,4,197.18,328.22,376.06,402.62,1,0,83,28
leak,stuff,leak stuff,100,661,3.2,leaking stuff,3.13,7,4,154.36,228.68,256.01,270.5,1,0,83,15
leak,system,leak system,100,630,0.94,leaking septic systems,2.94,9,4,223.61,330.78,374.49,401.55,1,0,83,36
leak,tank,leak tank,100,2311,6.19,leaking underground storage tanks,4.8,5,4,148.39,212.03,237.06,250.37,1,0,83,4
leak,tap,leak tap,100,1263,6.66,leaking taps,4.29,8,4,75.194,109.07,121.51,127.95,1,0,83,1
leak,tape,leak tape,100,1635,6.0,leaked tape,4.9,5,4,115.72,172.85,200.63,215.96,1,0,83,4
leak,tear,leak tear,100,585,4.77,tears leaked,4.56,4,4,76.006,120.53,139.78,151.99,1,0,83,5
leak,thing,leak thing,100,544,0.07,leak things,3.17,12,4,143.55,268.8,339.04,370.97,1,0,83,51
leak,time,leak time,100,903,0.26,leaked several times,3.07,10,4,273.83,408.51,469.17,512.74,1,0,83,50
leak,toilet,leak toilet,100,690,5.45,a leaking toilet,4.97,4,4,81.057,120.87,141.41,154.77,1,0,83,1
leak,track,leak track,100,625,3.16,leaked tracks,4.31,11,4,242.07,333.47,365.78,385.96,1,0,83,5
leak,urine,leak urine,100,1124,6.58,leaking urine,4.93,1,4,53.684,84.543,102.02,112.31,1,0,83,2
leak,valve,leak valve,100,1255,6.01,leaking valve,4.83,5,4,86.045,123.98,145.81,161.58,1,0,83,3
leak,version,leak version,100,1884,3.76,leaked version of,1.7,6,4,263.55,386.28,441.13,471.77,1,0,83,10
leak,video,leak video,100,4206,5.31,leaked video,4.67,4,4,147.3,222.06,256.29,276.31,1,0,83,7
leak,water,leak water,100,4877,5.21,leaking water,5.0,6,4,232.15,324.2,362.8,390.59,1,0,83,24
leak,window,leak window,100,562,3.06,leaking windows,4.86,8,4,140.8,244.66,291.16,317.16,1,0,83,15
leak,word,leak word,100,818,2.22,word leaked,3.56,10,4,247.83,371.55,418.36,446.17,1,0,83,25
level,accusation,level accusation,100,5449,8.84,accusations leveled,2.38,2,6,102.65,187.8,227.07,248.13,1,0,78,2
level,agent,level agent,100,459,3.36,leveling agent,3.61,6,6,197.47,271.14,298.75,314.21,1,0,78,3
level,allegation,level allegation,100,7065,8.57,allegations levelled,1.79,2,6,108.61,199.5,241.21,264.27,1,0,78,3
level,area,level area,100,1657,2.92,level the area,3.72,6,6,263.68,404.24,463.02,501.91,1,0,78,24
level,attack,level attack,100,886,3.81,attacks leveled,3.71,9,6,172.82,287.0,339.01,372.67,1,0,78,14
level,base,level base,100,457,3.18,leveling base,3.86,20,6,222.59,315.28,348.13,366.59,1,0,78,6
level,bed,level bed,100,455,4.02,level the bed,5.0,8,6,186.07,256.31,284.89,302.37,1,0,78,3
level,block,level block,100,957,4.56,levelling blocks,4.48,12,6,170.47,237.39,261.04,273.22,1,0,78,6
level,book,level book,100,738,1.84,leveled books,4.9,11,6,222.59,338.67,394.89,426.22,1,0,78,15
level,building,level building,100,1696,4.32,buildings were leveled,4.64,4,6,193.2,298.76,338.74,361.38,1,0,78,10
level,character,level character,100,2249,4.42,level your character,2.93,9,6,277.35,405.34,452.72,475.45,1,0,78,14
level,charge,level charge,100,9233,7.29,charges leveled,2.96,15,6,190.91,262.88,290.47,306.26,1,0,78,11
level,city,level city,100,1948,4.56,leveled the city,4.79,3,6,196.98,329.78,410.83,452.11,1,0,78,11
level,claim,level claim,100,415,2.42,claims leveled,2.96,6,6,178.94,264.63,304.05,329.59,1,0,78,5
level,class,level class,100,459,2.12,leveled classes,3.85,8,6,195.01,290.22,321.92,336.94,1,0,78,7
level,complaint,level complaint,100,849,4.49,complaints leveled,2.69,5,6,157.21,236.31,268.5,289.83,1,0,78,1
level,compound,level compound,100,542,4.89,levelling compound,3.03,3,6,170.21,240.39,272.02,289.03,1,0,78,3
level,course,level course,100,487,2.13,leveling courses,3.82,9,6,233.75,333.69,371.1,395.72,1,0,78,6
level,criticism,level criticism,100,8657,8.68,criticism leveled,2.07,3,6,167.94,235.76,272.3,294.25,1,0,78,6
level,critique,level critique,100,582,5.89,critiques leveled,2.55,2,6,121.54,168.48,185.21,194.31,1,0,78,1
level,device,level device,100,386,2.11,leveling device,3.97,5,6,184.14,273.74,314.56,337.87,1,0,78,10
level,difference,level difference,100,278,1.02,level the differences,2.15,5,6,172.12,284.43,350.04,390.67,1,0,78,6
level,eye,level eye,100,446,1.87,eyes leveled,4.9,5,6,206.15,312.42,361.23,392.48,1,0,78,19
level,field,level field,100,4459,5.91,level the field,4.26,17,6,244.0,344.01,383.08,400.82,1,0,78,12
level,fine,level fine,100,252,2.87,fines leveled,2.61,1,6,85.554,126.03,140.98,150.56,1,0,78,3
level,floor,level floor,100,869,4.84,level the floor,4.8,10,6,175.64,276.15,320.45,350.82,1,0,78,8
level,foot,level foot,100,881,3.7,leveling feet,4.9,11,6,236.46,337.5,383.01,409.62,1,0,78,23
level,forest,level forest,100,356,4.28,leveled forests,4.76,2,6,141.43,220.17,259.48,285.63,1,0,78,3
level,game,level game,100,2102,2.97,to level the game,4.5,11,6,197.97,310.04,362.54,399.13,1,0,78,35
level,gaze,level gaze,100,788,6.16,leveled his gaze,3.43,1,6,22.343,31.293,34.233,35.627,1,0,78,6
level,glare,level glare,100,421,5.86,leveled a glare,3.83,3,6,60.377,84.792,93.035,97.425,1,0,78,1
level,ground,level ground,100,2181,5.34,level the ground,4.77,11,6,207.06,291.84,324.49,350.64,1,0,78,13
level,gun,level gun,100,1346,5.01,leveled his gun,4.83,7,6,107.12,176.06,215.29,243.49,1,0,78,7
level,head,level head,100,257,1.13,level the head,4.75,33,6,299.95,421.51,474.88,503.64,1,0,78,28
level,hill,level hill,100,425,4.87,hill was leveled,4.93,5,6,232.59,333.23,375.38,401.6,1,0,78,1
level,home,level home,100,990,2.08,homes were leveled,4.11,9,6,239.73,352.55,396.94,419.06,1,0,78,14
level,house,level house,100,757,2.87,house was leveled,5.0,12,6,207.43,310.94,359.63,394.2,1,0,78,10
level,instrument,level instrument,100,320,3.21,levelling instrument,4.27,6,6,172.66,239.15,266.4,281.35,1,0,78,2
level,kit,level kit,100,551,4.39,leveling kit,4.47,3,6,125.2,185.78,211.09,223.9,1,0,78,1
level,land,level land,100,1112,3.93,level the land,4.57,11,6,211.49,302.04,339.59,359.75,1,0,78,10
level,line,level line,100,278,0.77,leveling lines,4.5,30,6,253.42,357.41,397.32,421.22,1,0,78,42
level,look,level look,100,282,1.15,leveled a look,2.96,4,6,229.76,328.99,365.8,383.58,1,0,78,7
level,machine,level machine,100,313,2.18,level the machine,4.25,6,6,162.99,247.75,283.25,305.85,1,0,78,14
level,match,level match,100,2313,5.61,to level the match,4.14,9,6,179.16,263.76,319.74,359.0,1,0,78,6
level,matter,level matter,100,924,3.34,levelled matters,3.54,6,6,187.88,297.05,343.44,366.56,1,0,78,3
level,minute,level minute,100,618,3.08,levelled two minutes,3.04,6,6,175.94,339.53,403.99,438.57,1,0,78,5
level,mountain,level mountain,100,575,5.03,level mountains,4.96,2,6,185.08,272.55,321.76,355.56,1,0,78,1
level,neighborhood,level neighborhood,100,284,4.17,leveled entire neighborhoods,4.75,4,6,134.93,235.16,272.92,295.06,1,0,78,2
level,pet,level pet,100,586,4.97,leveling pets,4.71,4,6,85.101,133.62,152.72,165.13,1,0,78,1
level,piece,level piece,100,264,1.23,leveled piece,4.14,13,6,236.3,331.62,361.88,377.98,1,0,78,26
level,pistol,level pistol,100,425,5.42,leveled his pistol,4.89,1,6,52.797,91.204,116.42,133.53,1,0,78,1
level,place,level place,100,433,0.37,level the place,3.48,16,6,235.9,337.1,371.44,386.77,1,0,78,13
level,rifle,level rifle,100,615,5.61,leveled his rifle,4.85,1,6,67.805,113.06,141.16,161.36,1,0,78,3
level,road,level road,100,313,2.64,level the road,4.75,2,6,236.91,405.38,498.87,551.42,1,0,78,9
level,sanction,level sanction,100,344,4.47,sanctions leveled,2.3,4,6,79.768,130.62,153.96,166.82,1,0,78,4
level,score,level score,100,7602,7.34,to level the scores,3.38,11,6,167.83,233.52,262.1,278.42,1,0,78,6
level,series,level series,100,1753,4.16,to level the series,2.92,7,6,235.62,353.57,397.71,420.71,1,0,78,11
level,set,level set,100,429,2.11,to level the set,3.41,13,6,195.14,287.11,323.46,341.74,1,0,78,8
level,side,level side,100,256,1.75,side levelled,3.68,12,6,242.69,366.37,436.59,477.44,1,0,78,25
level,site,level site,100,901,2.6,level the site,4.56,3,6,252.6,368.9,411.88,434.34,1,0,78,18
level,skill,level skill,100,1013,3.07,level 1 troubleshooting skills,2.17,2,6,158.2,237.46,270.14,289.39,1,0,78,10
level,soil,level soil,100,278,3.74,level the soil,4.87,4,6,153.97,228.07,261.15,280.98,1,0,78,6
level,structure,level structure,100,396,2.25,structures were leveled,4.03,5,6,243.93,343.97,379.8,400.18,1,0,78,8
level,surface,level surface,100,1098,4.89,level the surface,4.26,6,6,249.55,357.56,402.19,427.02,1,0,78,10
level,suspension,level suspension,100,261,4.3,self levelling suspension,3.17,7,6,115.48,164.39,183.05,192.48,1,0,78,2
level,system,level system,100,3187,3.29,leveling system,2.94,9,6,223.61,330.78,374.49,401.55,1,0,78,36
level,table,level table,100,295,2.33,level the table,4.9,6,6,177.55,263.95,299.17,317.47,1,0,78,6
level,thing,level thing,100,1297,1.34,levelled things up,3.17,12,6,143.55,268.8,339.04,370.97,1,0,78,51
level,threat,level threat,100,453,3.07,threats leveled,2.52,4,6,184.42,279.11,309.64,325.29,1,0,78,8
level,tie,level tie,100,715,4.96,to level the tie,4.81,9,6,169.49,246.42,275.49,292.55,1,0,78,5
level,top,level top,100,339,3.68,level the top,3.93,11,6,196.8,334.23,419.4,464.91,1,0,78,10
level,town,level town,100,680,3.89,leveled the town,4.64,4,6,167.37,359.75,445.5,497.25,1,0,78,7
level,tree,level tree,100,313,2.47,leveled trees,5.0,3,6,191.1,292.07,341.58,367.12,1,0,78,9
level,unit,level unit,100,583,2.82,leveled units,3.77,6,6,223.82,323.7,361.47,379.55,1,0,78,8
level,village,level village,100,417,3.69,villages were leveled,4.89,3,6,197.9,320.64,384.5,419.84,1,0,78,6
level,weapon,level weapon,100,863,4.17,leveled weapon,4.76,2,6,121.89,179.72,215.89,244.38,1,0,78,12
level,wing,level wing,100,337,3.94,level the wings,4.86,11,6,178.97,258.26,286.62,300.31,1,0,78,5
level,work,level work,100,504,0.61,levelling work,3.48,7,6,272.87,386.54,424.55,447.82,1,0,78,22
lift,arm,lift arm,100,15911,7.53,lifted his arms,4.96,6,24,180.22,255.25,290.97,315.14,1,0,96,21
lift,bag,lift bag,100,2701,5.21,lift the bag,4.9,9,24,145.54,219.91,255.08,276.69,1,0,96,15
lift,ball,lift ball,100,3755,5.3,lift the ball,5.0,12,24,152.85,224.94,253.8,268.96,1,0,96,26
lift,ban,lift ban,100,32844,9.42,lift the ban,2.37,5,24,108.72,169.3,203.52,222.15,1,0,96,3
lift,bar,lift bar,100,2410,5.1,lift the bar,4.67,15,24,175.66,275.99,320.38,342.98,1,0,96,7
lift,barrier,lift barrier,100,1708,4.82,lift barriers,4.41,3,24,128.97,196.07,218.23,228.6,1,0,96,7
lift,block,lift block,100,1757,4.63,lift the block,4.48,12,24,170.47,237.39,261.04,273.22,1,0,96,6
lift,blockade,lift blockade,100,3900,6.68,lift the blockade,4.25,2,24,68.62,99.43,113.52,122.12,1,0,96,1
lift,boat,lift boat,100,6294,6.58,tide lifts all boats,4.93,2,24,139.06,231.66,280.03,308.1,1,0,96,11
lift,body,lift body,100,6397,5.37,lift the body,4.79,11,24,237.41,335.77,373.18,393.77,1,0,96,40
lift,box,lift box,100,3089,5.13,lifting boxes,4.9,10,24,185.98,265.79,297.28,315.78,1,0,96,8
lift,brow,lift brow,100,1936,5.64,lifted a brow,4.39,3,24,49.479,78.913,90.301,97.942,1,0,96,1
lift,burden,lift burden,100,5231,6.53,lift the burden,2.63,4,24,94.297,136.15,154.02,164.4,1,0,96,3
lift,cap,lift cap,100,4545,6.44,lift the cap,4.59,9,24,101.88,157.85,180.37,194.16,1,0,96,4
lift,capacity,lift capacity,100,3502,5.32,a lifting capacity of,3.1,9,24,151.08,222.66,249.95,262.95,1,0,96,5
lift,car,lift car,100,4372,4.77,lift the car,4.89,5,24,146.58,271.86,328.14,362.93,1,0,96,26
lift,child,lift child,100,2656,3.34,lifted the child,4.78,4,24,201.04,295.22,346.37,384.22,1,0,96,21
lift,chin,lift chin,100,5989,7.28,lifted her chin,4.89,2,24,91.277,129.53,146.16,158.05,1,0,96,1
lift,corner,lift corner,100,2001,5.26,lifted a corner,4.61,11,24,193.15,289.71,334.55,358.95,1,0,96,5
lift,cover,lift cover,100,3007,5.62,lift the cover,4.23,10,24,189.2,268.0,296.18,310.78,1,0,96,4
lift,cup,lift cup,100,3325,5.9,lift the cup,5.0,8,24,115.33,194.33,234.41,266.26,1,0,96,8
lift,curfew,lift curfew,100,1798,5.58,curfew was lifted,2.73,3,24,48.057,67.121,73.718,77.798,1,0,96,2
lift,curse,lift curse,100,3412,6.4,lift the curse,2.39,5,24,86.712,120.91,133.44,141.34,1,0,96,5
lift,curtain,lift curtain,100,2947,6.18,lift the curtain,4.82,2,24,81.741,118.09,134.17,143.92,1,0,96,2
lift,edge,lift edge,100,1705,4.64,lift the edge,4.24,6,24,213.73,320.46,371.12,406.55,1,0,96,8
lift,embargo,lift embargo,100,5631,7.23,lift the embargo,3.0,1,24,59.193,88.57,104.14,113.02,1,0,96,1
lift,end,lift end,100,2528,4.52,lift the front end,3.14,14,24,214.61,386.98,458.38,496.15,1,0,96,9
lift,equipment,lift equipment,100,3905,5.48,lifting equipment,4.83,1,24,176.09,255.8,295.43,318.33,1,0,96,3
lift,eye,lift eye,100,12968,6.41,lifted his eyes,4.9,5,24,206.15,312.42,361.23,392.48,1,0,96,19
lift,eyebrow,lift eyebrow,100,5890,7.12,lifted an eyebrow,4.85,1,24,40.844,61.388,72.043,80.362,1,0,96,1
lift,face,lift face,100,5289,5.79,lifted her face,4.87,13,24,234.58,343.73,395.03,428.46,1,0,96,15
lift,finger,lift finger,100,20457,8.22,lift a finger,5.0,3,24,107.49,155.49,183.73,208.51,1,0,96,12
lift,flap,lift flap,100,2210,5.84,lift the flap,4.14,5,24,70.948,102.51,115.22,122.06,1,0,96,1
lift,foot,lift foot,100,10756,6.77,lift your foot,4.9,11,24,236.46,337.5,383.01,409.62,1,0,96,23
lift,game,lift game,100,2631,3.14,lift their game,4.5,11,24,197.97,310.04,362.54,399.13,1,0,96,35
lift,gaze,lift gaze,100,2613,5.97,lifted his gaze,3.43,1,24,22.343,31.293,34.233,35.627,1,0,96,6
lift,glass,lift glass,100,4448,6.09,lifted his glass,4.82,7,24,149.6,219.89,246.25,262.92,1,0,96,12
lift,hair,lift hair,100,2117,4.76,lifted her hair,4.97,6,24,145.81,211.36,244.64,264.55,1,0,96,12
lift,hand,lift hand,100,29716,7.37,lifted his hand,4.72,14,24,269.2,382.64,427.86,454.46,1,0,96,33
lift,head,lift head,100,45535,8.27,lifted his head,4.75,33,24,299.95,421.51,474.88,503.64,1,0,96,28
lift,heart,lift heart,100,4511,5.64,heart was lifted,4.52,10,24,222.29,308.92,338.38,354.34,1,0,96,18
lift,hip,lift hip,100,4955,6.9,lifted his hips,4.21,5,24,90.411,129.73,157.16,172.63,1,0,96,6
lift,hood,lift hood,100,1784,5.49,lift the hood,4.88,10,24,101.11,149.38,165.93,174.26,1,0,96,1
lift,injunction,lift injunction,100,1717,5.42,lift the injunction,2.41,2,24,56.883,85.666,97.547,104.65,1,0,96,2
lift,item,lift item,100,2065,3.89,lift heavy items,4.41,5,24,197.78,301.7,343.31,365.49,1,0,96,15
lift,knee,lift knee,100,2682,5.92,lift your knees,5.0,3,24,71.134,127.72,169.11,201.61,1,0,96,10
lift,leg,lift leg,100,15538,7.83,lift your legs,4.83,9,24,134.48,212.33,256.38,294.07,1,0,96,17
lift,level,lift level,100,1925,3.27,lift the level,2.86,8,24,233.88,337.78,381.3,409.81,1,0,96,12
lift,lid,lift lid,100,13989,8.36,lifted the lid,4.96,3,24,71.621,108.58,125.09,133.81,1,0,96,3
lift,limit,lift limit,100,2928,5.17,lift the limit,2.28,6,24,166.96,240.9,272.83,290.23,1,0,96,7
lift,load,lift load,100,5402,6.38,lift loads,3.63,9,24,139.13,209.14,235.35,251.18,1,0,96,10
lift,lockdown,lift lockdown,100,5726,7.19,lockdown is lifted,3.35,1,24,22.808,32.811,36.457,38.418,1,0,96,1
lift,man,lift man,100,2894,3.45,man be lifted,4.79,11,24,192.73,336.5,412.7,455.21,1,0,96,37
lift,material,lift material,100,2038,3.65,lift materials,4.26,5,24,225.35,316.51,351.27,369.43,1,0,96,25
lift,measure,lift measure,100,2409,4.61,measures are lifted,3.59,9,24,185.24,262.15,292.75,308.21,1,0,96,1
lift,million,lift million,100,1772,4.9,lift millions,2.9,2,24,119.76,176.86,200.46,214.45,1,0,96,7
lift,mood,lift mood,100,6255,7.09,lift your mood,1.75,3,24,136.86,189.12,210.27,222.42,1,0,96,3
lift,moratorium,lift moratorium,100,3951,6.69,lift the moratorium,2.12,2,24,50.541,78.33,90.755,96.981,1,0,96,1
lift,nose,lift nose,100,1932,5.34,lifted nose,4.89,8,24,86.205,142.41,175.82,206.83,1,0,96,4
lift,object,lift object,100,6971,6.1,lifting heavy objects,3.66,5,24,227.43,320.07,354.24,371.31,1,0,96,11
lift,order,lift order,100,7048,5.66,order was lifted,2.79,15,24,200.56,276.77,305.55,320.28,1,0,96,8
lift,part,lift part,100,1751,1.85,lifted part,3.29,12,24,237.04,382.12,430.05,454.33,1,0,96,30
lift,people,lift people,100,8099,3.75,lift people,4.82,4,24,190.25,264.24,315.17,343.14,1,0,96,39
lift,piece,lift piece,100,2061,3.84,lift a piece,4.14,13,24,236.3,331.62,361.88,377.98,1,0,96,26
lift,pound,lift pound,100,3103,5.86,lift 50 pounds,4.61,14,24,117.82,184.52,220.4,249.61,1,0,96,2
lift,price,lift price,100,3416,4.64,lift prices,3.63,7,24,150.25,226.12,259.48,280.51,1,0,96,14
lift,rate,lift rate,100,3661,4.54,lift rates,2.5,4,24,155.47,233.69,262.65,282.31,1,0,96,13
lift,requirement,lift requirement,100,2491,4.23,lift the requirement,2.52,3,24,141.49,230.53,276.57,301.95,1,0,96,6
lift,restriction,lift restriction,100,35875,9.2,restrictions are lifted,2.25,3,24,124.18,195.85,234.24,255.99,1,0,96,4
lift,rock,lift rock,100,1741,4.91,lift the rock,4.91,7,24,225.91,320.78,360.6,382.06,1,0,96,10
lift,sanction,lift sanction,100,16863,8.52,lift sanctions,2.3,4,24,79.768,130.62,153.96,166.82,1,0,96,4
lift,shirt,lift shirt,100,3111,5.97,lifted his shirt,4.94,1,24,63.004,115.26,151.37,188.05,1,0,96,2
lift,shoulder,lift shoulder,100,2038,5.43,lift your shoulders,4.93,5,24,98.948,172.54,218.33,259.56,1,0,96,6
lift,side,lift side,100,1921,4.17,lift one side,3.68,12,24,242.69,366.37,436.59,477.44,1,0,96,25
lift,siege,lift siege,100,4950,7.01,to lift the siege,3.18,1,24,124.08,187.67,214.23,228.02,1,0,96,1
lift,skirt,lift skirt,100,3690,6.52,lifted her skirt,4.82,4,24,48.846,79.812,110.8,133.95,1,0,96,1
lift,soul,lift soul,100,1770,4.79,lift the soul,1.86,5,24,173.0,242.94,270.78,286.52,1,0,96,10
lift,spirit,lift spirit,100,28213,8.65,lift your spirits,1.6,8,24,185.02,272.1,307.13,325.29,1,0,96,10
lift,state,lift state,100,1736,3.56,lift the state,3.52,8,24,191.75,277.34,313.22,330.08,1,0,96,12
lift,stay,lift stay,100,3203,6.03,lift the stay,2.15,5,24,145.84,222.89,254.69,271.25,1,0,96,1
lift,stone,lift stone,100,2111,5.16,lift the stone,4.72,13,24,159.19,242.89,279.87,302.48,1,0,96,11
lift,suspension,lift suspension,100,4649,6.74,lift the suspension,3.17,7,24,115.48,164.39,183.05,192.48,1,0,96,2
lift,sword,lift sword,100,1976,5.35,lifted his sword,4.93,1,24,97.936,149.28,180.75,198.31,1,0,96,10
lift,team,lift team,100,2039,3.26,lift the team,3.79,2,24,204.37,328.15,369.37,388.62,1,0,96,22
lift,thing,lift thing,100,4082,2.91,lift things,3.17,12,24,143.55,268.8,339.04,370.97,1,0,96,51
lift,time,lift time,100,1726,1.15,lifted any time,3.07,10,24,273.83,408.51,469.17,512.74,1,0,96,50
lift,title,lift title,100,4421,5.37,lift the title,3.32,10,24,204.83,284.61,311.28,324.35,1,0,96,10
lift,ton,lift ton,100,1723,4.75,lift a ton,4.17,2,24,79.739,162.69,210.51,238.34,1,0,96,5
lift,trophy,lift trophy,100,11971,8.11,lift the trophy,4.89,2,24,97.073,157.24,179.97,193.82,1,0,96,1
lift,truck,lift truck,100,2296,5.32,lifted trucks,4.84,2,24,111.64,174.34,208.56,235.87,1,0,96,5
lift,vehicle,lift vehicle,100,2088,4.39,lift the vehicle,4.64,4,24,135.77,243.43,288.48,318.05,1,0,96,14
lift,veil,lift veil,100,9275,7.92,lift the veil,4.45,4,24,55.696,92.966,107.25,114.28,1,0,96,2
lift,voice,lift voice,100,4843,5.64,lift our voices,4.13,11,24,221.3,316.55,353.41,375.5,1,0,96,8
lift,water,lift water,100,2677,4.08,lift water,5.0,6,24,232.15,324.2,362.8,390.59,1,0,96,24
lift,weight,lift weight,100,39322,8.77,lifting weights,3.94,8,24,136.57,203.08,229.71,245.41,1,0,96,7
lift,wheel,lift wheel,100,2778,5.51,lift the front wheel,4.86,7,24,146.0,205.63,231.03,249.6,1,0,96,8
lock,account,lock account,100,5044,5.63,account is locked,3.08,10,9,210.91,294.5,321.83,335.52,1,0,90,9
lock,area,lock area,100,1441,2.6,locked area,3.72,6,9,263.68,404.24,463.02,501.91,1,0,90,24
lock,arm,lock arm,100,6971,6.54,locked arms,4.96,6,9,180.22,255.25,290.97,315.14,1,0,90,21
lock,article,lock article,100,1443,3.1,article is locked,4.33,4,9,179.02,272.79,315.01,337.97,1,0,90,9
lock,bag,lock bag,100,1728,4.79,Locked Bag,4.9,9,9,145.54,219.91,255.08,276.69,1,0,90,15
lock,bar,lock bar,100,1875,4.98,locking bar,4.67,15,9,175.66,275.99,320.38,342.98,1,0,90,7
lock,bike,lock bike,100,4718,6.56,lock your bike,5.0,2,9,86.545,158.33,190.95,210.64,1,0,90,5
lock,blade,lock blade,100,1424,5.28,locking blade,4.93,9,9,99.421,152.87,179.13,196.07,1,0,90,9
lock,body,lock body,100,1332,3.21,body locked,4.79,11,9,237.41,335.77,373.18,393.77,1,0,90,40
lock,bolt,lock bolt,100,3051,6.52,locking bolt,4.67,7,9,63.745,106.02,124.22,135.88,1,0,90,2
lock,box,lock box,100,2796,5.18,locked box,4.9,10,9,185.98,265.79,297.28,315.78,1,0,90,8
lock,brake,lock brake,100,2166,6.05,brakes locked,4.44,5,9,61.401,97.493,117.13,129.55,1,0,90,1
lock,building,lock building,100,1601,3.93,building was locked,4.64,4,9,193.2,298.76,338.74,361.38,1,0,90,10
lock,button,lock button,100,1292,4.11,locking button,4.96,7,9,102.78,169.21,197.28,212.68,1,0,90,5
lock,cabinet,lock cabinet,100,2270,6.16,locked cabinet,4.89,4,9,111.37,159.02,178.08,187.53,1,0,90,1
lock,cap,lock cap,100,1329,4.99,locking gas cap,4.59,9,9,101.88,157.85,180.37,194.16,1,0,90,4
lock,car,lock car,100,6371,5.41,lock the car,4.89,5,9,146.58,271.86,328.14,362.93,1,0,90,26
lock,case,lock case,100,1260,2.38,locked case,3.93,20,9,282.91,389.36,429.99,455.63,1,0,90,16
lock,child,lock child,100,2827,3.48,children locked,4.78,4,9,201.04,295.22,346.37,384.22,1,0,90,21
lock,collar,lock collar,100,1383,5.56,locking collar,4.64,9,9,68.955,107.33,128.36,142.91,1,0,90,2
lock,computer,lock computer,100,3087,5.57,lock your computer,4.93,2,9,120.92,187.82,222.96,248.44,1,0,90,4
lock,country,lock country,100,1791,3.68,country locked,4.17,5,9,173.56,276.1,341.96,389.05,1,0,90,12
lock,customer,lock customer,100,1423,3.79,lock customers,3.82,1,9,113.93,195.73,240.52,265.35,1,0,90,6
lock,device,lock device,100,9773,6.49,locking device,3.97,5,9,184.14,273.74,314.56,337.87,1,0,90,10
lock,differential,lock differential,100,4190,7.26,locking differential,2.36,3,9,39.963,58.689,65.33,69.678,1,0,90,1
lock,door,lock door,100,95584,9.91,locked the door,4.81,5,9,145.33,240.25,284.65,309.98,1,0,90,14
lock,drawer,lock drawer,100,1315,5.56,locked drawer,4.67,3,9,55.837,82.001,95.037,104.51,1,0,90,1
lock,elbow,lock elbow,100,1255,5.45,elbows locked,5.0,5,9,45.743,89.958,127.14,148.77,1,0,90,3
lock,element,lock element,100,1397,3.74,locking element,3.63,7,9,214.49,312.21,360.35,389.13,1,0,90,9
lock,eye,lock eye,100,26037,7.51,eyes locked,4.9,5,9,206.15,312.42,361.23,392.48,1,0,90,19
lock,feature,lock feature,100,2496,4.24,locking feature,2.96,6,9,224.82,325.48,365.88,386.04,1,0,90,9
lock,file,lock file,100,5824,5.24,file is locked,4.41,4,9,161.95,238.97,274.76,297.38,1,0,90,9
lock,focus,lock focus,100,1766,4.71,lock focus,2.35,7,9,160.4,292.33,345.76,370.55,1,0,90,2
lock,game,lock game,100,1582,2.46,game locked,4.5,11,9,197.97,310.04,362.54,399.13,1,0,90,35
lock,gate,lock gate,100,11288,8.24,locked gate,4.96,4,9,143.81,229.28,265.02,282.2,1,0,90,5
lock,gaze,lock gaze,100,4065,7.04,gaze locked,3.43,1,9,22.343,31.293,34.233,35.627,1,0,90,6
lock,gun,lock gun,100,1358,4.46,guns locked,4.83,7,9,107.12,176.06,215.29,243.49,1,0,90,7
lock,hand,lock hand,100,3203,4.25,hands locked,4.72,14,9,269.2,382.64,427.86,454.46,1,0,90,33
lock,handle,lock handle,100,1437,5.37,locking handle,4.57,1,9,,,,,1,0,90,3
lock,horn,lock horn,100,10804,8.43,lock horns,5.0,11,9,117.29,167.2,185.83,196.92,1,0,90,1
lock,house,lock house,100,2555,4.37,house was locked,5.0,12,9,207.43,310.94,359.63,394.2,1,0,90,10
lock,hub,lock hub,100,2376,6.11,locking hubs,3.59,2,9,125.35,176.61,195.12,205.32,1,0,90,1
lock,jaw,lock jaw,100,1403,5.57,jaw locked,4.87,3,9,70.99,102.0,121.56,138.11,1,0,90,4
lock,key,lock key,100,4496,5.93,locked my keys,4.89,15,9,135.99,198.79,224.6,237.24,1,0,90,7
lock,kid,lock kid,100,1219,3.63,kids locked,4.56,5,9,142.79,214.98,258.8,288.66,1,0,90,11
lock,knee,lock knee,100,1824,5.75,knees locked,5.0,3,9,71.134,127.72,169.11,201.61,1,0,90,10
lock,leg,lock leg,100,2230,5.27,legs locked,4.83,9,9,134.48,212.33,256.38,294.07,1,0,90,17
lock,lever,lock lever,100,1987,6.06,locking lever,4.77,3,9,55.794,81.358,96.773,107.61,1,0,90,2
lock,lid,lock lid,100,1733,5.77,locking lid,4.96,3,9,71.621,108.58,125.09,133.81,1,0,90,3
lock,lip,lock lip,100,3568,6.44,locking lips,4.96,5,9,77.69,125.74,156.68,180.84,1,0,90,7
lock,lock,lock lock,100,1293,5.18,lock is locked,4.65,6,9,123.39,173.09,188.93,197.25,1,0,90,6
lock,loop,lock loop,100,1429,5.23,phase locked loop,4.26,10,9,130.88,184.93,207.99,219.91,1,0,90,3
lock,man,lock man,100,2298,3.18,men locked,4.79,11,9,192.73,336.5,412.7,455.21,1,0,90,37
lock,mechanism,lock mechanism,100,19251,8.22,locking mechanism,3.67,5,9,195.48,276.41,304.06,319.14,1,0,90,2
lock,member,lock member,100,2410,3.32,locking member,3.07,5,9,208.76,325.3,372.4,397.51,1,0,90,10
lock,money,lock money,100,1444,2.64,money locked,4.54,3,9,103.44,164.62,189.47,205.68,1,0,90,15
lock,nut,lock nut,100,5281,7.15,locking nut,4.52,7,9,85.774,126.89,144.53,157.97,1,0,90,3
lock,object,lock object,100,1294,3.83,object is locked,3.66,5,9,227.43,320.07,354.24,371.31,1,0,90,11
lock,page,lock page,100,3006,4.36,page is locked,4.9,6,9,188.45,271.09,309.07,332.21,1,0,90,11
lock,people,lock people,100,10933,4.21,people locked,4.82,4,9,190.25,264.24,315.17,343.14,1,0,90,39
lock,phone,lock phone,100,4906,6.19,phone is locked,4.86,3,9,132.03,200.44,232.92,254.36,1,0,90,8
lock,pin,lock pin,100,4427,6.85,locking pin,4.92,11,9,81.764,127.73,151.02,165.39,1,0,90,3
lock,plate,lock plate,100,2010,5.36,locking plate,4.77,15,9,166.84,231.74,255.92,275.74,1,0,90,8
lock,player,lock player,100,1923,3.71,players locked,4.15,5,9,226.69,338.56,382.77,407.1,1,0,90,13
lock,position,lock position,100,3405,4.55,locked position,2.62,16,9,229.38,325.34,362.4,380.34,1,0,90,11
lock,rate,lock rate,100,1778,3.6,rate is locked,2.5,4,9,155.47,233.69,262.65,282.31,1,0,90,13
lock,record,lock record,100,1249,3.22,record is locked,4.15,8,9,188.53,270.23,302.1,318.6,1,0,90,14
lock,region,lock region,100,1702,4.73,region locked,3.19,5,9,226.7,354.01,422.65,462.14,1,0,90,5
lock,ring,lock ring,100,3086,6.03,the locking ring,4.81,9,9,158.39,221.34,244.87,257.2,1,0,90,6
lock,room,lock room,100,5845,5.26,a locked room,4.79,4,9,177.22,289.39,342.76,375.76,1,0,90,6
lock,screen,lock screen,100,4320,6.31,lock the screen,4.6,9,9,184.18,258.18,287.66,306.13,1,0,90,8
lock,screw,lock screw,100,2580,6.24,locking screw,4.81,5,9,55.734,82.213,98.356,112.79,1,0,90,2
lock,state,lock state,100,1202,3.15,locked state,3.52,8,9,191.75,277.34,313.22,330.08,1,0,90,12
lock,stock,lock stock,100,1422,4.61,"lock , stock and barrel",4.19,17,9,126.63,186.3,217.83,237.29,1,0,90,7
lock,system,lock system,100,14855,5.42,locking system,2.94,9,9,223.61,330.78,374.49,401.55,1,0,90,36
lock,tab,lock tab,100,2757,6.19,locking tab,4.14,5,9,74.224,109.1,123.9,133.92,1,0,90,4
lock,table,lock table,100,1577,4.33,lock the table,4.9,6,9,177.55,263.95,299.17,317.47,1,0,90,6
lock,team,lock team,100,1731,3.1,teams were locked,3.79,2,9,204.37,328.15,369.37,388.62,1,0,90,22
lock,thing,lock thing,100,2755,2.37,lock things,3.17,12,9,143.55,268.8,339.04,370.97,1,0,90,51
lock,thread,lock thread,100,6555,6.85,lock this thread,4.83,4,9,107.65,151.12,168.96,178.79,1,0,90,9
lock,time,lock time,100,2621,1.77,time locked,3.07,10,9,273.83,408.51,469.17,512.74,1,0,90,50
lock,topic,lock topic,100,1434,4.19,lock this topic,2.59,2,9,162.01,282.46,335.87,361.07,1,0,90,4
lock,unit,lock unit,100,1606,3.97,locking unit,3.77,6,9,223.82,323.7,361.47,379.55,1,0,90,8
lock,user,lock user,100,2654,4.44,lock users,3.16,3,9,131.7,217.8,259.62,282.68,1,0,90,4
lock,value,lock value,100,1224,2.52,total value locked,1.62,6,9,204.29,287.34,318.64,334.81,1,0,90,21
lock,vehicle,lock vehicle,100,2270,4.67,vehicle is locked,4.64,4,9,135.77,243.43,288.48,318.05,1,0,90,14
lock,wheel,lock wheel,100,5295,6.71,locking wheels,4.86,7,9,146.0,205.63,231.03,249.6,1,0,90,8
lock,window,lock window,100,3949,5.57,windows locked,4.86,8,9,140.8,244.66,291.16,317.16,1,0,90,15
lock,woman,lock woman,100,2036,3.52,women locked,4.46,4,9,176.89,278.3,349.75,390.06,1,0,90,19
lock,world,lock world,100,1226,2.91,world locked,4.36,8,9,202.2,309.66,360.98,390.98,1,0,90,28
navigate,application,navigate application,100,946,2.74,navigate the application,3.4,7,3,197.63,277.64,315.37,336.82,1,0,98,8
navigate,area,navigate area,100,2634,3.51,navigate the area,3.72,6,3,263.68,404.24,463.02,501.91,1,0,98,24
navigate,boat,navigate boat,100,904,4.27,navigate the boat,4.93,2,3,139.06,231.66,280.03,308.1,1,0,98,11
navigate,bureaucracy,navigate bureaucracy,100,1404,6.22,navigate the bureaucracy,1.64,3,3,102.8,142.27,156.47,163.74,1,0,98,1
navigate,business,navigate business,100,1098,2.56,navigate the business,3.28,9,3,153.74,238.14,275.17,295.29,1,0,98,18
navigate,campus,navigate campus,100,1044,5.33,navigate campus,4.64,1,3,199.74,284.85,315.03,331.13,1,0,98,1
navigate,career,navigate career,100,1887,4.55,navigate their careers,2.54,2,3,185.6,286.27,327.76,349.0,1,0,98,10
navigate,challenge,navigate challenge,100,12323,6.71,navigate the challenges,2.11,5,3,158.7,224.89,250.88,263.63,1,0,98,9
navigate,change,navigate change,100,5724,4.69,navigate change,2.89,10,3,169.83,260.43,300.98,324.77,1,0,98,14
navigate,channel,navigate channel,100,854,4.22,navigate the channel,4.18,8,3,188.91,282.84,327.34,352.24,1,0,98,3
navigate,choice,navigate choice,100,845,2.81,navigate the choices,1.9,3,3,197.54,293.08,325.17,339.57,1,0,98,6
navigate,city,navigate city,100,2843,4.91,navigate the city,4.79,3,3,196.98,329.78,410.83,452.11,1,0,98,11
navigate,complexity,navigate complexity,100,5888,7.62,navigate the complexities of,1.87,1,3,124.42,177.79,197.06,208.19,1,0,98,2
navigate,conflict,navigate conflict,100,1015,4.48,navigate conflict,2.21,7,3,169.9,257.67,312.76,347.39,1,0,98,6
navigate,content,navigate content,100,1181,3.4,navigate content,2.59,7,3,164.92,250.07,280.91,297.3,1,0,98,17
navigate,conversation,navigate conversation,100,1466,4.66,navigate conversations,3.28,1,3,166.81,255.38,299.17,324.56,1,0,98,11
navigate,course,navigate course,100,3596,4.88,navigate the course,3.82,9,3,233.75,333.69,371.1,395.72,1,0,98,6
navigate,crisis,navigate crisis,100,2971,6.14,navigate the crisis,2.33,2,3,139.99,213.55,249.27,271.87,1,0,98,9
navigate,culture,navigate culture,100,1194,4.33,navigate the culture,2.04,7,3,186.1,286.95,330.06,354.28,1,0,98,8
navigate,day,navigate day,100,1048,1.75,navigate every day,3.92,10,3,202.17,322.8,424.94,489.25,1,0,98,31
navigate,decision,navigate decision,100,1081,2.74,navigate decisions,2.19,5,3,178.12,260.71,300.65,322.66,1,0,98,8
navigate,difference,navigate difference,100,1017,2.78,navigate differences,2.15,5,3,172.12,284.43,350.04,390.67,1,0,98,6
navigate,document,navigate document,100,868,3.23,navigate the document,4.41,4,3,158.9,245.28,277.4,295.0,1,0,98,8
navigate,environment,navigate environment,100,6559,6.22,navigate the environment,3.74,2,3,197.9,290.05,325.15,344.92,1,0,98,4
navigate,experience,navigate experience,100,1873,3.03,navigate the experience,1.8,3,3,185.87,276.44,315.87,336.02,1,0,98,12
navigate,field,navigate field,100,1305,3.92,navigate the field,4.26,17,3,244.0,344.01,383.08,400.82,1,0,98,12
navigate,future,navigate future,100,1504,4.8,navigate the future,1.86,3,3,212.83,298.97,328.74,343.84,1,0,98,5
navigate,identity,navigate identity,100,857,4.19,navigating identity,2.0,4,3,150.51,209.73,235.52,249.54,1,0,98,5
navigate,impact,navigate impact,100,904,2.81,navigate the impact,2.59,4,3,189.48,276.23,310.83,331.09,1,0,98,2
navigate,industry,navigate industry,100,1146,4.06,navigate the industry,3.29,3,3,138.47,248.2,308.72,337.96,1,0,98,9
navigate,information,navigate information,100,975,1.4,navigate information,2.87,5,3,188.65,292.02,342.92,373.06,1,0,98,17
navigate,interface,navigate interface,100,1888,5.51,navigate interface,2.81,4,3,165.54,240.78,277.35,298.1,1,0,98,1
navigate,issue,navigate issue,100,5539,4.27,navigate issues,2.37,11,3,174.52,308.87,366.65,399.06,1,0,98,16
navigate,journey,navigate journey,100,3177,6.13,navigate the journey,2.57,1,3,164.07,258.14,313.54,347.77,1,0,98,2
navigate,labyrinth,navigate labyrinth,100,1133,5.98,navigate the labyrinth,4.22,2,3,54.416,85.536,97.57,104.11,1,0,98,1
navigate,landscape,navigate landscape,100,7032,7.6,navigate the landscape,4.34,4,3,162.46,245.92,281.02,302.55,1,0,98,2
navigate,law,navigate law,100,1203,3.24,navigate the law,2.57,7,3,136.56,216.4,271.88,309.43,1,0,98,10
navigate,level,navigate level,100,1001,2.47,navigate the level,2.86,8,3,233.88,337.78,381.3,409.81,1,0,98,12
navigate,life,navigate life,100,9023,5.03,navigate life,2.69,14,3,228.25,333.37,374.48,396.14,1,0,98,27
navigate,line,navigate line,100,924,2.41,navigate the line,4.5,30,3,253.42,357.41,397.32,421.22,1,0,98,42
navigate,map,navigate map,100,1505,4.6,navigate the map,4.93,2,3,155.44,232.71,260.96,274.34,1,0,98,1
navigate,market,navigate market,100,3483,5.07,navigate the market,4.7,5,3,166.28,245.6,289.22,311.24,1,0,98,22
navigate,maze,navigate maze,100,4621,7.94,navigate the maze,4.45,2,3,65.813,111.92,130.52,140.39,1,0,98,1
navigate,menu,navigate menu,100,4650,6.97,navigate menus,4.67,4,3,135.35,200.39,223.23,235.96,1,0,98,2
navigate,minefield,navigate minefield,100,1912,6.75,navigate the minefield,4.43,1,3,44.716,65.349,75.174,80.023,1,0,98,1
navigate,network,navigate network,100,916,3.59,navigate the network,3.2,5,3,205.05,307.08,346.49,368.3,1,0,98,7
navigate,obstacle,navigate obstacle,100,1917,6.0,navigate obstacles,3.48,2,3,95.04,145.76,165.88,176.89,1,0,98,2
navigate,opportunity,navigate opportunity,100,865,1.96,navigate the opportunities,1.88,1,3,136.89,208.1,236.58,250.98,1,0,98,10
navigate,option,navigate option,100,1958,3.45,navigate the options,2.39,3,3,177.96,261.29,294.17,310.74,1,0,98,3
navigate,page,navigate page,100,2656,4.27,navigate the page,4.9,6,3,188.45,271.09,309.07,332.21,1,0,98,11
navigate,pandemic,navigate pandemic,100,3361,7.09,navigate the pandemic,2.54,1,3,33.198,52.242,61.842,67.957,1,0,98,3
navigate,path,navigate path,100,5100,6.1,navigate the path,4.41,4,3,182.08,275.19,315.19,334.94,1,0,98,7
navigate,pathway,navigate pathway,100,1035,5.04,navigate pathways,4.28,2,3,128.72,183.93,206.08,219.85,1,0,98,3
navigate,period,navigate period,100,986,3.76,navigate this period,3.31,7,3,233.95,381.25,450.75,492.09,1,0,98,3
navigate,platform,navigate platform,100,1137,3.96,navigate the platform,4.48,5,3,199.05,273.14,300.85,316.83,1,0,98,4
navigate,problem,navigate problem,100,844,1.24,navigate problems,2.68,3,3,202.61,312.71,353.01,375.03,1,0,98,16
navigate,process,navigate process,100,13535,5.97,navigate the process,2.93,6,3,219.57,309.68,362.4,391.04,1,0,98,24
navigate,program,navigate program,100,1464,2.66,navigate the program,3.43,8,3,175.08,280.8,337.3,363.32,1,0,98,15
navigate,question,navigate question,100,900,1.71,navigate questions,3.36,6,3,211.73,299.72,335.13,354.36,1,0,98,7
navigate,reality,navigate reality,100,1341,4.66,navigate this new reality,1.72,4,3,156.24,228.7,258.45,273.33,1,0,98,8
navigate,regulation,navigate regulation,100,1190,4.67,navigate regulations,2.0,6,3,119.59,192.21,243.35,275.98,1,0,98,6
navigate,relationship,navigate relationship,100,4049,5.01,navigate relationships,2.8,4,3,256.77,383.37,435.58,473.39,1,0,98,10
navigate,requirement,navigate requirement,100,1525,3.74,navigate the requirements,2.52,3,3,141.49,230.53,276.57,301.95,1,0,98,6
navigate,resource,navigate resource,100,1478,3.67,navigate resources,2.55,3,3,166.52,241.94,269.95,282.85,1,0,98,7
navigate,risk,navigate risk,100,1232,3.12,navigate the risks,1.63,4,3,160.87,238.64,275.56,297.22,1,0,98,11
navigate,river,navigate river,100,1805,5.8,navigate the river,4.89,1,3,183.95,321.39,382.87,418.96,1,0,98,4
navigate,road,navigate road,100,3401,5.78,navigate the road,4.75,2,3,236.91,405.38,498.87,551.42,1,0,98,9
navigate,route,navigate route,100,1867,4.97,navigate the route,3.88,2,3,207.94,325.32,374.6,406.27,1,0,98,3
navigate,rule,navigate rule,100,1190,3.37,navigate the rules,2.57,12,3,177.48,280.06,326.59,358.7,1,0,98,11
navigate,school,navigate school,100,1243,3.38,navigate high school,4.79,7,3,149.12,280.27,350.18,390.54,1,0,98,7
navigate,screen,navigate screen,100,1017,4.47,navigate the screen,4.6,9,3,184.18,258.18,287.66,306.13,1,0,98,8
navigate,sea,navigate sea,100,2256,6.47,navigate the sea,4.79,3,3,162.59,268.55,313.26,340.43,1,0,98,2
navigate,section,navigate section,100,910,3.27,navigate sections,3.24,14,3,251.58,357.1,398.07,416.69,1,0,98,11
navigate,service,navigate service,100,1107,1.91,navigate services,2.21,15,3,200.41,284.58,315.39,332.94,1,0,98,18
navigate,ship,navigate ship,100,1767,4.94,navigate the ship,4.87,1,3,128.34,250.17,304.84,346.07,1,0,98,15
navigate,site,navigate site,100,7663,5.58,navigate the site,4.56,3,3,252.6,368.9,411.88,434.34,1,0,98,18
navigate,situation,navigate situation,100,4385,5.58,navigate the situation,2.03,5,3,186.49,274.89,314.53,332.46,1,0,98,5
navigate,space,navigate space,100,4779,5.12,navigate the space,3.54,9,3,218.82,301.78,331.62,346.57,1,0,98,10
navigate,stage,navigate stage,100,960,4.03,navigate the early stages,4.64,8,3,237.79,333.96,373.25,392.25,1,0,98,7
navigate,step,navigate step,100,1167,3.02,navigate the steps,4.54,11,3,175.69,242.88,266.57,278.07,1,0,98,3
navigate,street,navigate street,100,3092,6.19,navigate the streets,4.75,5,3,210.91,358.32,436.14,479.66,1,0,98,4
navigate,structure,navigate structure,100,1234,3.71,navigate the structure,4.03,5,3,243.93,343.97,379.8,400.18,1,0,98,8
navigate,system,navigate system,100,16391,5.6,navigate the system,2.94,9,3,223.61,330.78,374.49,401.55,1,0,98,36
navigate,tension,navigate tension,100,973,4.82,navigate the tension,2.6,6,3,148.12,226.42,267.67,294.21,1,0,98,6
navigate,terrain,navigate terrain,100,4635,7.72,navigate the terrain,4.27,1,3,121.44,174.86,195.68,210.18,1,0,98,1
navigate,territory,navigate territory,100,1634,5.63,navigating uncharted territory,3.41,3,3,170.99,267.54,308.58,331.65,1,0,98,5
navigate,time,navigate time,100,4509,2.57,navigate these challenging times,3.07,10,3,273.83,408.51,469.17,512.74,1,0,98,50
navigate,traffic,navigate traffic,100,1135,4.71,navigate traffic,4.67,4,3,129.05,185.05,208.03,221.77,1,0,98,5
navigate,trail,navigate trail,100,882,4.44,navigate the trail,4.46,3,3,153.35,220.34,246.72,262.11,1,0,98,1
navigate,transition,navigate transition,100,3550,6.6,navigate the transition,2.19,5,3,142.93,209.24,237.55,250.9,1,0,98,2
navigate,uncertainty,navigate uncertainty,100,2039,6.22,navigate uncertainty,1.75,2,3,115.29,190.54,221.01,237.99,1,0,98,3
navigate,vessel,navigate vessel,100,858,4.6,navigate the vessel,4.66,3,3,137.92,221.75,267.43,299.54,1,0,98,4
navigate,water,navigate water,100,12267,6.46,navigate the waters,5.0,6,3,232.15,324.2,362.8,390.59,1,0,98,24
navigate,way,navigate way,100,23777,5.37,navigate their way,2.34,12,3,244.04,355.4,397.34,421.07,1,0,98,38
navigate,web,navigate web,100,1709,5.85,navigate the web,4.37,7,3,113.54,161.86,183.69,197.47,1,0,98,4
navigate,website,navigate website,100,5345,5.82,navigate the website,4.52,1,3,206.72,309.87,359.6,387.71,1,0,98,6
navigate,world,navigate world,100,18410,6.9,navigate the world,4.36,8,3,202.2,309.66,360.98,390.98,1,0,98,28
navigate,year,navigate year,100,2055,2.23,navigate their first year,3.25,4,3,119.49,308.84,424.66,500.24,1,0,98,26
nurse,ambition,nurse ambition,100,572,5.32,nursing the ambition,1.74,2,5,97.608,157.21,182.97,196.79,1,0,34,4
nurse,baby,nurse baby,100,7210,7.24,nursing a baby,5.0,7,5,142.59,217.27,250.61,271.03,1,0,34,8
nurse,beer,nurse beer,100,803,5.04,nursing a beer,4.88,1,5,74.267,130.5,169.11,196.91,1,0,34,5
nurse,bruise,nurse bruise,100,319,5.25,nursing bruises,4.73,1,5,39.595,61.38,72.476,79.564,1,0,34,1
nurse,calf,nurse calf,100,475,5.56,nursing calves,4.48,4,5,75.881,108.19,122.44,131.04,1,0,34,2
nurse,child,nurse child,100,3642,3.96,nursing a child,4.78,4,5,201.04,295.22,346.37,384.22,1,0,34,21
nurse,cold,nurse cold,100,364,4.85,nursing a cold,3.85,3,5,76.31,108.95,120.21,125.42,1,0,34,3
nurse,crush,nurse crush,100,341,5.12,nursing a crush,3.9,4,5,60.605,83.961,92.09,96.584,1,0,34,2
nurse,cup,nurse cup,100,595,4.49,nursing a cup of,5.0,8,5,115.33,194.33,234.41,266.26,1,0,34,8
nurse,daughter,nurse daughter,100,681,3.94,nursing my daughter,4.79,1,5,200.58,361.02,483.09,571.8,1,0,34,2
nurse,dream,nurse dream,100,309,2.77,nursed dreams,2.6,6,5,147.1,213.55,239.31,254.22,1,0,34,8
nurse,drink,nurse drink,100,896,5.0,nursing a drink,4.76,5,5,84.804,162.1,206.78,234.68,1,0,34,7
nurse,father,nurse father,100,309,2.8,nursing fathers,4.52,8,5,191.12,344.13,469.14,548.99,1,0,34,3
nurse,glass,nurse glass,100,432,3.59,nursing a glass of,4.82,7,5,149.6,219.89,246.25,262.92,1,0,34,12
nurse,grievance,nurse grievance,100,555,5.78,nursing a grievance,2.19,3,5,62.563,88.409,98.045,103.15,1,0,34,1
nurse,grudge,nurse grudge,100,1318,7.29,nursing a grudge,2.14,1,5,37.542,64.04,72.485,76.267,1,0,34,3
nurse,hangover,nurse hangover,100,1644,7.73,nursing a hangover,3.57,3,5,39.465,58.67,66.665,71.101,1,0,34,1
nurse,hope,nurse hope,100,394,3.2,nursed the hope,1.25,6,5,166.95,241.91,272.45,287.77,1,0,34,11
nurse,hour,nurse hour,100,712,2.75,nursing hours,3.1,4,5,196.05,338.94,416.53,461.12,1,0,34,5
nurse,infant,nurse infant,100,1225,6.61,nursing infants,4.93,1,5,95.378,142.86,165.46,180.78,1,0,34,1
nurse,injury,nurse injury,100,4882,6.89,nursing an injury,4.0,5,5,143.16,220.1,255.3,272.09,1,0,34,2
nurse,kid,nurse kid,100,321,2.01,nursed my kids,4.56,5,5,142.79,214.98,258.8,288.66,1,0,34,11
nurse,knee,nurse knee,100,364,4.57,nursing a sore knee,5.0,3,5,71.134,127.72,169.11,201.61,1,0,34,10
nurse,lead,nurse lead,100,610,3.71,nursing a lead,4.1,17,5,130.35,191.55,218.52,233.44,1,0,34,9
nurse,loss,nurse loss,100,334,2.24,nursing losses,2.19,8,5,224.78,325.17,364.27,385.08,1,0,34,9
nurse,man,nurse man,100,311,0.41,nurse the man,4.79,11,5,192.73,336.5,412.7,455.21,1,0,34,37
nurse,mother,nurse mother,100,2509,5.72,nursing mothers,4.6,5,5,162.74,310.26,406.93,475.05,1,0,34,3
nurse,newborn,nurse newborn,100,412,5.67,nursing a newborn,4.39,1,5,32.824,52.995,63.347,69.087,1,0,34,1
nurse,patient,nurse patient,100,1998,4.59,nursing home patients,2.5,2,5,172.08,268.96,310.03,331.75,1,0,34,3
nurse,pup,nurse pup,100,530,5.74,nurse their pups,4.61,2,5,34.443,55.999,69.935,77.728,1,0,34,1
nurse,soldier,nurse soldier,100,494,3.86,nursed soldiers,4.72,2,5,146.17,236.65,278.07,301.43,1,0,34,5
nurse,son,nurse son,100,944,3.91,nursing my son,4.14,2,5,228.66,394.2,528.46,617.55,1,0,34,3
nurse,toddler,nurse toddler,100,349,5.23,nursing a toddler,4.29,1,5,65.636,96.799,109.92,117.19,1,0,34,1
nurse,wound,nurse wound,100,2142,6.92,nursing his wounds,4.24,4,5,93.14,133.87,153.37,162.89,1,0,34,1
pad,account,pad account,100,711,3.13,pad their bank accounts,3.08,10,4,210.91,294.5,321.83,335.52,1,0,53,9
pad,area,pad area,100,912,2.07,padded area,3.72,6,4,263.68,404.24,463.02,501.91,1,0,53,24
pad,arm,pad arm,100,759,3.81,padded arms,4.96,6,4,180.22,255.25,290.97,315.14,1,0,53,21
pad,armrest,pad armrest,100,952,7.67,padded armrests,4.76,1,4,14.55,26.82,34.341,38.453,1,0,53,1
pad,bag,pad bag,100,2061,5.64,padded bag,4.9,9,4,145.54,219.91,255.08,276.69,1,0,53,15
pad,bill,pad bill,100,456,2.88,pad the bill,4.68,10,4,180.57,253.96,277.09,287.1,1,0,53,10
pad,book,pad book,100,438,1.09,padded board book,4.9,11,4,222.59,338.67,394.89,426.22,1,0,53,15
pad,bra,pad bra,100,2195,8.34,padded bra,4.54,1,4,28.589,43.876,54.712,63.66,1,0,53,1
pad,budget,pad budget,100,419,3.56,pad their budgets,3.14,2,4,107.41,155.85,174.75,190.35,1,0,53,7
pad,case,pad case,100,1658,2.91,padded case,3.93,20,4,282.91,389.36,429.99,455.63,1,0,53,16
pad,cell,pad cell,100,3538,6.0,a padded cell,4.44,7,4,151.64,244.74,286.69,309.52,1,0,53,11
pad,chair,pad chair,100,2272,6.44,padded chair,4.58,5,4,202.61,287.24,317.47,333.33,1,0,53,7
pad,collar,pad collar,100,1377,7.39,padded collar,4.64,9,4,68.955,107.33,128.36,142.91,1,0,53,2
pad,compartment,pad compartment,100,1555,7.76,padded compartment,3.57,2,4,92.378,136.45,152.9,163.58,1,0,53,2
pad,cover,pad cover,100,1120,5.26,padded cover,4.23,10,4,189.2,268.0,296.18,310.78,1,0,53,4
pad,cup,pad cup,100,615,4.69,padded cups,5.0,8,4,115.33,194.33,234.41,266.26,1,0,53,8
pad,cushion,pad cushion,100,1230,7.49,padded cushions,4.68,3,4,51.694,87.616,103.61,112.46,1,0,53,1
pad,dash,pad dash,100,557,6.3,padded dash,3.39,6,4,87.429,130.04,144.64,151.44,1,0,53,1
pad,envelope,pad envelope,100,2831,8.03,a padded envelope,4.93,6,4,77.879,116.49,130.49,137.42,1,0,53,2
pad,foot,pad foot,100,1027,3.95,padded feet,4.9,11,4,236.46,337.5,383.01,409.62,1,0,53,23
pad,glove,pad glove,100,931,6.41,padded gloves,4.97,3,4,75.422,117.55,136.31,149.22,1,0,53,1
pad,handle,pad handle,100,1323,6.59,padded handles,4.57,1,4,,,,,1,0,53,3
pad,headband,pad headband,100,689,7.12,padded headband,5.0,1,4,22.498,34.031,39.406,43.51,1,0,53,1
pad,insole,pad insole,100,446,6.57,padded insole,4.11,1,4,18.688,27.031,30.942,33.431,1,0,53,1
pad,interior,pad interior,100,642,5.67,padded interior,3.59,3,4,132.76,207.96,234.5,246.54,1,0,53,2
pad,jacket,pad jacket,100,1313,6.66,padded jacket,4.86,5,4,63.06,120.95,157.54,195.06,1,0,53,2
pad,lead,pad lead,100,1385,4.98,padded their lead,4.1,17,4,130.35,191.55,218.52,233.44,1,0,53,9
pad,line,pad line,100,707,2.14,pad their bottom line,4.5,30,4,253.42,357.41,397.32,421.22,1,0,53,42
pad,list,pad list,100,281,1.1,pad the list,4.43,2,4,182.17,265.47,300.93,321.78,1,0,53,9
pad,material,pad material,100,577,2.14,padded material,4.26,5,4,225.35,316.51,351.27,369.43,1,0,53,25
pad,number,pad number,100,1164,1.8,pad the numbers,3.3,11,4,198.05,280.36,322.92,351.63,1,0,53,36
pad,panel,pad panel,100,907,4.66,padded back panel,4.26,8,4,183.13,251.92,274.54,285.58,1,0,53,2
pad,pocket,pad pocket,100,2019,7.31,padded pocket,4.68,9,4,120.39,170.6,191.77,202.42,1,0,53,2
pad,profit,pad profit,100,392,3.5,pad their profits,3.07,2,4,59.81,135.58,177.33,201.82,1,0,53,9
pad,record,pad record,100,510,2.18,padded record,4.15,8,4,188.53,270.23,302.1,318.6,1,0,53,14
pad,rest,pad rest,100,575,3.55,padded arm rests,3.03,7,4,192.69,296.32,342.93,369.25,1,0,53,5
pad,resume,pad resume,100,1157,6.69,pad their resumes,4.0,2,4,27.161,37.773,42.021,44.429,1,0,53,2
pad,seat,pad seat,100,6575,7.1,padded seat,4.78,9,4,185.24,254.59,276.31,286.81,1,0,53,4
pad,seating,pad seating,100,324,5.4,padded seating,4.29,2,4,72.023,104.4,116.44,124.38,1,0,53,1
pad,short,pad short,100,844,6.75,padded shorts,3.61,3,4,48.086,71.463,80.422,84.356,1,0,53,1
pad,shoulder,pad shoulder,100,1187,6.26,padded shoulders,4.93,5,4,98.948,172.54,218.33,259.56,1,0,53,6
pad,side,pad side,100,434,2.53,padded sides,3.68,12,4,242.69,366.37,436.59,477.44,1,0,53,25
pad,sleeve,pad sleeve,100,1455,7.37,padded laptop sleeve,4.84,2,4,72.731,118.89,140.63,153.72,1,0,53,2
pad,stat,pad stat,100,1298,6.82,pad his stats,3.19,0,4,27.233,37.896,41.389,43.228,1,0,53,2
pad,story,pad story,100,296,0.4,pad the story,3.3,6,4,197.18,328.22,376.06,402.62,1,0,53,28
pad,strap,pad strap,100,5513,9.16,padded shoulder straps,4.79,4,4,77.894,114.71,133.37,144.05,1,0,53,1
pad,string,pad string,100,443,3.96,string is padded,4.76,10,4,172.64,246.14,273.02,285.14,1,0,53,5
pad,support,pad support,100,466,1.67,padded support,2.83,11,4,192.66,285.67,327.93,350.38,1,0,53,9
pad,top,pad top,100,693,4.79,padded top,3.93,11,4,196.8,334.23,419.4,464.91,1,0,53,10
pad,total,pad total,100,270,3.07,pad that total,2.8,2,4,133.07,201.04,230.78,249.92,1,0,53,3
pad,value,pad value,100,296,0.62,value is padded,1.62,6,4,204.29,287.34,318.64,334.81,1,0,53,21
pad,wall,pad wall,100,1341,4.93,padded walls,4.86,8,4,199.95,305.54,363.69,395.21,1,0,53,15
pad,wallet,pad wallet,100,363,5.48,pad their wallets,4.81,1,4,43.801,72.951,88.891,97.196,1,0,53,2
pay,account,pay account,100,10899,5.09,paid account,3.08,10,11,210.91,294.5,321.83,335.52,1,0,95,9
pay,advertising,pay advertising,100,10502,5.39,paid advertising,3.88,2,11,104.06,155.89,175.59,186.76,1,0,95,1
pay,amount,pay amount,100,129880,8.39,amount paid,2.74,4,11,171.9,263.47,299.86,323.81,1,0,95,19
pay,attention,pay attention,100,1128616,11.58,pay attention,2.3,6,11,133.07,191.66,213.39,223.75,1,0,95,7
pay,balance,pay balance,100,18787,6.06,pay the balance,2.89,12,11,132.32,196.87,226.81,247.01,1,0,95,6
pay,benefit,pay benefit,100,33219,6.61,benefits paid,2.25,3,11,190.8,268.37,292.93,305.07,1,0,95,6
pay,bill,pay bill,100,237302,9.62,pay the bills,4.68,10,11,180.57,253.96,277.09,287.1,1,0,95,10
pay,bit,pay bit,100,13270,4.85,pay a bit more,3.27,11,11,192.43,300.42,350.38,380.06,1,0,95,29
pay,bonus,pay bonus,100,13224,5.68,bonuses paid,3.04,2,11,76.837,110.74,125.75,134.66,1,0,95,3
pay,bribe,pay bribe,100,14634,5.89,pay bribes,3.44,1,11,41.551,64.792,74.856,79.95,1,0,95,1
pay,buck,pay buck,100,15470,5.95,pay big bucks,4.67,5,11,61.042,86.506,94.356,98.349,1,0,95,1
pay,cash,pay cash,100,33638,6.99,pay cash,4.48,3,11,91.656,133.39,152.14,164.96,1,0,95,3
pay,cent,pay cent,100,19281,6.26,pay a cent,4.19,2,11,106.55,150.46,170.16,185.8,1,0,95,1
pay,charge,pay charge,100,35255,6.89,charges paid,2.96,15,11,190.91,262.88,290.47,306.26,1,0,95,11
pay,claim,pay claim,100,22252,6.14,pay claims,2.96,6,11,178.94,264.63,304.05,329.59,1,0,95,5
pay,commission,pay commission,100,19762,6.27,commissions paid,3.04,9,11,109.62,173.74,209.89,231.6,1,0,95,1
pay,company,pay company,100,19858,5.48,company paid,4.11,9,11,158.09,282.67,333.64,366.19,1,0,95,17
pay,compensation,pay compensation,100,35670,7.12,pay compensation,3.25,3,11,78.075,115.86,137.49,152.49,1,0,95,1
pay,contribution,pay contribution,100,14549,5.68,contributions paid,2.41,5,11,183.91,266.07,300.03,315.5,1,0,95,2
pay,cost,pay cost,100,107991,8.13,pay the cost,2.5,3,11,160.14,263.17,306.3,332.11,1,0,95,14
pay,customer,pay customer,100,30878,6.59,paying customers,3.82,1,11,113.93,195.73,240.52,265.35,1,0,95,6
pay,damage,pay damage,100,14527,5.55,to pay damages,3.2,5,11,121.1,174.66,199.52,213.38,1,0,95,3
pay,day,pay day,100,16653,4.95,paid sick days,3.92,10,11,202.17,322.8,424.94,489.25,1,0,95,31
pay,debt,pay debt,100,84234,8.3,pay the debt,2.72,3,11,95.713,138.45,158.61,175.87,1,0,95,4
pay,deposit,pay deposit,100,22174,6.44,pay a deposit,3.92,9,11,132.51,195.39,219.02,231.42,1,0,95,1
pay,difference,pay difference,100,9803,4.71,to pay the difference,2.15,5,11,172.12,284.43,350.04,390.67,1,0,95,6
pay,dividend,pay dividend,100,91544,8.52,pay dividends,2.76,3,11,43.126,68.111,82.567,93.795,1,0,95,4
pay,dollar,pay dollar,100,37966,7.14,pay top dollar,4.93,4,11,87.287,142.98,187.37,227.38,1,0,95,6
pay,due,pay due,100,45850,7.54,pay dues,3.21,2,11,52.366,78.8,87.915,92.553,1,0,95,1
pay,duty,pay duty,100,17380,5.94,duty paid,2.19,3,11,140.95,207.04,235.19,248.69,1,0,95,6
pay,employee,pay employee,100,49204,7.34,paid employees,4.1,1,11,152.85,240.45,278.26,299.7,1,0,95,2
pay,employment,pay employment,100,12784,5.62,paid employment,3.3,4,11,90.618,140.23,158.47,168.85,1,0,95,1
pay,expense,pay expense,100,45328,7.4,expenses paid,2.57,3,11,166.21,247.22,277.52,295.84,1,0,95,5
pay,family,pay family,100,9768,4.76,paid family and medical leave,4.23,8,11,241.61,347.92,387.48,407.58,1,0,95,11
pay,fare,pay fare,100,14827,5.89,pay the fare,4.11,4,11,110.16,156.15,170.7,179.11,1,0,95,2
pay,fee,pay fee,100,343961,10.19,pay a fee,3.89,2,11,89.395,148.43,179.66,202.54,1,0,95,6
pay,fine,pay fine,100,65357,7.91,pay a fine,2.61,1,11,85.554,126.03,140.98,150.56,1,0,95,3
pay,heed,pay heed,100,12940,5.73,pay heed,1.93,1,11,8.0706,11.174,12.316,12.886,1,0,95,1
pay,holiday,pay holiday,100,11764,5.49,paid holidays,2.86,2,11,132.81,223.35,256.93,274.26,1,0,95,1
pay,homage,pay homage,100,105549,8.73,pay homage to,2.17,1,11,76.194,117.84,141.86,155.19,1,0,95,1
pay,insurance,pay insurance,100,10427,5.3,insurance paid,2.86,3,11,76.997,132.73,153.2,164.64,1,0,95,2
pay,interest,pay interest,100,64163,7.46,pay interest,1.8,7,11,176.83,268.45,304.88,322.86,1,0,95,14
pay,internship,pay internship,100,11775,5.56,paid internships,3.0,1,11,40.466,65.237,76.69,82.996,1,0,95,2
pay,invoice,pay invoice,100,12791,5.69,pay invoices,4.37,1,11,49.402,79.121,93.731,101.16,1,0,95,1
pay,job,pay job,100,52167,6.88,paying jobs,3.19,13,11,150.01,217.49,243.64,255.31,1,0,95,8
pay,leave,pay leave,100,61855,7.94,paid leave,2.53,3,11,70.79,102.65,117.34,124.44,1,0,95,1
pay,loan,pay loan,100,37992,7.11,pay back the loan,3.72,2,11,104.98,151.18,172.42,189.48,1,0,95,2
pay,lot,pay lot,100,42366,6.05,pay a lot,3.7,7,11,144.92,243.93,294.05,322.54,1,0,95,34
pay,man,pay man,100,10611,4.49,pay the man,4.79,11,11,192.73,336.5,412.7,455.21,1,0,95,37
pay,member,pay member,100,21688,5.56,paying members,3.07,5,11,208.76,325.3,372.4,397.51,1,0,95,10
pay,million,pay million,100,12395,5.53,paid millions,2.9,2,11,119.76,176.86,200.46,214.45,1,0,95,7
pay,money,pay money,100,138058,8.26,pay money,4.54,3,11,103.44,164.62,189.47,205.68,1,0,95,15
pay,month,pay month,100,14680,5.4,pay each month,4.2,2,11,94.313,297.21,413.99,491.18,1,0,95,2
pay,mortgage,pay mortgage,100,26821,6.74,pay the mortgage,3.14,1,11,61.6,95.403,111.26,121.43,1,0,95,1
pay,part,pay part,100,11318,4.03,pay part,3.29,12,11,237.04,382.12,430.05,454.33,1,0,95,30
pay,payment,pay payment,100,16467,5.8,payments paid,3.91,3,11,96.859,166.16,199.73,223.52,1,0,95,5
pay,penalty,pay penalty,100,33983,7.01,pay a penalty,2.86,4,11,122.22,175.88,196.83,207.99,1,0,95,4
pay,penny,pay penny,100,10551,5.41,pay a penny,4.83,2,11,73.967,109.19,125.38,141.74,1,0,95,1
pay,people,pay people,100,35747,5.47,pay people,4.82,4,11,190.25,264.24,315.17,343.14,1,0,95,39
pay,percent,pay percent,100,20269,6.08,pay 100 percent,2.7,1,11,113.95,205.55,248.78,272.82,1,0,95,4
pay,plan,pay plan,100,9502,4.55,paid plans,3.4,3,11,144.41,259.22,311.43,339.79,1,0,95,17
pay,player,pay player,100,14577,5.32,paid player,4.15,5,11,226.69,338.56,382.77,407.1,1,0,95,13
pay,portion,pay portion,100,11717,5.4,pay a portion of,3.78,7,11,178.36,255.0,285.28,300.93,1,0,95,5
pay,position,pay position,100,12260,5.07,paid position,2.62,16,11,229.38,325.34,362.4,380.34,1,0,95,11
pay,premium,pay premium,100,81550,8.33,pay a premium,2.11,5,11,70.733,104.94,123.68,137.71,1,0,95,1
pay,price,pay price,100,278026,9.66,pay the price,3.63,7,11,150.25,226.12,259.48,280.51,1,0,95,14
pay,program,pay program,100,9191,4.33,paid programs,3.43,8,11,175.08,280.8,337.3,363.32,1,0,95,15
pay,ransom,pay ransom,100,23151,6.56,pay the ransom,3.31,3,11,45.757,65.164,72.387,76.15,1,0,95,1
pay,rate,pay rate,100,72021,7.62,rates paid,2.5,4,11,155.47,233.69,262.65,282.31,1,0,95,13
pay,rent,pay rent,100,122737,8.92,pay rent,3.48,4,11,75.932,107.12,126.22,139.6,1,0,95,1
pay,respect,pay respect,100,62910,7.9,pay their respects,2.04,7,11,193.42,305.59,342.06,357.92,1,0,95,1
pay,royalty,pay royalty,100,20711,6.39,pay royalties,3.11,2,11,75.153,105.5,115.51,122.37,1,0,95,1
pay,salary,pay salary,100,59059,7.84,pay salaries,3.69,1,11,76.713,127.35,155.35,172.8,1,0,95,5
pay,service,pay service,100,45086,6.44,pay lip service,2.21,15,11,200.41,284.58,315.39,332.94,1,0,95,18
pay,share,pay share,100,34177,6.88,pay their fair share,2.96,5,11,142.03,223.41,269.62,295.81,1,0,95,5
pay,staff,pay staff,100,25066,6.41,paid staff,4.36,6,11,166.75,248.92,288.14,309.36,1,0,95,4
pay,subscriber,pay subscriber,100,10966,5.46,paid subscribers,3.31,3,11,82.213,113.37,124.88,135.14,1,0,95,1
pay,subscription,pay subscription,100,20120,6.32,paid subscription,3.22,4,11,64.015,93.126,108.2,118.55,1,0,95,1
pay,sum,pay sum,100,40784,7.3,pay the sum,2.89,6,11,124.46,173.3,193.92,205.28,1,0,95,2
pay,support,pay support,100,17708,5.52,to pay child support,2.83,11,11,192.66,285.67,327.93,350.38,1,0,95,9
pay,tax,pay tax,100,416666,10.45,pay taxes,3.89,1,11,84.254,125.94,147.02,164.68,1,0,95,5
pay,teacher,pay teacher,100,10652,5.2,pay teachers,4.52,2,11,158.9,235.21,269.99,295.41,1,0,95,1
pay,thousand,pay thousand,100,10431,5.24,pay thousands of,3.08,1,11,70.573,185.93,249.9,283.4,1,0,95,5
pay,time,pay time,100,43141,5.45,paid time off,3.07,10,11,273.83,408.51,469.17,512.74,1,0,95,50
pay,toll,pay toll,100,11202,5.47,pay a toll,3.54,3,11,68.818,97.635,107.82,113.36,1,0,95,1
pay,tribute,pay tribute,100,192102,9.56,pay tribute to,2.67,3,11,131.8,212.33,251.06,272.37,1,0,95,1
pay,tuition,pay tuition,100,27007,6.77,pay tuition,3.52,2,11,59.394,86.651,97.236,103.91,1,0,95,2
pay,vacation,pay vacation,100,10840,5.42,paid vacation,3.14,2,11,91.629,139.38,162.14,174.78,1,0,95,1
pay,version,pay version,100,14645,5.29,the paid version,1.7,6,11,263.55,386.28,441.13,471.77,1,0,95,10
pay,visit,pay visit,100,96351,8.45,pay a visit,3.92,5,11,204.08,327.1,373.4,400.14,1,0,95,1
pay,wage,pay wage,100,68115,8.04,wages paid,3.79,1,11,52.345,74.4,85.397,93.429,1,0,95,5
pay,way,pay way,100,28215,5.13,pay their way,2.34,12,11,244.04,355.4,397.34,421.07,1,0,95,38
pay,work,pay work,100,32340,5.83,paid work,3.48,7,11,272.87,386.54,424.55,447.82,1,0,95,22
pay,worker,pay worker,100,41354,7.12,paid workers,4.59,4,11,147.64,231.75,263.71,283.01,1,0,95,4
pay,year,pay year,100,14126,4.41,paid last year,3.25,4,11,119.49,308.84,424.66,500.24,1,0,95,26
pick,apple,pick apple,100,6516,6.81,picking apples,5.0,2,12,122.94,173.31,191.87,204.43,1,0,94,2
pick,area,pick area,100,4666,4.14,pick an area,3.72,6,12,263.68,404.24,463.02,501.91,1,0,94,24
pick,ball,pick ball,100,5096,5.53,picked the ball,5.0,12,12,152.85,224.94,253.8,268.96,1,0,94,26
pick,battle,pick battle,100,5831,6.16,pick your battles,4.0,3,12,190.2,314.7,370.29,404.53,1,0,94,5
pick,berry,pick berry,100,6747,6.98,picking berries,4.93,3,12,99.605,148.01,167.38,175.5,1,0,94,2
pick,book,pick book,100,10523,5.38,pick a book,4.9,11,12,222.59,338.67,394.89,426.22,1,0,94,15
pick,brain,pick brain,100,13281,7.54,pick his brain,4.69,5,12,120.31,177.7,212.37,233.34,1,0,94,8
pick,candidate,pick candidate,100,5508,5.87,pick a candidate,3.81,2,12,168.12,248.8,288.58,311.34,1,0,94,2
pick,car,pick car,100,5406,4.95,pick the car,4.89,5,12,146.58,271.86,328.14,362.93,1,0,94,26
pick,card,pick card,100,6684,5.67,pick a card,4.9,11,12,148.11,207.64,231.41,245.34,1,0,94,11
pick,character,pick character,100,4157,4.79,pick a character,2.93,9,12,277.35,405.34,452.72,475.45,1,0,94,14
pick,cherry,pick cherry,100,2722,5.69,cherry picked,4.62,4,12,53.921,91.758,111.58,126.66,1,0,94,1
pick,child,pick child,100,4096,3.89,pick the child,4.78,4,12,201.04,295.22,346.37,384.22,1,0,94,21
pick,choice,pick choice,100,3480,4.49,pick your choice,1.9,3,12,197.54,293.08,325.17,339.57,1,0,94,6
pick,class,pick class,100,2949,4.29,pick a class,3.85,8,12,195.01,290.22,321.92,336.94,1,0,94,7
pick,color,pick color,100,12419,6.91,pick a color,4.08,8,12,110.26,223.03,276.7,304.77,1,0,94,4
pick,company,pick company,100,3838,3.92,pick a company,4.11,9,12,158.09,282.67,333.64,366.19,1,0,94,17
pick,cotton,pick cotton,100,5510,6.68,picking cotton,4.97,4,12,83.538,141.64,162.82,176.95,1,0,94,4
pick,couple,pick couple,100,2883,4.6,pick a couple of,3.93,5,12,182.09,258.84,294.35,314.51,1,0,94,8
pick,date,pick date,100,8164,6.09,pick a date,3.9,8,12,224.11,324.69,358.45,374.86,1,0,94,7
pick,day,pick day,100,9698,4.81,pick a day,3.92,10,12,202.17,322.8,424.94,489.25,1,0,94,31
pick,example,pick example,100,4364,4.67,pick an example,3.03,6,12,242.85,422.42,514.37,556.22,1,0,94,3
pick,favorite,pick favorite,100,10568,7.29,pick a favorite,2.71,3,12,87.155,150.92,174.65,186.79,1,0,94,1
pick,fight,pick fight,100,25712,8.41,pick a fight,4.2,5,12,166.91,274.84,323.71,354.02,1,0,94,3
pick,flower,pick flower,100,9251,7.02,picking flowers,5.0,3,12,143.8,233.16,273.15,294.9,1,0,94,6
pick,food,pick food,100,3139,4.32,pick food,4.8,3,12,169.07,241.2,280.07,303.04,1,0,94,18
pick,fruit,pick fruit,100,12897,7.38,picking fruit,4.81,3,12,128.34,194.72,221.4,242.63,1,0,94,8
pick,game,pick game,100,8499,4.77,pick a game,4.5,11,12,197.97,310.04,362.54,399.13,1,0,94,35
pick,girl,pick girl,100,3164,4.7,pick a girl,4.85,5,12,134.18,267.25,335.11,371.05,1,0,94,7
pick,grape,pick grape,100,5348,6.6,picking grapes,5.0,3,12,64.11,93.555,108.81,121.07,1,0,94,2
pick,group,pick group,100,2876,3.74,pick a group,4.12,3,12,225.61,346.48,394.01,420.34,1,0,94,12
pick,guy,pick guy,100,5426,5.51,pick a guy,4.68,3,12,158.9,243.11,283.09,309.25,1,0,94,10
pick,hand,pick hand,100,3110,4.0,hand picked,4.72,14,12,269.2,382.64,427.86,454.46,1,0,94,33
pick,hole,pick hole,100,2982,5.05,pick holes in,4.81,8,12,152.7,225.93,256.73,271.99,1,0,94,7
pick,image,pick image,100,2903,3.98,pick an image,3.85,9,12,179.93,316.21,370.25,403.89,1,0,94,21
pick,item,pick item,100,9373,5.93,pick the item,4.41,5,12,197.78,301.7,343.31,365.49,1,0,94,15
pick,kid,pick kid,100,3647,4.88,pick the kids,4.56,5,12,142.79,214.98,258.8,288.66,1,0,94,11
pick,leaf,pick leaf,100,3768,5.78,leaves are picked,5.0,3,12,136.48,208.19,246.0,268.67,1,0,94,5
pick,line,pick line,100,4438,4.42,pick a line,4.5,30,12,253.42,357.41,397.32,421.22,1,0,94,42
pick,location,pick location,100,6227,5.81,pick a location,3.0,4,12,241.48,345.63,390.45,413.51,1,0,94,4
pick,lock,pick lock,100,10219,7.4,pick the lock,4.65,6,12,123.39,173.09,188.93,197.25,1,0,94,6
pick,man,pick man,100,6429,4.53,picked men,4.79,11,12,192.73,336.5,412.7,455.21,1,0,94,37
pick,model,pick model,100,2943,4.0,pick a model,4.53,9,12,257.89,360.86,399.17,421.43,1,0,94,10
pick,moment,pick moment,100,4077,5.16,picked that moment,1.61,6,12,260.29,370.13,427.44,458.27,1,0,94,8
pick,movie,pick movie,100,3052,4.76,pick a movie,4.59,1,12,131.6,261.96,330.13,368.81,1,0,94,3
pick,name,pick name,100,16518,5.88,pick a name,3.5,6,12,276.55,417.22,464.64,487.44,1,0,94,16
pick,nose,pick nose,100,6542,6.71,picking his nose,4.89,8,12,86.205,142.41,175.82,206.83,1,0,94,4
pick,number,pick number,100,15235,5.32,pick a number,3.3,11,12,198.05,280.36,322.92,351.63,1,0,94,36
pick,one,pick one,100,8506,5.97,pick the ones,3.97,2,12,168.46,247.06,286.49,310.04,1,0,94,4
pick,option,pick option,100,7686,5.18,pick the option,2.39,3,12,177.96,261.29,294.17,310.74,1,0,94,3
pick,order,pick order,100,2844,4.2,picking orders,2.79,15,12,200.56,276.77,305.55,320.28,1,0,94,8
pick,part,pick part,100,3894,2.96,pick the parts,3.29,12,12,237.04,382.12,430.05,454.33,1,0,94,30
pick,partner,pick partner,100,2695,4.8,pick a partner,3.53,3,12,230.46,320.99,354.06,372.32,1,0,94,2
pick,path,pick path,100,2909,4.75,pick a path,4.41,4,12,182.08,275.19,315.19,334.94,1,0,94,7
pick,people,pick people,100,9680,3.97,pick people,4.82,4,12,190.25,264.24,315.17,343.14,1,0,94,39
pick,person,pick person,100,5095,4.72,pick one person,4.72,3,12,154.72,265.14,314.69,341.74,1,0,94,9
pick,piece,pick piece,100,5613,5.15,pick a piece,4.14,13,12,236.3,331.62,361.88,377.98,1,0,94,26
pick,place,pick place,100,8779,4.53,pick a place,3.48,16,12,235.9,337.1,371.44,386.77,1,0,94,13
pick,plan,pick plan,100,2939,3.8,pick a plan,3.4,3,12,144.41,259.22,311.43,339.79,1,0,94,17
pick,player,pick player,100,10434,5.92,pick players,4.15,5,12,226.69,338.56,382.77,407.1,1,0,94,13
pick,pocket,pick pocket,100,6971,6.88,picking pockets,4.68,9,12,120.39,170.6,191.77,202.42,1,0,94,2
pick,point,pick point,100,8515,4.84,pick a point,3.39,26,12,249.95,349.67,391.1,417.02,1,0,94,21
pick,poison,pick poison,100,3958,6.19,pick your poison,4.27,2,12,75.783,113.59,128.06,136.3,1,0,94,3
pick,product,pick product,100,5268,4.45,pick a product,4.17,6,12,227.73,323.72,365.31,390.22,1,0,94,15
pick,project,pick project,100,3881,4.11,pick a project,3.62,2,12,170.17,284.97,344.87,374.52,1,0,94,19
pick,route,pick route,100,3116,5.07,pick a route,3.88,2,12,207.94,325.32,374.6,406.27,1,0,94,3
pick,season,pick season,100,2833,4.52,picking season,3.32,3,12,247.21,364.08,408.66,437.05,1,0,94,8
pick,show,pick show,100,2792,4.36,show was picked,3.97,4,12,226.11,322.61,364.16,391.95,1,0,94,8
pick,side,pick side,100,11945,6.62,pick a side,3.68,12,12,242.69,366.37,436.59,477.44,1,0,94,25
pick,site,pick site,100,4275,4.46,pick a site,4.56,3,12,252.6,368.9,411.88,434.34,1,0,94,18
pick,size,pick size,100,3420,4.85,pick the size,3.13,5,12,173.15,273.77,321.77,346.77,1,0,94,3
pick,song,pick song,100,10713,6.2,pick a song,4.46,6,12,201.8,327.69,394.38,431.11,1,0,94,8
pick,spot,pick spot,100,13707,7.11,pick a spot,4.21,14,12,189.76,265.56,289.52,300.88,1,0,94,3
pick,stock,pick stock,100,5820,6.13,picking stocks,4.19,17,12,126.63,186.3,217.83,237.29,1,0,94,7
pick,story,pick story,100,5185,4.26,story was picked up,3.3,6,12,197.18,328.22,376.06,402.62,1,0,94,28
pick,strawberry,pick strawberry,100,3567,6.08,picking strawberries,5.0,3,12,69.403,97.953,112.53,125.11,1,0,94,1
pick,stuff,pick stuff,100,3282,4.86,pick stuff,3.13,7,12,154.36,228.68,256.01,270.5,1,0,94,15
pick,style,pick style,100,4120,5.26,picking style,2.67,9,12,265.3,373.91,413.91,433.56,1,0,94,6
pick,target,pick target,100,4807,5.61,pick a target,4.11,5,12,165.15,233.33,258.47,270.78,1,0,94,6
pick,team,pick team,100,13876,5.93,pick a team,3.79,2,12,204.37,328.15,369.37,388.62,1,0,94,22
pick,theme,pick theme,100,4924,5.77,pick a theme,2.72,5,12,220.34,310.53,346.82,364.6,1,0,94,2
pick,thing,pick thing,100,16501,4.88,pick things,3.17,12,12,143.55,268.8,339.04,370.97,1,0,94,51
pick,time,pick time,100,14236,4.17,pick a time,3.07,10,12,273.83,408.51,469.17,512.74,1,0,94,50
pick,tomato,pick tomato,100,3139,5.78,picking tomatoes,5.0,2,12,47.116,90.08,130.19,155.75,1,0,94,3
pick,tool,pick tool,100,2865,4.03,picking tools,4.6,4,12,195.29,277.16,313.4,337.24,1,0,94,8
pick,topic,pick topic,100,7277,6.13,pick a topic,2.59,2,12,162.01,282.46,335.87,361.07,1,0,94,4
pick,type,pick type,100,4214,4.49,pick the type,3.3,6,12,226.92,328.99,379.79,411.33,1,0,94,5
pick,value,pick value,100,2771,3.54,pick a value,1.62,6,12,204.29,287.34,318.64,334.81,1,0,94,21
pick,way,pick way,100,17580,4.85,picked his way,2.34,12,12,244.04,355.4,397.34,421.07,1,0,94,38
pick,week,pick week,100,3650,4.39,pick this week,3.48,3,12,117.72,290.99,387.43,468.98,1,0,94,7
pick,winner,pick winner,100,25931,8.33,pick a winner,3.21,3,12,161.86,268.28,315.83,341.99,1,0,94,1
pick,woman,pick woman,100,2772,3.78,pick a woman,4.46,4,12,176.89,278.3,349.75,390.06,1,0,94,19
pick,word,pick word,100,6302,4.86,pick a word,3.56,10,12,247.83,371.55,418.36,446.17,1,0,94,25
pick,year,pick year,100,9676,4.36,pick this year,3.25,4,12,119.49,308.84,424.66,500.24,1,0,94,26
pierce,air,pierce air,100,2130,5.78,pierced the air,4.11,9,5,153.36,215.5,239.69,254.08,1,0,73,13
pierce,arm,pierce arm,100,292,2.44,pierced his arm,4.96,6,5,180.22,255.25,290.97,315.14,1,0,73,21
pierce,armor,pierce armor,100,1395,7.26,pierce armor,4.76,3,5,56.691,102.87,119.08,127.3,1,0,73,1
pierce,back,pierce back,100,409,3.41,pierced his back,4.33,9,5,202.43,294.7,348.59,382.6,1,0,73,9
pierce,barrier,pierce barrier,100,346,3.59,pierce the barrier,4.41,3,5,128.97,196.07,218.23,228.6,1,0,73,7
pierce,base,pierce base,100,258,2.4,piercing the base,3.86,20,5,222.59,315.28,348.13,366.59,1,0,73,6
pierce,body,pierce body,100,2109,4.1,pierced his body,4.79,11,5,237.41,335.77,373.18,393.77,1,0,73,40
pierce,bone,pierce bone,100,241,3.66,bone pierced,4.9,3,5,113.62,182.3,215.25,233.86,1,0,73,6
pierce,bottom,pierce bottom,100,217,3.9,pierce the bottom,4.25,7,5,172.01,278.17,333.64,367.87,1,0,73,3
pierce,brain,pierce brain,100,461,4.21,pierced his brain,4.69,5,5,120.31,177.7,212.37,233.34,1,0,73,8
pierce,breast,pierce breast,100,414,5.21,pierced his breast,4.89,4,5,85.921,129.13,149.15,161.41,1,0,73,2
pierce,bubble,pierce bubble,100,284,4.67,pierce the bubble,4.6,4,5,75.271,108.46,122.55,130.76,1,0,73,3
pierce,center,pierce center,100,272,2.63,piercing the center,3.85,18,5,222.58,319.74,360.42,387.56,1,0,73,5
pierce,chest,pierce chest,100,791,6.25,pierced his chest,4.93,4,5,101.46,146.27,172.5,202.92,1,0,73,4
pierce,cloud,pierce cloud,100,983,5.91,pierce the clouds,4.54,6,5,124.12,188.24,224.19,244.7,1,0,73,3
pierce,darkness,pierce darkness,100,1797,7.64,pierce the darkness,3.85,6,5,114.39,168.09,194.04,209.34,1,0,73,1
pierce,defense,pierce defense,100,281,3.6,pierce the defenses,2.45,12,5,121.41,203.86,233.72,247.62,1,0,73,2
pierce,ear,pierce ear,100,7182,8.52,pierced ears,5.0,5,5,96.208,155.07,189.7,219.75,1,0,73,8
pierce,eardrum,pierce eardrum,100,302,6.04,pierced his eardrums,4.58,1,5,19.945,28.727,33.304,37.194,1,0,73,1
pierce,enemy,pierce enemy,100,268,2.94,pierce enemies,2.83,4,5,148.22,227.71,259.5,276.9,1,0,73,13
pierce,eye,pierce eye,100,3347,4.79,piercing blue eyes,4.9,5,5,206.15,312.42,361.23,392.48,1,0,73,19
pierce,fabric,pierce fabric,100,231,3.81,pierce the fabric,4.63,2,5,103.84,177.02,211.66,229.92,1,0,73,6
pierce,face,pierce face,100,270,2.08,pierced face,4.87,13,5,234.58,343.73,395.03,428.46,1,0,73,15
pierce,flesh,pierce flesh,100,1508,7.06,pierce the flesh,4.59,3,5,117.07,169.48,189.27,199.45,1,0,73,4
pierce,fog,pierce fog,100,406,6.04,pierce the fog,4.66,3,5,57.435,109.68,130.91,144.28,1,0,73,1
pierce,foot,pierce foot,100,649,3.29,pierced feet,4.9,11,5,236.46,337.5,383.01,409.62,1,0,73,23
pierce,gloom,pierce gloom,100,469,6.59,pierce the gloom,1.86,3,5,63.701,91.566,103.82,111.33,1,0,73,2
pierce,ground,pierce ground,100,227,2.11,pierced the ground,4.77,11,5,207.06,291.84,324.49,350.64,1,0,73,13
pierce,hand,pierce hand,100,1799,3.61,pierced my hands,4.72,14,5,269.2,382.64,427.86,454.46,1,0,73,33
pierce,head,pierce head,100,564,2.28,pierced his head,4.75,33,5,299.95,421.51,474.88,503.64,1,0,73,28
pierce,heart,pierce heart,100,7699,7.04,pierced his heart,4.52,10,5,222.29,308.92,338.38,354.34,1,0,73,18
pierce,heaven,pierce heaven,100,453,5.23,pierce the heavens,1.81,2,5,115.55,181.53,206.93,219.56,1,0,73,1
pierce,hide,pierce hide,100,228,5.32,pierce the hide,3.21,2,5,42.38,63.626,71.621,75.835,1,0,73,1
pierce,hole,pierce hole,100,2397,5.79,pierce a hole,4.81,8,5,152.7,225.93,256.73,271.99,1,0,73,7
pierce,hull,pierce hull,100,391,5.84,pierce the hull,4.29,6,5,135.28,184.85,200.64,208.44,1,0,73,1
pierce,jewelry,pierce jewelry,100,371,5.48,body piercing jewelry,4.82,1,5,52.164,100.72,122.02,135.05,1,0,73,1
pierce,layer,pierce layer,100,385,3.42,pierce the layers,3.52,5,5,209.54,295.05,324.1,342.07,1,0,73,8
pierce,leg,pierce leg,100,235,2.69,pierced his leg,4.83,9,5,134.48,212.33,256.38,294.07,1,0,73,17
pierce,line,pierce line,100,589,1.87,line was pierced,4.5,30,5,253.42,357.41,397.32,421.22,1,0,73,42
pierce,lip,pierce lip,100,608,4.94,pierced lip,4.96,5,5,77.69,125.74,156.68,180.84,1,0,73,7
pierce,lung,pierce lung,100,560,6.16,pierced his lung,4.82,1,5,61.534,102.35,126.85,144.43,1,0,73,2
pierce,meat,pierce meat,100,240,3.34,pierce the meat,4.9,3,5,92.942,146.23,184.83,210.57,1,0,73,6
pierce,membrane,pierce membrane,100,317,5.23,pierce the membrane,3.97,2,5,110.63,158.18,179.23,194.9,1,0,73,1
pierce,mind,pierce mind,100,290,2.08,pierced her mind,2.5,7,5,197.15,276.78,313.43,334.55,1,0,73,16
pierce,navel,pierce navel,100,391,6.43,pierced navel,4.71,2,5,26.341,37.084,42.02,45.895,1,0,73,1
pierce,neck,pierce neck,100,386,4.87,pierced his neck,5.0,5,5,103.05,160.31,195.22,234.8,1,0,73,8
pierce,night,pierce night,100,711,3.25,pierced the night,4.52,8,5,159.19,285.53,366.7,433.96,1,0,73,4
pierce,nipple,pierce nipple,100,1522,7.8,pierced nipples,4.83,2,5,33.037,48.872,56.661,62.685,1,0,73,2
pierce,nose,pierce nose,100,1097,6.11,pierced nose,4.89,8,5,86.205,142.41,175.82,206.83,1,0,73,4
pierce,part,pierce part,100,677,0.58,pierced body parts,3.29,12,5,237.04,382.12,430.05,454.33,1,0,73,30
pierce,plate,pierce plate,100,280,3.33,plate pierced,4.77,15,5,166.84,231.74,255.92,275.74,1,0,73,8
pierce,roof,pierce roof,100,734,5.45,roof pierced,4.79,4,5,145.78,227.18,265.61,294.6,1,0,73,2
pierce,round,pierce round,100,538,3.64,armor piercing rounds,3.9,14,5,139.8,209.38,243.16,267.85,1,0,73,8
pierce,shadow,pierce shadow,100,210,3.86,pierce the shadows,4.54,9,5,136.51,200.2,223.91,235.43,1,0,73,5
pierce,shell,pierce shell,100,676,5.54,piercing shells,4.8,10,5,144.02,200.96,221.4,233.86,1,0,73,3
pierce,shield,pierce shield,100,537,5.6,pierce the shield,4.66,3,5,101.88,146.24,162.88,172.23,1,0,73,1
pierce,shoulder,pierce shoulder,100,288,4.22,pierced his shoulder,4.93,5,5,98.948,172.54,218.33,259.56,1,0,73,6
pierce,side,pierce side,100,2482,5.05,pierced side,3.68,12,5,242.69,366.37,436.59,477.44,1,0,73,25
pierce,silence,pierce silence,100,734,5.85,pierced the silence,3.33,4,5,107.25,151.56,168.73,179.07,1,0,73,3
pierce,skin,pierce skin,100,5027,6.99,pierce the skin,4.79,6,5,169.4,240.84,276.4,299.07,1,0,73,10
pierce,skull,pierce skull,100,577,6.15,pierced his skull,4.83,1,5,85.681,134.14,160.28,175.12,1,0,73,4
pierce,sky,pierce sky,100,1506,6.74,pierce the sky,4.45,1,5,148.71,216.65,249.44,270.94,1,0,73,2
pierce,soul,pierce soul,100,1662,5.7,pierce your own soul,1.86,5,5,173.0,242.94,270.78,286.52,1,0,73,10
pierce,surface,pierce surface,100,556,3.96,pierce the surface,4.26,6,5,249.55,357.56,402.19,427.02,1,0,73,10
pierce,target,pierce target,100,261,2.33,pierce the target,4.11,5,5,165.15,233.33,258.47,270.78,1,0,73,6
pierce,thigh,pierce thigh,100,210,5.04,thigh is pierced,4.9,2,5,49.658,82.519,109.85,130.67,1,0,73,1
pierce,throat,pierce throat,100,309,4.94,pierced his throat,4.97,4,5,78.256,118.6,144.46,163.8,1,0,73,3
pierce,tissue,pierce tissue,100,243,3.9,pierce plant tissues,4.93,2,5,130.64,195.84,232.23,256.76,1,0,73,5
pierce,tongue,pierce tongue,100,1107,6.34,pierced tongue,4.93,8,5,111.81,154.76,172.28,185.07,1,0,73,4
pierce,top,pierce top,100,302,3.59,pierce the top,3.93,11,5,196.8,334.23,419.4,464.91,1,0,73,10
pierce,veil,pierce veil,100,4674,9.45,pierce the veil,4.45,4,5,55.696,92.966,107.25,114.28,1,0,73,2
pierce,wall,pierce wall,100,1916,5.45,walls pierced,4.86,8,5,199.95,305.54,363.69,395.21,1,0,73,15
pierce,window,pierce window,100,264,2.09,pierced the window,4.86,8,5,140.8,244.66,291.16,317.16,1,0,73,15
pin,app,pin app,100,807,4.36,pinned apps,3.86,0,4,62.084,92.099,106.89,115.09,1,0,83,4
pin,application,pin application,100,344,1.41,pinned applications,3.4,7,4,197.63,277.64,315.37,336.82,1,0,83,8
pin,arm,pin arm,100,3524,6.0,arms pinned,4.96,6,4,180.22,255.25,290.97,315.14,1,0,83,21
pin,attack,pin attack,100,277,2.14,pin the attack,3.71,9,4,172.82,287.0,339.01,372.67,1,0,83,14
pin,badge,pin badge,100,1090,6.52,badge pinned,4.93,2,4,80.909,130.73,153.86,167.48,1,0,83,1
pin,blame,pin blame,100,6337,9.14,to pin the blame,2.06,2,4,57.303,82.246,91.476,96.689,1,0,83,3
pin,body,pin body,100,577,2.22,body pinned,4.79,11,4,237.41,335.77,373.18,393.77,1,0,83,40
pin,button,pin button,100,381,2.79,button pinned,4.96,7,4,102.78,169.21,197.28,212.68,1,0,83,5
pin,card,pin card,100,458,2.42,card pinned,4.9,11,4,148.11,207.64,231.41,245.34,1,0,83,11
pin,comment,pin comment,100,319,1.99,pinned comment,3.29,3,4,189.26,301.09,350.85,380.78,1,0,83,7
pin,content,pin content,100,409,2.02,pinned content,2.59,7,4,164.92,250.07,280.91,297.3,1,0,83,17
pin,crime,pin crime,100,729,4.12,pin the crime on,3.03,2,4,110.39,176.43,212.35,236.78,1,0,83,3
pin,date,pin date,100,308,2.04,pin a date,3.9,8,4,224.11,324.69,358.45,374.86,1,0,83,7
pin,ear,pin ear,100,2837,7.07,ears pinned,5.0,5,4,96.208,155.07,189.7,219.75,1,0,83,8
pin,edge,pin edge,100,622,4.03,pinned edge,4.24,6,4,213.73,320.46,371.12,406.55,1,0,83,8
pin,end,pin end,100,615,2.93,pin the ends,3.14,14,4,214.61,386.98,458.38,496.15,1,0,83,9
pin,enemy,pin enemy,100,429,3.56,pin the enemy,2.83,4,4,148.22,227.71,259.5,276.9,1,0,83,13
pin,eye,pin eye,100,601,2.29,eyes pinned,4.9,5,4,206.15,312.42,361.23,392.48,1,0,83,19
pin,fabric,pin fabric,100,447,4.65,pin the fabric,4.63,2,4,103.84,177.02,211.66,229.92,1,0,83,6
pin,faith,pin faith,100,857,4.6,pin their faith,1.63,4,4,140.78,206.99,234.99,249.85,1,0,83,5
pin,file,pin file,100,279,1.06,pinned files,4.41,4,4,161.95,238.97,274.76,297.38,1,0,83,9
pin,flag,pin flag,100,334,3.44,flag pinned,4.79,7,4,118.42,169.96,192.99,204.91,1,0,83,6
pin,flower,pin flower,100,413,3.97,flower pinned,5.0,3,4,143.8,233.16,273.15,294.9,1,0,83,6
pin,foot,pin foot,100,273,2.01,foot pinned,4.9,11,4,236.46,337.5,383.01,409.62,1,0,83,23
pin,guy,pin guy,100,284,1.94,guy pinned,4.68,3,4,158.9,243.11,283.09,309.25,1,0,83,10
pin,hair,pin hair,100,1623,5.09,hair pinned,4.97,6,4,145.81,211.36,244.64,264.55,1,0,83,12
pin,hand,pin hand,100,1129,2.93,hands pinned,4.72,14,4,269.2,382.64,427.86,454.46,1,0,83,33
pin,head,pin head,100,464,1.99,head pinned,4.75,33,4,299.95,421.51,474.88,503.64,1,0,83,28
pin,hope,pin hope,100,12893,8.27,pinning their hopes,1.25,6,4,166.95,241.91,272.45,287.77,1,0,83,11
pin,icon,pin icon,100,386,4.13,pinned icons,3.46,3,4,136.89,194.16,215.84,225.95,1,0,83,1
pin,idea,pin idea,100,409,0.79,pinning ideas,1.61,5,4,186.11,292.47,339.77,365.76,1,0,83,31
pin,image,pin image,100,1320,3.25,pin images,3.85,9,4,179.93,316.21,370.25,403.89,1,0,83,21
pin,item,pin item,100,939,3.12,pinned items,4.41,5,4,197.78,301.7,343.31,365.49,1,0,83,15
pin,label,pin label,100,737,4.77,pin a label,4.46,4,4,152.77,246.72,285.4,306.92,1,0,83,4
pin,layer,pin layer,100,383,3.36,pinned layer,3.52,5,4,209.54,295.05,324.1,342.07,1,0,83,8
pin,leg,pin leg,100,1023,4.75,legs pinned,4.83,9,4,134.48,212.33,256.38,294.07,1,0,83,17
pin,list,pin list,100,295,1.15,list pinned,4.43,2,4,182.17,265.47,300.93,321.78,1,0,83,9
pin,location,pin location,100,548,3.06,pinned location,3.0,4,4,241.48,345.63,390.45,413.51,1,0,83,4
pin,loss,pin loss,100,450,2.69,pin the loss,2.19,8,4,224.78,325.17,364.27,385.08,1,0,83,9
pin,lot,pin lot,100,443,0.16,pinning a lot,3.7,7,4,144.92,243.93,294.05,322.54,1,0,83,34
pin,man,pin man,100,1463,2.65,man pinned,4.79,11,4,192.73,336.5,412.7,455.21,1,0,83,37
pin,medal,pin medal,100,1147,5.89,pin a medal,4.89,1,4,95.907,143.5,160.19,168.95,1,0,83,2
pin,memory,pin memory,100,303,2.51,pinned memory,2.38,5,4,208.41,286.39,315.63,333.95,1,0,83,12
pin,message,pin message,100,447,1.94,pinned messages,3.97,2,4,175.56,250.41,284.71,304.77,1,0,83,13
pin,murder,pin murder,100,797,5.45,pin the murder on,3.61,1,4,142.13,239.95,297.53,332.26,1,0,83,1
pin,name,pin name,100,402,0.77,pin a name,3.5,6,4,276.55,417.22,464.64,487.44,1,0,83,16
pin,note,pin note,100,1511,4.12,note pinned to,4.61,9,4,185.39,262.54,291.67,307.86,1,0,83,8
pin,number,pin number,100,1388,2.05,pin numbers,3.3,11,4,198.05,280.36,322.92,351.63,1,0,83,36
pin,object,pin object,100,375,2.39,pinned objects,3.66,5,4,227.43,320.07,354.24,371.31,1,0,83,11
pin,opponent,pin opponent,100,1725,6.24,pinned his opponent,3.52,2,4,176.66,283.87,330.83,357.57,1,0,83,12
pin,page,pin page,100,442,1.81,pinned pages,4.9,6,4,188.45,271.09,309.07,332.21,1,0,83,11
pin,paper,pin paper,100,512,2.73,paper pinned to,4.93,7,4,155.17,242.42,275.37,290.75,1,0,83,8
pin,photo,pin photo,100,633,2.86,pin photos,4.93,1,4,102.55,203.45,258.19,285.53,1,0,83,8
pin,picture,pin picture,100,585,2.36,pin pictures,4.52,10,4,124.67,237.09,298.33,333.94,1,0,83,7
pin,piece,pin piece,100,1294,3.52,pinned piece,4.14,13,4,236.3,331.62,361.88,377.98,1,0,83,26
pin,pin,pin pin,100,755,5.34,"pin 1 , pin",4.92,11,4,81.764,127.73,151.02,165.39,1,0,83,3
pin,point,pin point,100,4079,4.02,to pin point,3.39,26,4,249.95,349.67,391.1,417.02,1,0,83,21
pin,post,pin post,100,1766,4.39,pinned post,4.3,11,4,152.62,212.88,237.75,249.94,1,0,83,7
pin,problem,pin problem,100,387,0.17,pin the problem,2.68,3,4,202.61,312.71,353.01,375.03,1,0,83,16
pin,program,pin program,100,317,0.52,pinned programs,3.43,8,4,175.08,280.8,337.3,363.32,1,0,83,15
pin,recipe,pin recipe,100,865,4.63,Pin the recipe,4.43,1,4,119.4,170.81,194.14,207.31,1,0,83,3
pin,responsibility,pin responsibility,100,543,3.04,to pin responsibility,1.4,3,4,139.46,206.54,231.4,249.11,1,0,83,6
pin,ribbon,pin ribbon,100,611,5.94,ribbon pinned,4.89,4,4,78.041,114.23,131.11,140.71,1,0,83,3
pin,section,pin section,100,414,2.32,pinned section,3.24,14,4,251.58,357.1,398.07,416.69,1,0,83,11
pin,sheet,pin sheet,100,282,3.26,sheet pinned,4.93,8,4,140.04,200.46,227.33,241.42,1,0,83,5
pin,shortcut,pin shortcut,100,315,4.91,pin shortcuts,3.2,1,4,41.543,62.489,69.386,73.184,1,0,83,1
pin,shoulder,pin shoulder,100,476,4.82,shoulders pinned,4.93,5,4,98.948,172.54,218.33,259.56,1,0,83,6
pin,side,pin side,100,730,3.26,side pinned,3.68,12,4,242.69,366.37,436.59,477.44,1,0,83,25
pin,site,pin site,100,436,1.55,pinned sites,4.56,3,4,252.6,368.9,411.88,434.34,1,0,83,18
pin,star,pin star,100,393,3.21,star pinned,4.69,8,4,232.29,333.61,372.01,391.88,1,0,83,3
pin,tab,pin tab,100,781,5.43,pinned tabs,4.14,5,4,74.224,109.1,123.9,133.92,1,0,83,4
pin,tail,pin tail,100,1537,6.77,pin the tail on the donkey,4.96,8,4,108.95,165.48,193.88,214.43,1,0,83,7
pin,team,pin team,100,292,0.68,team pinned,3.79,2,4,204.37,328.15,369.37,388.62,1,0,83,22
pin,thing,pin thing,100,1181,1.2,pin things,3.17,12,4,143.55,268.8,339.04,370.97,1,0,83,51
pin,thread,pin thread,100,1065,4.84,pinned thread,4.83,4,4,107.65,151.12,168.96,178.79,1,0,83,9
pin,throttle,pin throttle,100,386,5.67,pin the throttle,4.24,2,4,36.471,51.72,58.09,61.665,1,0,83,3
pin,tile,pin tile,100,313,4.55,pinned tiles,4.68,3,4,94.015,145.97,168.71,182.34,1,0,83,2
pin,topic,pin topic,100,619,3.39,pinned topic,2.59,2,4,162.01,282.46,335.87,361.07,1,0,83,4
pin,version,pin version,100,387,1.52,pinned version,1.7,6,4,263.55,386.28,441.13,471.77,1,0,83,10
pin,victim,pin victim,100,302,2.69,pinning the victim,3.59,2,4,144.96,233.01,264.82,282.56,1,0,83,6
pin,wing,pin wing,100,433,4.3,wings pinned,4.86,11,4,178.97,258.26,286.62,300.31,1,0,83,5
pin,woman,pin woman,100,476,1.6,woman pinned,4.46,4,4,176.89,278.3,349.75,390.06,1,0,83,19
pin,wrist,pin wrist,100,577,5.92,wrists pinned,4.93,1,4,41.938,84.636,123.83,149.09,1,0,83,7
plant,acre,plant acre,100,10993,8.07,acres planted,4.18,3,6,102.13,176.71,208.04,225.9,1,0,89,3
plant,aquarium,plant aquarium,100,1318,5.53,planted aquarium,4.77,1,6,63.854,89.079,98.611,104.29,1,0,89,1
plant,area,plant area,100,11305,5.56,planted area,3.72,6,6,263.68,404.24,463.02,501.91,1,0,89,24
plant,bean,plant bean,100,2829,6.33,planted beans,5.0,4,6,64.313,109.95,139.3,161.05,1,0,89,3
plant,bed,plant bed,100,4766,6.58,planting beds,5.0,8,6,186.07,256.31,284.89,302.37,1,0,89,3
plant,bomb,plant bomb,100,16113,8.6,bomb planted,4.84,3,6,82.168,128.66,156.09,175.26,1,0,89,7
plant,bug,plant bug,100,1305,4.69,plant a bug,5.0,5,6,90.702,134.72,154.59,166.79,1,0,89,6
plant,bulb,plant bulb,100,7167,7.7,planting bulbs,4.93,6,6,89.186,127.62,140.79,148.07,1,0,89,1
plant,bush,plant bush,100,2506,6.4,bushes planted,4.9,7,6,69.084,124.53,164.34,188.47,1,0,89,1
plant,church,plant church,100,10223,7.15,planting churches,4.9,4,6,201.2,314.22,372.83,407.26,1,0,89,5
plant,colony,plant colony,100,1316,5.23,plant a colony,3.77,6,6,134.31,197.09,219.94,231.72,1,0,89,1
plant,corn,plant corn,100,9092,8.13,planting corn,4.96,7,6,54.492,96.797,122.07,140.4,1,0,89,3
plant,cotton,plant cotton,100,1504,5.64,planting cotton,4.97,4,6,83.538,141.64,162.82,176.95,1,0,89,4
plant,crop,plant crop,100,26269,9.19,planting crops,4.24,6,6,130.57,186.59,211.43,228.77,1,0,89,4
plant,cutting,plant cutting,100,1216,5.36,cuttings planted,4.11,10,6,73.843,108.42,123.73,131.21,1,0,89,1
plant,date,plant date,100,3558,5.21,planting date,3.9,8,6,224.11,324.69,358.45,374.86,1,0,89,7
plant,day,plant day,100,1780,2.47,planting day,3.92,10,6,202.17,322.8,424.94,489.25,1,0,89,31
plant,device,plant device,100,2604,4.55,device planted,3.97,5,6,184.14,273.74,314.56,337.87,1,0,89,10
plant,drug,plant drug,100,1584,4.52,planting drugs,4.48,1,6,122.95,192.91,226.63,245.26,1,0,89,3
plant,evidence,plant evidence,100,3627,4.68,planted evidence,3.65,3,6,161.8,250.91,291.33,310.6,1,0,89,5
plant,explosive,plant explosive,100,2818,6.57,planted explosives,3.74,1,6,56.059,88.868,110.54,124.49,1,0,89,3
plant,fall,plant fall,100,1183,4.69,planted last fall,4.04,12,6,229.31,335.16,371.81,391.02,1,0,89,2
plant,field,plant field,100,5782,5.92,planted fields,4.26,17,6,244.0,344.01,383.08,400.82,1,0,89,12
plant,flag,plant flag,100,8200,7.29,plant a flag,4.79,7,6,118.42,169.96,192.99,204.91,1,0,89,6
plant,flower,plant flower,100,11053,7.86,planting flowers,5.0,3,6,143.8,233.16,273.15,294.9,1,0,89,6
plant,food,plant food,100,999,2.91,planting food,4.8,3,6,169.07,241.2,280.07,303.04,1,0,89,18
plant,foot,plant foot,100,16612,7.54,feet planted,4.9,11,6,236.46,337.5,383.01,409.62,1,0,89,23
plant,forest,plant forest,100,4633,6.86,planted forests,4.76,2,6,141.43,220.17,259.48,285.63,1,0,89,3
plant,fruit,plant fruit,100,1371,4.67,planting fruit,4.81,3,6,128.34,194.72,221.4,242.63,1,0,89,8
plant,garden,plant garden,100,21526,8.8,plant a garden,4.73,3,6,184.6,262.82,292.58,310.91,1,0,89,1
plant,garlic,plant garlic,100,2104,6.11,planting garlic,4.89,2,6,49.955,92.072,118.38,136.77,1,0,89,1
plant,grape,plant grape,100,3212,6.66,planted grape,5.0,3,6,64.11,93.555,108.81,121.07,1,0,89,2
plant,grass,plant grass,100,3982,6.83,planting grass,4.93,5,6,138.82,202.63,235.02,253.92,1,0,89,4
plant,grove,plant grove,100,1208,5.43,planted a grove,4.76,2,6,102.88,146.67,168.0,181.82,1,0,89,1
plant,hand,plant hand,100,2367,3.8,hands planted,4.72,14,6,269.2,382.64,427.86,454.46,1,0,89,33
plant,hedge,plant hedge,100,1699,5.9,planting hedges,4.54,3,6,74.309,115.8,132.35,141.8,1,0,89,1
plant,herb,plant herb,100,1840,5.79,planting herbs,4.57,2,6,99.588,142.4,158.68,170.03,1,0,89,2
plant,hundred,plant hundred,100,1088,4.22,planted hundreds of,3.2,1,6,62.203,182.2,248.64,284.5,1,0,89,4
plant,idea,plant idea,100,3968,3.94,planted the idea,1.61,5,6,186.11,292.47,339.77,365.76,1,0,89,31
plant,kind,plant kind,100,1045,2.63,plant all kinds,2.07,1,6,133.27,291.79,361.24,396.17,1,0,89,12
plant,kiss,plant kiss,100,6897,7.78,planted a kiss,4.48,4,6,79.436,123.41,140.16,149.2,1,0,89,2
plant,land,plant land,100,2533,4.74,land planted,4.57,11,6,211.49,302.04,339.59,359.75,1,0,89,10
plant,landmine,plant landmine,100,1115,5.34,landmines planted,4.85,0,6,36.077,55.561,63.667,67.52,1,0,89,1
plant,lot,plant lot,100,2364,2.5,planted a lot,3.7,7,6,144.92,243.93,294.05,322.54,1,0,89,34
plant,material,plant material,100,3370,4.46,planting material,4.26,5,6,225.35,316.51,351.27,369.43,1,0,89,25
plant,mine,plant mine,100,2491,5.75,mines planted,3.56,2,6,129.16,191.91,219.85,235.59,1,0,89,5
plant,number,plant number,100,1493,2.06,planted a number,3.3,11,6,198.05,280.36,322.92,351.63,1,0,89,36
plant,one,plant one,100,1398,3.64,plant new ones,3.97,2,6,168.46,247.06,286.49,310.04,1,0,89,4
plant,onion,plant onion,100,1087,5.04,planting onions,4.86,3,6,44.124,96.685,136.56,161.44,1,0,89,3
plant,orchard,plant orchard,100,3598,6.98,planted an orchard,4.75,1,6,67.542,104.46,121.14,130.97,1,0,89,1
plant,palm,plant palm,100,1400,5.53,palms planted,4.83,4,6,72.686,104.53,117.41,124.41,1,0,89,2
plant,pea,plant pea,100,1594,5.79,planted peas,4.9,3,6,33.212,61.527,80.495,96.759,1,0,89,3
plant,perennial,plant perennial,100,1054,5.23,planting perennials,2.93,1,6,28.57,42.239,48.936,53.49,1,0,89,1
plant,pine,plant pine,100,1476,5.7,planted pines,4.37,2,6,62.178,90.59,106.58,119.37,1,0,89,1
plant,plant,plant plant,100,13147,7.27,plants were planted,4.76,4,6,229.53,338.39,377.64,397.49,1,0,89,10
plant,plot,plant plot,100,2041,5.53,plots planted,3.14,4,6,152.98,228.72,255.26,268.78,1,0,89,5
plant,pot,plant pot,100,1163,4.89,planting pots,4.81,9,6,92.316,147.83,182.1,202.46,1,0,89,4
plant,potato,plant potato,100,4409,6.89,planting potatoes,4.85,2,6,57.909,107.68,141.35,168.37,1,0,89,1
plant,program,plant program,100,1002,2.05,tree planting program,3.43,8,6,175.08,280.8,337.3,363.32,1,0,89,15
plant,rice,plant rice,100,1927,5.81,planting rice,4.86,4,6,99.209,160.13,184.21,199.75,1,0,89,3
plant,root,plant root,100,5382,6.77,roots firmly planted,4.34,8,6,183.82,254.44,278.26,289.43,1,0,89,4
plant,rose,plant rose,100,1859,5.94,planted roses,4.9,3,6,125.44,178.59,197.42,206.13,1,0,89,2
plant,row,plant row,100,3239,6.3,planted rows,3.93,7,6,190.8,265.67,288.07,299.28,1,0,89,4
plant,sapling,plant sapling,100,5490,7.63,planted saplings,4.52,1,6,33.484,48.615,54.754,58.076,1,0,89,1
plant,season,plant season,100,4064,5.34,planting season,3.32,3,6,247.21,364.08,408.66,437.05,1,0,89,8
plant,seed,plant seed,100,70907,10.43,planting seeds,4.71,5,6,144.65,206.61,233.49,248.01,1,0,89,10
plant,seedling,plant seedling,100,7912,8.08,planting seedlings,4.56,1,6,51.742,78.571,92.66,100.31,1,0,89,1
plant,shrub,plant shrub,100,4131,7.14,shrubs planted,4.92,1,6,80.562,126.38,149.98,165.06,1,0,89,1
plant,site,plant site,100,2209,3.7,planting site,4.56,3,6,252.6,368.9,411.88,434.34,1,0,89,18
plant,soybean,plant soybean,100,2618,6.55,planting soybeans,4.82,3,6,37.733,58.538,73.936,85.033,1,0,89,1
plant,spring,plant spring,100,1774,5.36,planted this spring,3.89,6,6,142.28,269.79,342.43,373.79,1,0,89,1
plant,stock,plant stock,100,1109,4.22,planting stock,4.19,17,6,126.63,186.3,217.83,237.29,1,0,89,7
plant,story,plant story,100,2901,3.55,planted stories,3.3,6,6,197.18,328.22,376.06,402.62,1,0,89,28
plant,strip,plant strip,100,1049,4.82,planting strips,3.75,6,6,154.31,213.99,235.21,245.92,1,0,89,4
plant,tank,plant tank,100,2838,5.86,planted tank,4.8,5,6,148.39,212.03,237.06,250.37,1,0,89,4
plant,thing,plant thing,100,2651,2.31,plant things,3.17,12,6,143.55,268.8,339.04,370.97,1,0,89,51
plant,thousand,plant thousand,100,1412,4.59,planted thousands of,3.08,1,6,70.573,185.93,249.9,283.4,1,0,89,5
plant,time,plant time,100,5118,2.73,at planting time,3.07,10,6,273.83,408.51,469.17,512.74,1,0,89,50
plant,tomato,plant tomato,100,3464,6.7,planting tomatoes,5.0,2,6,47.116,90.08,130.19,155.75,1,0,89,3
plant,tree,plant tree,100,126953,10.67,planting trees,5.0,3,6,191.1,292.07,341.58,367.12,1,0,89,9
plant,type,plant type,100,1395,3.1,plant different types,3.3,6,6,226.92,328.99,379.79,411.33,1,0,89,5
plant,variety,plant variety,100,8966,6.53,varieties planted,2.13,6,6,189.87,293.84,344.92,372.87,1,0,89,7
plant,vegetable,plant vegetable,100,4226,6.83,planting vegetables,4.89,2,6,70.178,130.48,163.96,189.0,1,0,89,5
plant,vegetation,plant vegetation,100,1851,5.94,planting vegetation,4.45,4,6,99.478,151.62,178.07,197.8,1,0,89,1
plant,vine,plant vine,100,8881,8.22,vines planted,4.86,1,6,72.231,105.52,122.42,133.44,1,0,89,1
plant,vineyard,plant vineyard,100,9664,8.35,planted a vineyard,4.8,1,6,69.09,111.06,127.19,137.41,1,0,89,1
plant,week,plant week,100,1518,3.33,planted last week,3.48,3,6,117.72,290.99,387.43,468.98,1,0,89,7
plant,wheat,plant wheat,100,3138,6.68,planting wheat,4.89,3,6,45.759,93.196,123.3,142.23,1,0,89,3
plant,year,plant year,100,8921,4.31,planted last year,3.25,4,6,119.49,308.84,424.66,500.24,1,0,89,26
polish,ability,polish ability,100,242,1.32,polish your abilities,1.81,2,3,193.93,281.52,320.44,346.08,1,0,90,8
polish,aluminum,polish aluminum,100,357,5.86,polished aluminum,4.88,1,3,44.677,85.24,106.82,122.14,1,0,90,1
polish,application,polish application,100,265,1.05,polishing applications,3.4,7,3,197.63,277.64,315.37,336.82,1,0,90,8
polish,area,polish area,100,540,1.32,polish the area,3.72,6,3,263.68,404.24,463.02,501.91,1,0,90,24
polish,article,polish article,100,309,1.07,polish the article,4.33,4,3,179.02,272.79,315.01,337.97,1,0,90,9
polish,axle,polish axle,100,338,5.69,polish the axles,4.5,1,3,51.881,79.11,95.34,107.75,1,0,90,2
polish,ball,polish ball,100,282,2.17,polish the ball,5.0,12,3,152.85,224.94,253.8,268.96,1,0,90,26
polish,bit,polish bit,100,545,1.32,polished a bit,3.27,11,3,192.43,300.42,350.38,380.06,1,0,90,29
polish,blade,polish blade,100,511,5.08,polish the blade,4.93,9,3,99.421,152.87,179.13,196.07,1,0,90,9
polish,body,polish body,100,292,1.25,polish the body,4.79,11,3,237.41,335.77,373.18,393.77,1,0,90,40
polish,boot,polish boot,100,1017,6.21,polished boots,4.96,7,3,86.528,135.03,162.14,180.35,1,0,90,2
polish,brass,polish brass,100,797,7.13,polishing the brass,4.7,7,3,95.696,135.6,153.4,163.08,1,0,90,1
polish,car,polish car,100,1096,3.1,polish your car,4.89,5,3,146.58,271.86,328.14,362.93,1,0,90,26
polish,case,polish case,100,506,1.2,case is polished,3.93,20,3,282.91,389.36,429.99,455.63,1,0,90,16
polish,chrome,polish chrome,100,391,6.0,polishing the chrome,4.5,1,3,53.392,75.537,85.118,90.955,1,0,90,1
polish,cloth,polish cloth,100,767,6.25,polishing cloth,4.9,1,3,77.017,125.63,152.89,170.36,1,0,90,2
polish,compound,polish compound,100,957,5.85,polishing compound,3.03,3,3,170.21,240.39,272.02,289.03,1,0,90,3
polish,craft,polish craft,100,266,4.43,polish their craft,3.48,5,3,123.99,177.49,198.28,213.21,1,0,90,2
polish,design,polish design,100,262,1.55,polishing the design,3.27,7,3,235.93,343.99,390.64,412.09,1,0,90,5
polish,detail,polish detail,100,245,1.48,polish the details,2.5,5,3,181.66,257.54,289.87,309.11,1,0,90,10
polish,diamond,polish diamond,100,726,6.27,polishing diamonds,4.89,6,3,90.364,140.45,159.75,171.58,1,0,90,2
polish,draft,polish draft,100,328,4.53,polished drafts,3.15,11,3,90.865,128.51,140.49,146.15,1,0,90,2
polish,edge,polish edge,100,1333,5.2,edges are polished,4.24,6,3,213.73,320.46,371.12,406.55,1,0,90,8
polish,end,polish end,100,274,1.8,polish the ends,3.14,14,3,214.61,386.98,458.38,496.15,1,0,90,9
polish,equipment,polish equipment,100,260,2.23,and polishing equipment,4.83,1,3,176.09,255.8,295.43,318.33,1,0,90,3
polish,experience,polish experience,100,316,0.55,polish the experience,1.8,3,3,185.87,276.44,315.87,336.02,1,0,90,12
polish,face,polish face,100,323,2.35,polish the face,4.87,13,3,234.58,343.73,395.03,428.46,1,0,90,15
polish,feature,polish feature,100,235,1.09,polishing features,2.96,6,3,224.82,325.48,365.88,386.04,1,0,90,9
polish,floor,polish floor,100,1963,6.1,polished concrete floors,4.8,10,3,175.64,276.15,320.45,350.82,1,0,90,8
polish,furniture,polish furniture,100,520,5.31,polishing furniture,4.89,1,3,117.58,179.66,205.59,223.01,1,0,90,1
polish,game,polish game,100,1759,2.72,polish the game,4.5,11,3,197.97,310.04,362.54,399.13,1,0,90,35
polish,gem,polish gem,100,371,4.97,polishing gems,4.88,5,3,78.17,127.57,146.39,154.91,1,0,90,2
polish,glass,polish glass,100,1190,5.17,polishing glass,4.82,7,3,149.6,219.89,246.25,262.92,1,0,90,12
polish,head,polish head,100,800,2.8,polished head,4.75,33,3,299.95,421.51,474.88,503.64,1,0,90,28
polish,idea,polish idea,100,265,0.17,polish their ideas,1.61,5,3,186.11,292.47,339.77,365.76,1,0,90,31
polish,image,polish image,100,1148,3.07,polish its image,3.85,9,3,179.93,316.21,370.25,403.89,1,0,90,21
polish,inside,polish inside,100,254,4.41,polish the inside of,3.67,2,3,96.954,193.51,228.26,246.36,1,0,90,2
polish,lens,polish lens,100,576,4.96,polish the lenses,4.64,5,3,103.55,145.73,163.83,174.45,1,0,90,1
polish,line,polish line,100,240,0.58,polishing lines,4.5,30,3,253.42,357.41,397.32,421.22,1,0,90,42
polish,look,polish look,100,486,1.96,polish the look,2.96,4,3,229.76,328.99,365.8,383.58,1,0,90,7
polish,machine,polish machine,100,1033,3.94,polishing machine,4.25,6,3,162.99,247.75,283.25,305.85,1,0,90,14
polish,manuscript,polish manuscript,100,376,4.96,polish your manuscript,4.57,2,3,120.76,173.13,191.9,204.38,1,0,90,1
polish,marble,polish marble,100,285,5.63,polishing marble,4.85,3,3,75.888,117.38,141.13,156.78,1,0,90,1
polish,material,polish material,100,647,2.32,polishing materials,4.26,5,3,225.35,316.51,351.27,369.43,1,0,90,25
polish,metal,polish metal,100,737,5.25,polishing metal,4.87,2,3,125.31,203.89,250.4,277.21,1,0,90,9
polish,mirror,polish mirror,100,885,6.23,mirror polished,4.97,2,3,102.91,144.62,161.39,168.89,1,0,90,3
polish,nail,polish nail,100,1012,6.47,polished nails,4.93,3,3,64.262,102.44,118.77,127.54,1,0,90,2
polish,pad,polish pad,100,777,5.81,polishing pads,4.43,7,3,99.142,141.18,162.01,174.11,1,0,90,3
polish,paint,polish paint,100,437,4.85,polish the paint,4.79,3,3,103.52,163.78,191.63,207.81,1,0,90,6
polish,paper,polish paper,100,315,2.06,polish the paper,4.93,7,3,155.17,242.42,275.37,290.75,1,0,90,8
polish,part,polish part,100,928,1.04,parts are polished,3.29,12,3,237.04,382.12,430.05,454.33,1,0,90,30
polish,performance,polish performance,100,377,1.87,polished performances,3.04,5,3,226.31,347.54,398.8,425.5,1,0,90,7
polish,piece,polish piece,100,1075,3.27,polishing a piece,4.14,13,3,236.3,331.62,361.88,377.98,1,0,90,26
polish,plate,polish plate,100,467,4.09,polished the plate,4.77,15,3,166.84,231.74,255.92,275.74,1,0,90,8
polish,presentation,polish presentation,100,388,3.51,polish your presentation,3.11,7,3,164.84,237.52,263.13,277.59,1,0,90,1
polish,product,polish product,100,719,1.89,polishing products,4.17,6,3,227.73,323.72,365.31,390.22,1,0,90,15
polish,resume,polish resume,100,718,6.06,polish your resume,4.0,2,3,27.161,37.773,42.021,44.429,1,0,90,2
polish,rim,polish rim,100,260,5.21,polished rims,4.62,5,3,106.9,155.54,174.87,185.43,1,0,90,1
polish,ring,polish ring,100,396,3.93,ring is polished,4.81,9,3,158.39,221.34,244.87,257.2,1,0,90,6
polish,rock,polish rock,100,362,3.81,polishing rocks,4.91,7,3,225.91,320.78,360.6,382.06,1,0,90,10
polish,script,polish script,100,453,3.67,polish the script,4.72,3,3,150.93,214.47,237.96,250.05,1,0,90,2
polish,service,polish service,100,287,0.03,polishing services,2.21,15,3,200.41,284.58,315.39,332.94,1,0,90,18
polish,shoe,polish shoe,100,2152,6.57,polishing shoes,4.97,4,3,83.429,129.65,161.22,186.45,1,0,90,4
polish,side,polish side,100,474,2.67,sides are polished,3.68,12,3,242.69,366.37,436.59,477.44,1,0,90,25
polish,silver,polish silver,100,840,6.37,polishing silver,4.52,5,3,84.107,159.72,196.67,217.12,1,0,90,1
polish,skill,polish skill,100,4607,5.28,polish your skills,2.17,2,3,158.2,237.46,270.14,289.39,1,0,90,10
polish,skin,polish skin,100,517,3.72,polish the skin,4.79,6,3,169.4,240.84,276.4,299.07,1,0,90,10
polish,song,polish song,100,258,1.38,polish the song,4.46,6,3,201.8,327.69,394.38,431.11,1,0,90,8
polish,sound,polish sound,100,353,2.5,polish the sound,3.7,8,3,201.18,297.75,348.31,382.29,1,0,90,10
polish,steel,polish steel,100,1024,6.38,polished stainless steel,4.87,3,3,98.555,155.27,193.79,217.4,1,0,90,3
polish,stone,polish stone,100,1259,5.55,polishing stones,4.72,13,3,159.19,242.89,279.87,302.48,1,0,90,11
polish,story,polish story,100,407,0.86,polish the story,3.3,6,3,197.18,328.22,376.06,402.62,1,0,90,28
polish,style,polish style,100,320,2.39,style is polished,2.67,9,3,265.3,373.91,413.91,433.56,1,0,90,6
polish,surface,polish surface,100,3211,6.5,polish the surface,4.26,6,3,249.55,357.56,402.19,427.02,1,0,90,10
polish,sword,polish sword,100,317,4.3,polishing his sword,4.93,1,3,97.936,149.28,180.75,198.31,1,0,90,10
polish,system,polish system,100,384,0.25,polishing system,2.94,9,3,223.61,330.78,374.49,401.55,1,0,90,36
polish,table,polish table,100,276,2.28,polishing the table,4.9,6,3,177.55,263.95,299.17,317.47,1,0,90,6
polish,talent,polish talent,100,252,2.9,polish their talent,2.19,2,3,149.46,215.84,243.88,261.1,1,0,90,6
polish,technique,polish technique,100,609,3.04,polishing techniques,2.4,2,3,168.57,286.63,336.55,366.47,1,0,90,5
polish,thing,polish thing,100,879,0.78,polish things,3.17,12,3,143.55,268.8,339.04,370.97,1,0,90,51
polish,tool,polish tool,100,424,1.73,polishing tools,4.6,4,3,195.29,277.16,313.4,337.24,1,0,90,8
polish,tooth,polish tooth,100,800,4.88,polish your teeth,4.89,5,3,89.365,137.21,164.44,183.76,1,0,90,7
polish,top,polish top,100,233,3.23,polish the top,3.93,11,3,196.8,334.23,419.4,464.91,1,0,90,10
polish,turd,polish turd,100,1315,8.24,polish a turd,4.0,1,3,15.473,23.186,26.944,29.043,1,0,90,1
polish,video,polish video,100,239,1.26,polish your videos,4.67,4,3,147.3,222.06,256.29,276.31,1,0,90,7
polish,wheel,polish wheel,100,1257,5.43,polishing wheels,4.86,7,3,146.0,205.63,231.03,249.6,1,0,90,8
polish,window,polish window,100,261,2.08,polish the windows,4.86,8,3,140.8,244.66,291.16,317.16,1,0,90,15
polish,wood,polish wood,100,580,4.9,polished wood,4.85,8,3,210.79,299.9,333.18,352.04,1,0,90,4
polish,work,polish work,100,1056,1.67,polishing work,3.48,7,3,272.87,386.54,424.55,447.82,1,0,90,22
polish,writing,polish writing,100,405,4.23,polish your writing,3.7,5,3,120.29,199.05,233.6,250.07,1,0,90,2
push,agenda,push agenda,100,28530,8.38,push their agenda,2.66,2,10,133.95,192.96,217.15,230.81,1,0,96,2
push,air,push air,100,8270,6.34,push air,4.11,9,10,153.36,215.5,239.69,254.08,1,0,96,13
push,back,push back,100,7458,6.19,pushed her back,4.33,9,10,202.43,294.7,348.59,382.6,1,0,96,9
push,ball,push ball,100,10234,6.34,push the ball,5.0,12,10,152.85,224.94,253.8,268.96,1,0,96,26
push,bike,push bike,100,4875,5.73,push the bike,5.0,2,10,86.545,158.33,190.95,210.64,1,0,96,5
push,bill,push bill,100,7703,5.94,pushing a bill,4.68,10,10,180.57,253.96,277.09,287.1,1,0,96,10
push,bit,push bit,100,5349,4.25,pushed a bit,3.27,11,10,192.43,300.42,350.38,380.06,1,0,96,29
push,boat,push boat,100,6622,6.09,push the boat,4.93,2,10,139.06,231.66,280.03,308.1,1,0,96,11
push,body,push body,100,9670,5.7,push your body,4.79,11,10,237.41,335.77,373.18,393.77,1,0,96,40
push,boundary,push boundary,100,83040,9.89,push the boundaries,3.04,3,10,204.72,290.82,325.85,344.29,1,0,96,7
push,business,push business,100,3428,3.86,push your business,3.28,9,10,153.74,238.14,275.17,295.29,1,0,96,18
push,button,push button,100,90119,9.59,push the button,4.96,7,10,102.78,169.21,197.28,212.68,1,0,96,5
push,car,push car,100,10610,5.79,push the car,4.89,5,10,146.58,271.86,328.14,362.93,1,0,96,26
push,cart,push cart,100,9306,6.99,pushing a cart,4.89,2,10,63.562,101.27,117.89,131.55,1,0,96,2
push,case,push case,100,3267,3.53,push the case,3.93,20,10,282.91,389.36,429.99,455.63,1,0,96,16
push,chair,push chair,100,6256,6.13,pushed his chair,4.58,5,10,202.61,287.24,317.47,333.33,1,0,96,7
push,change,push change,100,8257,4.92,push changes,2.89,10,10,169.83,260.43,300.98,324.77,1,0,96,14
push,child,push child,100,5526,4.23,push their children,4.78,4,10,201.04,295.22,346.37,384.22,1,0,96,21
push,company,push company,100,6531,4.59,push companies,4.11,9,10,158.09,282.67,333.64,366.19,1,0,96,17
push,content,push content,100,4802,4.88,push content,2.59,7,10,164.92,250.07,280.91,297.3,1,0,96,17
push,cost,push cost,100,3762,4.19,push the cost,2.5,3,10,160.14,263.17,306.3,332.11,1,0,96,14
push,country,push country,100,5914,5.02,push the country,4.17,5,10,173.56,276.1,341.96,389.05,1,0,96,12
push,date,push date,100,9443,6.11,date was pushed,3.9,8,10,224.11,324.69,358.45,374.86,1,0,96,7
push,development,push development,100,4142,4.73,push the development,2.41,9,10,188.62,267.55,302.33,321.56,1,0,96,9
push,door,push door,100,13073,6.53,pushed the door open,4.81,5,10,145.33,240.25,284.65,309.98,1,0,96,14
push,economy,push economy,100,2959,4.75,push the economy,2.57,4,10,165.36,238.62,265.62,283.32,1,0,96,14
push,edge,push edge,100,3393,5.09,pushing the edge,4.24,6,10,213.73,320.46,371.12,406.55,1,0,96,8
push,end,push end,100,2954,4.38,push the end,3.14,14,10,214.61,386.98,458.38,496.15,1,0,96,9
push,envelope,push envelope,100,40919,9.11,push the envelope,4.93,6,10,77.879,116.49,130.49,137.42,1,0,96,2
push,face,push face,100,3057,4.59,pushed his face,4.87,13,10,234.58,343.73,395.03,428.46,1,0,96,15
push,finger,push finger,100,5565,5.8,pushed his fingers,5.0,3,10,107.49,155.49,183.73,208.51,1,0,96,12
push,force,push force,100,4226,4.81,pushing force,3.0,10,10,126.65,244.96,289.46,319.69,1,0,96,11
push,frontier,push frontier,100,4432,5.99,push the frontiers,3.3,3,10,110.46,157.72,177.13,187.63,1,0,96,1
push,game,push game,100,4085,3.63,push the game,4.5,11,10,197.97,310.04,362.54,399.13,1,0,96,35
push,government,push government,100,8044,5.7,push the government,2.88,4,10,149.61,245.04,291.34,317.6,1,0,96,7
push,hair,push hair,100,5893,5.75,pushed her hair,4.97,6,10,145.81,211.36,244.64,264.55,1,0,96,12
push,hand,push hand,100,8587,5.35,pushed his hand,4.72,14,10,269.2,382.64,427.86,454.46,1,0,96,33
push,head,push head,100,6528,5.19,pushed his head,4.75,33,10,299.95,421.51,474.88,503.64,1,0,96,28
push,hip,push hip,100,3288,5.49,pushed his hips,4.21,5,10,90.411,129.73,157.16,172.63,1,0,96,6
push,idea,push idea,100,13212,5.47,pushing the idea,1.61,5,10,186.11,292.47,339.77,365.76,1,0,96,31
push,industry,push industry,100,3984,5.07,push the industry,3.29,3,10,138.47,248.2,308.72,337.96,1,0,96,9
push,information,push information,100,3033,2.85,push information,2.87,5,10,188.65,292.02,342.92,373.06,1,0,96,17
push,issue,push issue,100,9414,4.8,push the issue,2.37,11,10,174.52,308.87,366.65,399.06,1,0,96,16
push,kid,push kid,100,3520,4.65,pushing kids,4.56,5,10,142.79,214.98,258.8,288.66,1,0,96,11
push,lead,push lead,100,7723,6.17,to push the lead,4.1,17,10,130.35,191.55,218.52,233.44,1,0,96,9
push,leg,push leg,100,3019,4.92,pushed her legs,4.83,9,10,134.48,212.33,256.38,294.07,1,0,96,17
push,legislation,push legislation,100,6026,5.98,pushing legislation,3.14,2,10,105.24,164.93,210.94,244.98,1,0,96,2
push,level,push level,100,3188,3.78,push the level,2.86,8,10,233.88,337.78,381.3,409.81,1,0,96,12
push,lever,push lever,100,3845,5.75,push the lever,4.77,3,10,55.794,81.358,96.773,107.61,1,0,96,2
push,limit,push limit,100,42359,8.55,push the limits,2.28,6,10,166.96,240.9,272.83,290.23,1,0,96,7
push,line,push line,100,6666,4.89,pushing the line,4.5,30,10,253.42,357.41,397.32,421.22,1,0,96,42
push,lot,push lot,100,3443,2.91,push a lot,3.7,7,10,144.92,243.93,294.05,322.54,1,0,96,34
push,luck,push luck,100,7510,6.57,push my luck,1.33,3,10,90.354,124.88,138.27,144.3,1,0,96,1
push,man,push man,100,6591,4.48,pushed the man,4.79,11,10,192.73,336.5,412.7,455.21,1,0,96,37
push,market,push market,100,4077,4.72,push the market,4.7,5,10,166.28,245.6,289.22,311.24,1,0,96,22
push,message,push message,100,5331,4.9,push messages,3.97,2,10,175.56,250.41,284.71,304.77,1,0,96,13
push,narrative,push narrative,100,5573,6.07,push the narrative,3.18,1,10,132.48,192.75,217.95,234.11,1,0,96,5
push,notification,push notification,100,5803,6.19,push notifications,3.34,3,10,67.201,103.33,118.25,128.16,1,0,96,1
push,number,push number,100,5652,3.83,pushed the number,3.3,11,10,198.05,280.36,322.92,351.63,1,0,96,36
push,other,push other,100,3302,4.42,push others,2.04,0,10,236.43,340.08,398.13,427.98,1,0,96,7
push,pace,push pace,100,5423,6.04,to push the pace,3.11,6,10,133.22,190.17,209.42,219.19,1,0,96,2
push,pedal,push pedal,100,3522,5.64,push the pedal,4.44,2,10,63.698,88.272,97.86,103.04,1,0,96,1
push,people,push people,100,29182,5.53,push people,4.82,4,10,190.25,264.24,315.17,343.14,1,0,96,39
push,plan,push plan,100,4470,4.3,pushing a plan,3.4,3,10,144.41,259.22,311.43,339.79,1,0,96,17
push,plate,push plate,100,3175,5.12,pushed his plate,4.77,15,10,166.84,231.74,255.92,275.74,1,0,96,8
push,player,push player,100,4324,4.52,push players,4.15,5,10,226.69,338.56,382.77,407.1,1,0,96,13
push,point,push point,100,4397,3.81,push the point,3.39,26,10,249.95,349.67,391.1,417.02,1,0,96,21
push,policy,push policy,100,5614,5.07,pushing policies,2.76,3,10,171.66,250.29,295.41,320.55,1,0,96,12
push,power,push power,100,3345,3.81,pushing power,2.04,9,10,196.2,276.34,308.2,322.74,1,0,96,19
push,price,push price,100,21125,6.97,push prices,3.63,7,10,150.25,226.12,259.48,280.51,1,0,96,14
push,product,push product,100,8112,4.97,push products,4.17,6,10,227.73,323.72,365.31,390.22,1,0,96,15
push,project,push project,100,5637,4.55,push the project,3.62,2,10,170.17,284.97,344.87,374.52,1,0,96,19
push,rate,push rate,100,7626,5.34,push rates,2.5,4,10,155.47,233.69,262.65,282.31,1,0,96,13
push,reform,push reform,100,3693,5.46,push reforms,2.0,3,10,139.96,196.16,218.9,231.34,1,0,96,2
push,release,push release,100,3216,4.86,release was pushed,3.24,12,10,239.38,342.63,381.61,402.75,1,0,96,3
push,sale,push sale,100,4302,5.19,push sales,3.37,5,10,154.6,242.39,283.58,307.71,1,0,96,8
push,side,push side,100,3034,4.46,side pushed,3.68,12,10,242.69,366.37,436.59,477.44,1,0,96,25
push,state,push state,100,4134,4.54,push the state,3.52,8,10,191.75,277.34,313.22,330.08,1,0,96,12
push,story,push story,100,4675,4.03,push the story,3.3,6,10,197.18,328.22,376.06,402.62,1,0,96,28
push,stroller,push stroller,100,4589,6.07,pushing a stroller,4.96,2,10,19.795,38.955,46.285,50.072,1,0,96,1
push,student,push student,100,6908,4.6,push students,4.92,2,10,154.13,250.84,295.3,323.45,1,0,96,8
push,switch,push switch,100,3168,5.19,push the switch,4.07,7,10,116.64,170.85,193.38,206.68,1,0,96,2
push,system,push system,100,4767,3.62,push the system,2.94,9,10,223.61,330.78,374.49,401.55,1,0,96,36
push,team,push team,100,5373,4.46,push the team,3.79,2,10,204.37,328.15,369.37,388.62,1,0,96,22
push,technology,push technology,100,5296,4.93,push the technology,3.24,2,10,185.06,271.52,307.47,331.95,1,0,96,4
push,theory,push theory,100,3026,4.78,pushing conspiracy theories,1.47,3,10,196.65,287.5,337.25,366.48,1,0,96,7
push,thing,push thing,100,14823,4.69,push things,3.17,12,10,143.55,268.8,339.04,370.97,1,0,96,51
push,thought,push thought,100,4998,5.34,pushed the thought,1.97,4,10,172.64,253.02,286.84,305.45,1,0,96,17
push,time,push time,100,4682,2.53,pushed back several times,3.07,10,10,273.83,408.51,469.17,512.74,1,0,96,50
push,update,push update,100,6380,5.83,push updates,2.79,1,10,96.82,153.01,174.13,185.47,1,0,96,2
push,value,push value,100,3691,3.86,push the value,1.62,6,10,204.29,287.34,318.64,334.81,1,0,96,21
push,water,push water,100,8019,5.4,push water,5.0,6,10,232.15,324.2,362.8,390.59,1,0,96,24
push,way,push way,100,26381,5.4,pushed his way,2.34,12,10,244.04,355.4,397.34,421.07,1,0,96,38
push,woman,push woman,100,5374,4.62,push women,4.46,4,10,176.89,278.3,349.75,390.06,1,0,96,19
push,work,push work,100,3713,3.23,push the work,3.48,7,10,272.87,386.54,424.55,447.82,1,0,96,22
push,year,push year,100,3814,2.96,pushed back a year,3.25,4,10,119.49,308.84,424.66,500.24,1,0,96,26
read,account,read account,100,23734,6.13,read the account,3.08,10,11,210.91,294.5,321.83,335.52,1,0,94,9
read,article,read article,100,474907,10.19,read the article,4.33,4,11,179.02,272.79,315.01,337.97,1,0,94,9
read,bit,read bit,100,25365,5.73,read a bit,3.27,11,11,192.43,300.42,350.38,380.06,1,0,94,29
read,blog,read blog,100,118069,8.66,reading your blog,3.92,1,11,105.16,153.9,175.24,187.39,1,0,94,2
read,book,read book,100,699716,10.56,read the book,4.9,11,11,222.59,338.67,394.89,426.22,1,0,94,15
read,chapter,read chapter,100,45344,7.31,read the chapter,3.43,5,11,155.11,225.19,251.91,269.33,1,0,94,2
read,code,read code,100,22235,5.98,read the code,3.0,3,11,138.61,222.28,254.59,273.05,1,0,94,9
read,column,read column,100,18074,5.99,reading this column,4.48,9,11,160.09,224.07,246.05,256.7,1,0,94,2
read,comic,read comic,100,20279,6.24,read comics,4.0,1,11,74.76,119.47,140.58,153.08,1,0,94,1
read,comment,read comment,100,90531,8.07,read the comments,3.29,3,11,189.26,301.09,350.85,380.78,1,0,94,7
read,comprehension,read comprehension,100,15700,5.89,reading comprehension,1.78,2,11,52.559,73.66,82.502,87.525,1,0,94,2
read,content,read content,100,24567,6.11,read the contents,2.59,7,11,164.92,250.07,280.91,297.3,1,0,94,17
read,day,read day,100,15844,4.83,read every day,3.92,10,11,202.17,322.8,424.94,489.25,1,0,94,31
read,description,read description,100,37327,6.98,read the description,2.43,3,11,174.9,251.06,286.0,305.62,1,0,94,2
read,detail,read detail,100,18986,5.78,read the details,2.5,5,11,181.66,257.54,289.87,309.11,1,0,94,10
read,document,read document,100,34757,6.68,read the document,4.41,4,11,158.9,245.28,277.4,295.0,1,0,94,8
read,email,read email,100,29701,6.59,read the email,4.69,1,11,70.373,167.98,208.05,225.93,1,0,94,2
read,entry,read entry,100,19208,5.97,read the entry,3.62,6,11,155.52,223.79,252.5,266.17,1,0,94,2
read,essay,read essay,100,26257,6.54,read your essay,3.97,2,11,116.36,195.79,232.2,256.26,1,0,94,1
read,excerpt,read excerpt,100,17236,6.0,read excerpts,3.45,1,11,87.107,133.55,149.95,158.0,1,0,94,1
read,fiction,read fiction,100,16755,5.95,read fiction,2.14,2,11,106.71,159.74,185.58,203.41,1,0,94,1
read,file,read file,100,59587,7.26,read the file,4.41,4,11,161.95,238.97,274.76,297.38,1,0,94,9
read,forum,read forum,100,17233,5.93,reading this forum,4.0,2,11,148.93,223.01,251.44,266.91,1,0,94,2
read,guide,read guide,100,24876,6.41,read our guide,3.7,6,11,198.03,284.24,318.4,336.12,1,0,94,1
read,history,read history,100,26814,6.25,read the history,2.96,5,11,244.12,342.42,382.02,402.74,1,0,94,9
read,information,read information,100,47639,6.28,read the information,2.87,5,11,188.65,292.02,342.92,373.06,1,0,94,17
read,instruction,read instruction,100,36542,6.9,read the instructions,3.37,4,11,147.3,209.35,229.45,241.2,1,0,94,2
read,interview,read interview,100,36739,6.96,read an interview,3.36,2,11,185.62,292.89,334.3,353.79,1,0,94,3
read,issue,read issue,100,16989,4.99,read this issue,2.37,11,11,174.52,308.87,366.65,399.06,1,0,94,16
read,label,read label,100,30803,6.77,read the label,4.46,4,11,152.77,246.72,285.4,306.92,1,0,94,4
read,letter,read letter,100,72836,7.72,read the letter,4.7,5,11,200.25,296.12,337.49,359.86,1,0,94,7
read,line,read line,100,30319,6.18,read a line,4.5,30,11,253.42,357.41,397.32,421.22,1,0,94,42
read,list,read list,100,33354,6.42,reading lists,4.43,2,11,182.17,265.47,300.93,321.78,1,0,94,9
read,literature,read literature,100,21116,6.27,read the literature,4.1,4,11,153.01,223.01,249.68,268.54,1,0,94,1
read,lot,read lot,100,74630,6.83,read a lot of,3.7,7,11,144.92,243.93,294.05,322.54,1,0,94,34
read,magazine,read magazine,100,25945,6.55,reading a magazine,5.0,6,11,163.47,246.54,290.03,314.53,1,0,94,2
read,manual,read manual,100,20155,6.22,read the manual,4.45,2,11,85.495,140.96,164.77,178.99,1,0,94,1
read,material,read material,100,37618,6.6,reading material,4.26,5,11,225.35,316.51,351.27,369.43,1,0,94,25
read,message,read message,100,46702,6.97,read the message,3.97,2,11,175.56,250.41,284.71,304.77,1,0,94,13
read,mind,read mind,100,34479,6.73,read minds,2.5,7,11,197.15,276.78,313.43,334.55,1,0,94,16
read,music,read music,100,17141,5.62,to read music,4.31,5,11,190.77,285.42,323.99,353.44,1,0,94,7
read,name,read name,100,21185,5.42,read the names,3.5,6,11,276.55,417.22,464.64,487.44,1,0,94,16
read,news,read news,100,40311,6.96,read the news,3.41,5,11,147.99,211.63,237.7,252.17,1,0,94,11
read,newspaper,read newspaper,100,45618,7.37,read newspapers,4.82,4,11,122.23,191.09,228.44,251.55,1,0,94,1
read,note,read note,100,32539,6.57,read the note,4.61,9,11,185.39,262.54,291.67,307.86,1,0,94,8
read,novel,read novel,100,57402,7.64,read the novel,4.21,2,11,172.07,263.57,302.99,328.32,1,0,94,1
read,number,read number,100,20816,5.13,read a number,3.3,11,11,198.05,280.36,322.92,351.63,1,0,94,36
read,page,read page,100,86786,7.83,reading this web page,4.9,6,11,188.45,271.09,309.07,332.21,1,0,94,11
read,paper,read paper,100,76361,7.84,read the paper,4.93,7,11,155.17,242.42,275.37,290.75,1,0,94,8
read,paragraph,read paragraph,100,16328,5.91,read the paragraph,3.96,1,11,112.67,163.42,191.13,207.61,1,0,94,1
read,part,read part,100,31767,5.48,read part,3.29,12,11,237.04,382.12,430.05,454.33,1,0,94,30
read,passage,read passage,100,26118,6.55,read a passage,3.8,10,11,188.69,265.41,290.41,302.31,1,0,94,2
read,piece,read piece,100,33626,6.51,read the piece,4.14,13,11,236.3,331.62,361.88,377.98,1,0,94,26
read,poem,read poem,100,43582,7.28,read a poem,4.03,1,11,143.31,223.27,261.2,287.1,1,0,94,1
read,poetry,read poetry,100,17179,5.99,read poetry,3.5,2,11,115.59,191.19,225.46,243.85,1,0,94,1
read,policy,read policy,100,15866,5.45,read the policy,2.76,3,11,171.66,250.29,295.41,320.55,1,0,94,12
read,post,read post,100,226203,9.37,read your post,4.3,11,11,152.62,212.88,237.75,249.94,1,0,94,7
read,print,read print,100,20943,6.25,read the fine print,4.17,7,11,123.22,179.56,203.89,218.09,1,0,94,2
read,question,read question,100,17983,5.12,read the question,3.36,6,11,211.73,299.72,335.13,354.36,1,0,94,7
read,rate,read rate,100,19440,5.67,Read complete description Room rates : EUR from,2.5,4,11,155.47,233.69,262.65,282.31,1,0,94,13
read,release,read release,100,21782,6.16,Read the press release,3.24,12,11,239.38,342.63,381.61,402.75,1,0,94,3
read,report,read report,100,92219,7.91,read the report,3.92,7,11,188.96,282.58,331.76,357.68,1,0,94,4
read,response,read response,100,14558,5.45,read your response,3.0,7,11,213.08,334.53,377.77,399.72,1,0,94,6
read,rest,read rest,100,79978,8.02,Read the rest of this entry,3.03,7,11,192.69,296.32,342.93,369.25,1,0,94,5
read,review,read review,100,166205,8.98,read reviews,2.81,10,11,167.85,241.36,271.15,290.09,1,0,94,2
read,right,read right,100,22632,5.67,you read that right,3.47,8,11,191.92,277.76,311.67,326.78,1,0,94,7
read,rule,read rule,100,18720,5.7,read the rules,2.57,12,11,177.48,280.06,326.59,358.7,1,0,94,11
read,script,read script,100,31691,6.75,read the script,4.72,3,11,150.93,214.47,237.96,250.05,1,0,94,2
read,scripture,read scripture,100,16396,5.94,read the Scriptures,3.86,2,11,67.47,108.18,136.98,156.17,1,0,94,2
read,section,read section,100,36251,6.74,read the section,3.24,14,11,251.58,357.1,398.07,416.69,1,0,94,11
read,sentence,read sentence,100,19675,6.07,read the sentence,3.57,3,11,120.5,167.75,185.71,195.53,1,0,94,4
read,series,read series,100,23705,6.06,read the series,2.92,7,11,235.62,353.57,397.71,420.71,1,0,94,11
read,sign,read sign,100,18965,5.83,read the signs,4.62,11,11,192.15,282.29,319.19,343.67,1,0,94,4
read,site,read site,100,21192,5.71,read this site,4.56,3,11,252.6,368.9,411.88,434.34,1,0,94,18
read,source,read source,100,15659,5.37,read more Source,2.96,9,11,225.06,315.84,347.17,361.21,1,0,94,2
read,statement,read statement,100,47780,7.1,read a statement,2.96,7,11,170.19,247.31,285.97,308.4,1,0,94,3
read,story,read story,100,238139,8.95,read the story,3.3,6,11,197.18,328.22,376.06,402.62,1,0,94,28
read,study,read study,100,19216,5.68,read the study,3.7,10,11,170.51,280.01,333.13,360.44,1,0,94,5
read,stuff,read stuff,100,25207,6.28,read stuff,3.13,7,11,154.36,228.68,256.01,270.5,1,0,94,15
read,term,read term,100,16887,5.59,read the terms,2.82,7,11,242.99,351.2,392.75,414.28,1,0,94,1
read,text,read text,100,85364,8.05,read the text,4.93,4,11,183.14,269.79,306.1,328.41,1,0,94,3
read,thing,read thing,100,53227,6.11,read the whole thing,3.17,12,11,143.55,268.8,339.04,370.97,1,0,94,51
read,thought,read thought,100,16665,5.71,read your thoughts,1.97,4,11,172.64,253.02,286.84,305.45,1,0,94,17
read,thread,read thread,100,52540,7.48,reading this thread,4.83,4,11,107.65,151.12,168.96,178.79,1,0,94,9
read,time,read time,100,46957,5.54,reading time,3.07,10,11,273.83,408.51,469.17,512.74,1,0,94,50
read,title,read title,100,15307,5.53,read the title,3.32,10,11,204.83,284.61,311.28,324.35,1,0,94,10
read,transcript,read transcript,100,15446,5.85,read the transcript,4.07,2,11,79.381,113.67,126.51,134.1,1,0,94,1
read,value,read value,100,17519,5.29,read the value,1.62,6,11,204.29,287.34,318.64,334.81,1,0,94,21
read,verse,read verse,100,14489,5.74,read verse,3.19,3,11,127.09,188.18,217.99,236.99,1,0,94,1
read,version,read version,100,15983,5.35,read the full version,1.7,6,11,263.55,386.28,441.13,471.77,1,0,94,10
read,word,read word,100,69806,7.35,read the words,3.56,10,11,247.83,371.55,418.36,446.17,1,0,94,25
read,work,read work,100,49716,6.4,read the work,3.48,7,11,272.87,386.54,424.55,447.82,1,0,94,22
read,writing,read writing,100,15596,5.8,read the writing,3.7,5,11,120.29,199.05,233.6,250.07,1,0,94,2
read,year,read year,100,23484,5.1,read this year,3.25,4,11,119.49,308.84,424.66,500.24,1,0,94,26
reap,advantage,reap advantage,100,2146,4.44,reap the advantages,2.0,3,2,154.61,226.45,251.58,265.16,1,0,59,1
reap,amount,reap amount,100,230,0.63,reap the same amount,2.74,4,2,171.9,263.47,299.86,323.81,1,0,59,19
reap,award,reap award,100,425,2.53,reap awards,4.14,3,2,139.35,238.66,280.32,298.71,1,0,59,1
reap,benefit,reap benefit,100,86607,9.72,reap the benefits,2.25,3,2,190.8,268.37,292.93,305.07,1,0,59,6
reap,billion,reap billion,100,875,5.46,reap billions,3.79,3,2,62.198,88.487,97.629,103.01,1,0,59,3
reap,blessing,reap blessing,100,544,4.96,reap the blessings,2.19,5,2,94.144,137.47,155.59,164.82,1,0,59,1
reap,bonanza,reap bonanza,100,242,5.16,reap a bonanza,3.38,2,2,41.442,59.819,67.178,71.045,1,0,59,1
reap,bonus,reap bonus,100,166,3.05,reap bonuses,3.04,2,2,76.837,110.74,125.75,134.66,1,0,59,3
reap,bounty,reap bounty,100,440,5.74,reap the bounty,3.41,4,2,48.07,67.81,75.33,79.764,1,0,59,1
reap,consequence,reap consequence,100,1873,5.76,reap the consequences,2.64,3,2,169.07,248.22,288.59,315.59,1,0,59,2
reap,corn,reap corn,100,288,4.6,reap the corn,4.96,7,2,54.492,96.797,122.07,140.4,1,0,59,3
reap,corruption,reap corruption,100,744,5.74,of the flesh reap corruption,2.39,6,2,96.623,149.85,176.13,191.97,1,0,59,3
reap,crop,reap crop,100,993,5.36,reap the crop,4.24,6,2,130.57,186.59,211.43,228.77,1,0,59,4
reap,death,reap death,100,159,1.43,reap death,3.73,8,2,269.53,391.47,466.23,508.95,1,0,59,6
reap,destruction,reap destruction,100,339,4.48,will reap destruction,3.21,3,2,129.94,186.81,208.33,220.31,1,0,59,3
reap,dividend,reap dividend,100,3296,7.95,reap dividends,2.76,3,2,43.126,68.111,82.567,93.795,1,0,59,4
reap,dollar,reap dollar,100,184,2.51,dollars reaped,4.93,4,2,87.287,142.98,187.37,227.38,1,0,59,6
reap,economy,reap economy,100,216,2.14,to reap economies of scale,2.57,4,2,165.36,238.62,265.62,283.32,1,0,59,14
reap,effect,reap effect,100,357,1.01,reap the effects,1.8,6,2,218.79,347.59,391.78,415.54,1,0,59,8
reap,fee,reap fee,100,170,1.56,reap fees,3.89,2,2,89.395,148.43,179.66,202.54,1,0,59,6
reap,field,reap field,100,339,2.17,reap the field,4.26,17,2,244.0,344.01,383.08,400.82,1,0,59,12
reap,fortune,reap fortune,100,378,4.49,reap a fortune,2.9,4,2,104.69,148.53,165.47,174.57,1,0,59,1
reap,fruit,reap fruit,100,5756,7.44,reap the fruits of,4.81,3,2,128.34,194.72,221.4,242.63,1,0,59,8
reap,gain,reap gain,100,2272,6.38,reap the gains,2.24,4,2,108.77,163.43,190.53,207.89,1,0,59,3
reap,glory,reap glory,100,198,3.94,reap the glory,1.45,3,2,109.48,152.15,172.86,185.7,1,0,59,1
reap,grain,reap grain,100,239,4.0,reaping grain,4.8,11,2,97.835,152.26,176.79,191.69,1,0,59,3
reap,harvest,reap harvest,100,7559,9.56,reap the harvest,4.0,4,2,101.17,144.38,158.59,165.35,1,0,59,1
reap,havoc,reap havoc,100,328,4.8,reap havoc,2.18,1,2,31.339,43.219,47.114,48.998,1,0,59,2
reap,income,reap income,100,218,2.47,reap income,3.07,1,2,76.501,118.5,145.45,165.72,1,0,59,3
reap,joy,reap joy,100,228,3.31,reap joy,2.37,2,2,107.12,161.36,189.58,205.58,1,0,59,5
reap,kind,reap kind,100,186,0.33,reap the kind,2.07,1,2,133.27,291.79,361.24,396.17,1,0,59,12
reap,life,reap life,100,706,1.41,reap eternal life,2.69,14,2,228.25,333.37,374.48,396.14,1,0,59,27
reap,million,reap million,100,824,4.81,reap millions,2.9,2,2,119.76,176.86,200.46,214.45,1,0,59,7
reap,money,reap money,100,271,0.35,reap money,4.54,3,2,103.44,164.62,189.47,205.68,1,0,59,15
reap,opportunity,reap opportunity,100,226,0.09,reap the opportunities,1.88,1,2,136.89,208.1,236.58,250.98,1,0,59,10
reap,outcome,reap outcome,100,133,1.36,reap positive outcomes,2.27,2,2,139.77,196.85,219.74,232.08,1,0,59,3
reap,plenty,reap plenty,100,141,1.15,reap plenty of,2.39,2,2,121.95,197.79,235.89,258.81,1,0,59,1
reap,potential,reap potential,100,261,2.07,reap the full potential,1.91,2,2,154.16,221.87,249.35,265.29,1,0,59,6
reap,praise,reap praise,100,217,3.83,reaping praise,2.61,2,2,94.84,141.08,160.93,172.75,1,0,59,1
reap,profit,reap profit,100,9891,8.08,reap profits,3.07,2,2,59.81,135.58,177.33,201.82,1,0,59,9
reap,result,reap result,100,2825,3.85,reap the results,2.85,4,2,216.6,338.17,395.56,425.61,1,0,59,10
reap,return,reap return,100,1888,5.15,reap returns,2.97,13,2,262.32,367.67,405.79,426.77,1,0,59,2
reap,revenge,reap revenge,100,193,3.89,to reap revenge,1.54,1,2,83.681,134.55,152.79,161.58,1,0,59,1
reap,revenue,reap revenue,100,611,4.08,reap revenue,3.11,2,2,67.994,128.58,165.86,187.41,1,0,59,4
reap,reward,reap reward,100,39864,10.95,reap the rewards,3.41,5,2,91.827,146.67,165.8,174.59,1,0,59,2
reap,rich,reap rich,100,164,4.42,reap riches,2.79,1,2,59.649,81.536,91.391,98.883,1,0,59,1
reap,satisfaction,reap satisfaction,100,125,2.95,reap the satisfaction,1.9,5,2,83.25,116.79,131.49,138.52,1,0,59,1
reap,saving,reap saving,100,1147,5.62,reap savings,2.36,3,2,52.097,73.017,81.195,85.736,1,0,59,1
reap,seed,reap seed,100,229,2.91,reap the seeds,4.71,5,2,144.65,206.61,233.49,248.01,1,0,59,10
reap,share,reap share,100,298,2.48,reap a share,2.96,5,2,142.03,223.41,269.62,295.81,1,0,59,5
reap,soul,reap soul,100,514,3.91,reaping souls,1.86,5,2,173.0,242.94,270.78,286.52,1,0,59,10
reap,spoil,reap spoil,100,299,5.37,reap the spoils of,2.82,3,2,38.788,54.914,61.983,65.839,1,0,59,1
reap,success,reap success,100,938,3.69,reap success,2.21,4,2,194.18,295.66,331.23,349.41,1,0,59,5
reap,value,reap value,100,610,1.65,reap the value,1.62,6,2,204.29,287.34,318.64,334.81,1,0,59,21
reap,wealth,reap wealth,100,250,3.25,reap the wealth,2.63,4,2,116.03,167.93,186.4,196.46,1,0,59,3
reap,wheat,reap wheat,100,241,4.6,reaping wheat,4.89,3,2,45.759,93.196,123.3,142.23,1,0,59,3
reap,whirlwind,reap whirlwind,100,2820,8.63,reap the whirlwind,4.07,1,2,17.29,25.615,28.708,30.406,1,0,59,1
reap,windfall,reap windfall,100,1083,7.26,reap a windfall,2.52,2,2,36.862,53.45,61.561,66.36,1,0,59,1
reap,yield,reap yield,100,128,3.02,reap higher yields,2.93,4,2,73.591,114.42,130.2,138.9,1,0,59,2
scrap,agreement,scrap agreement,100,608,3.24,scrap the agreement,2.22,6,3,161.45,257.69,309.64,342.15,1,0,76,5
scrap,album,scrap album,100,480,3.09,album was scrapped,4.69,2,3,199.17,316.04,376.82,418.8,1,0,76,4
scrap,article,scrap article,100,276,0.91,scrap the article,4.33,4,3,179.02,272.79,315.01,337.97,1,0,76,9
scrap,ban,scrap ban,100,331,4.37,scrap the ban,2.37,5,3,108.72,169.3,203.52,222.15,1,0,76,3
scrap,bill,scrap bill,100,537,3.12,scrap the bill,4.68,10,3,180.57,253.96,277.09,287.1,1,0,76,10
scrap,bottom,scrap bottom,100,272,4.27,scrapping the bottom of the barrel,4.25,7,3,172.01,278.17,333.64,367.87,1,0,76,3
scrap,cap,scrap cap,100,475,4.54,scrap the cap,4.59,9,3,101.88,157.85,180.37,194.16,1,0,76,4
scrap,car,scrap car,100,4251,5.05,scrap your car,4.89,5,3,146.58,271.86,328.14,362.93,1,0,76,26
scrap,card,scrap card,100,230,1.46,scrap ID cards,4.9,11,3,148.11,207.64,231.41,245.34,1,0,76,11
scrap,charge,scrap charge,100,418,2.86,scrap charges,2.96,15,3,190.91,262.88,290.47,306.26,1,0,76,11
scrap,code,scrap code,100,198,1.07,scrap the code,3.0,3,3,138.61,222.28,254.59,273.05,1,0,76,9
scrap,concept,scrap concept,100,350,2.35,concept was scrapped,1.41,1,3,170.06,269.24,328.11,364.43,1,0,76,5
scrap,contract,scrap contract,100,328,2.52,scrap the contract,4.15,3,3,157.64,239.45,272.05,289.2,1,0,76,6
scrap,deal,scrap deal,100,1306,3.74,scrap the deal,3.1,9,3,162.55,254.97,291.8,311.14,1,0,76,10
scrap,design,scrap design,100,471,2.4,design was scrapped,3.27,7,3,235.93,343.99,390.64,412.09,1,0,76,5
scrap,dividend,scrap dividend,100,285,4.72,scrapped its dividend,2.76,3,3,43.126,68.111,82.567,93.795,1,0,76,4
scrap,duty,scrap duty,100,240,2.49,scrap stamp duty,2.19,3,3,140.95,207.04,235.19,248.69,1,0,76,6
scrap,effort,scrap effort,100,198,0.77,effort was scrapped,2.33,4,3,200.2,307.62,348.88,374.91,1,0,76,16
scrap,engine,scrap engine,100,302,2.67,engine was scrapped,4.86,4,3,161.05,244.11,278.23,299.74,1,0,76,8
scrap,event,scrap event,100,305,0.87,event was scrapped,2.69,4,3,226.3,317.53,360.62,385.59,1,0,76,19
scrap,fee,scrap fee,100,1038,4.24,scrap tuition fees,3.89,2,3,89.395,148.43,179.66,202.54,1,0,76,6
scrap,game,scrap game,100,419,0.66,game was scrapped,4.5,11,3,197.97,310.04,362.54,399.13,1,0,76,35
scrap,idea,scrap idea,100,4366,4.22,idea was scrapped,1.61,5,3,186.11,292.47,339.77,365.76,1,0,76,31
scrap,item,scrap item,100,223,1.07,scrap items,4.41,5,3,197.78,301.7,343.31,365.49,1,0,76,15
scrap,law,scrap law,100,1415,3.63,scrap the law,2.57,7,3,136.56,216.4,271.88,309.43,1,0,76,10
scrap,legislation,scrap legislation,100,213,2.74,scrap the legislation,3.14,2,3,105.24,164.93,210.94,244.98,1,0,76,2
scrap,limit,scrap limit,100,500,3.34,scrap term limits,2.28,6,3,166.96,240.9,272.83,290.23,1,0,76,7
scrap,line,scrap line,100,265,0.72,line was scrapped,4.5,30,3,253.42,357.41,397.32,421.22,1,0,76,42
scrap,list,scrap list,100,225,0.79,scrap the list,4.43,2,3,182.17,265.47,300.93,321.78,1,0,76,9
scrap,machine,scrap machine,100,314,2.22,scrap the machine,4.25,6,3,162.99,247.75,283.25,305.85,1,0,76,14
scrap,material,scrap material,100,443,1.77,scrap material,4.26,5,3,225.35,316.51,351.27,369.43,1,0,76,25
scrap,metal,scrap metal,100,1082,5.81,to scrap metal,4.87,2,3,125.31,203.89,250.4,277.21,1,0,76,9
scrap,model,scrap model,100,307,1.15,model was scrapped,4.53,9,3,257.89,360.86,399.17,421.43,1,0,76,10
scrap,order,scrap order,100,190,0.82,scrap the order,2.79,15,3,200.56,276.77,305.55,320.28,1,0,76,8
scrap,page,scrap page,100,298,1.26,scrap a page,4.9,6,3,188.45,271.09,309.07,332.21,1,0,76,11
scrap,part,scrap part,100,957,1.08,scrapped parts,3.29,12,3,237.04,382.12,430.05,454.33,1,0,76,30
scrap,photo,scrap photo,100,251,1.56,scrap photos,4.93,1,3,102.55,203.45,258.19,285.53,1,0,76,8
scrap,piece,scrap piece,100,397,1.84,scrap pieces,4.14,13,3,236.3,331.62,361.88,377.98,1,0,76,26
scrap,plan,scrap plan,100,8708,5.73,scrapped plans,3.4,3,3,144.41,259.22,311.43,339.79,1,0,76,17
scrap,plant,scrap plant,100,212,1.78,scrap the plant,4.76,4,3,229.53,338.39,377.64,397.49,1,0,76,10
scrap,policy,scrap policy,100,898,3.11,scrap the policy,2.76,3,3,171.66,250.29,295.41,320.55,1,0,76,12
scrap,process,scrap process,100,326,0.69,scrapping process,2.93,6,3,219.57,309.68,362.4,391.04,1,0,76,24
scrap,product,scrap product,100,232,0.25,scrapped product,4.17,6,3,227.73,323.72,365.31,390.22,1,0,76,15
scrap,program,scrap program,100,1511,2.78,program was scrapped,3.43,8,3,175.08,280.8,337.3,363.32,1,0,76,15
scrap,project,scrap project,100,3197,4.17,project was scrapped,3.62,2,3,170.17,284.97,344.87,374.52,1,0,76,19
scrap,proposal,scrap proposal,100,602,3.86,proposal was scrapped,2.75,3,3,141.82,242.7,286.26,312.53,1,0,76,2
scrap,provision,scrap provision,100,343,3.25,scrap the provision,2.65,4,3,145.1,232.02,270.45,294.42,1,0,76,1
scrap,rate,scrap rate,100,309,1.31,scrap business rates,2.5,4,3,155.47,233.69,262.65,282.31,1,0,76,13
scrap,regulation,scrap regulation,100,374,3.48,scrap regulations,2.0,6,3,119.59,192.21,243.35,275.98,1,0,76,6
scrap,requirement,scrap requirement,100,620,2.62,scrap the requirement,2.52,3,3,141.49,230.53,276.57,301.95,1,0,76,6
scrap,rest,scrap rest,100,444,3.18,scrap the rest,3.03,7,3,192.69,296.32,342.93,369.25,1,0,76,5
scrap,restriction,scrap restriction,100,273,3.24,scrap restrictions,2.25,3,3,124.18,195.85,234.24,255.99,1,0,76,4
scrap,rule,scrap rule,100,1193,3.56,scrap the rule,2.57,12,3,177.48,280.06,326.59,358.7,1,0,76,11
scrap,scheme,scrap scheme,100,932,4.71,scrap the scheme,2.41,5,3,168.96,256.65,299.24,325.92,1,0,76,4
scrap,season,scrap season,100,282,1.87,season was scrapped,3.32,3,3,247.21,364.08,408.66,437.05,1,0,76,8
scrap,section,scrap section,100,393,2.28,scrap the section,3.24,14,3,251.58,357.1,398.07,416.69,1,0,76,11
scrap,service,scrap service,100,384,0.45,service was scrapped,2.21,15,3,200.41,284.58,315.39,332.94,1,0,76,18
scrap,ship,scrap ship,100,1138,4.69,ship was scrapped,4.87,1,3,128.34,250.17,304.84,346.07,1,0,76,15
scrap,show,scrap show,100,229,1.36,show was scrapped,3.97,4,3,226.11,322.61,364.16,391.95,1,0,76,8
scrap,song,scrap song,100,249,1.33,song was scrapped,4.46,6,3,201.8,327.69,394.38,431.11,1,0,76,8
scrap,status,scrap status,100,249,2.35,scrapped the special status,2.24,2,3,166.72,246.03,273.41,286.13,1,0,76,1
scrap,subsidy,scrap subsidy,100,385,5.29,scrap subsidies,2.16,1,3,75.95,107.95,122.99,136.68,1,0,76,2
scrap,system,scrap system,100,2206,2.77,system was scrapped,2.94,9,3,223.61,330.78,374.49,401.55,1,0,76,36
scrap,target,scrap target,100,268,2.38,scrap the target,4.11,5,3,165.15,233.33,258.47,270.78,1,0,76,6
scrap,tariff,scrap tariff,100,208,4.58,scrap tariffs,3.38,1,3,55.199,90.223,106.25,116.43,1,0,76,2
scrap,tax,scrap tax,100,1326,4.52,scrap the tax,3.89,1,3,84.254,125.94,147.02,164.68,1,0,76,5
scrap,test,scrap test,100,334,1.86,scrap the test,3.93,6,3,143.42,222.3,256.56,274.48,1,0,76,5
scrap,thing,scrap thing,100,950,0.89,scrap the whole thing,3.17,12,3,143.55,268.8,339.04,370.97,1,0,76,51
scrap,treaty,scrap treaty,100,221,4.33,scrap the treaty,3.07,1,3,84.03,151.6,194.34,220.83,1,0,76,1
scrap,trip,scrap trip,100,195,1.86,scrapped the trip,3.71,7,3,167.9,281.35,349.39,394.13,1,0,76,1
scrap,unit,scrap unit,100,419,2.39,units were scrapped,3.77,6,3,223.82,323.7,361.47,379.55,1,0,76,8
scrap,vehicle,scrap vehicle,100,1108,4.04,scrapped vehicles,4.64,4,3,135.77,243.43,288.48,318.05,1,0,76,14
scrap,version,scrap version,100,337,1.34,version was scrapped,1.7,6,3,263.55,386.28,441.13,471.77,1,0,76,10
scrap,vessel,scrap vessel,100,417,4.23,vessel was scrapped,4.66,3,3,137.92,221.75,267.43,299.54,1,0,76,4
scrap,way,scrap way,100,590,0.06,scrapped their way,2.34,12,3,244.04,355.4,397.34,421.07,1,0,76,38
scrap,weapon,scrap weapon,100,246,2.41,scrapping nuclear weapons,4.76,2,3,121.89,179.72,215.89,244.38,1,0,76,12
scrape,area,scrape area,100,620,1.51,scraped area,3.72,6,6,263.68,404.24,463.02,501.91,1,0,50,24
scrape,barrel,scrape barrel,100,1215,6.74,scraping the barrel,4.86,5,6,116.95,163.85,182.27,193.52,1,0,50,2
scrape,batter,scrape batter,100,232,5.1,Scrape the batter into the,4.41,2,6,71.333,100.48,109.53,113.55,1,0,50,2
scrape,bit,scrape bit,100,1033,2.24,scrape a bit,3.27,11,6,192.43,300.42,350.38,380.06,1,0,50,29
scrape,bottom,scrape bottom,100,5734,8.68,scraping the bottom of the barrel,4.25,7,6,172.01,278.17,333.64,367.87,1,0,50,3
scrape,bowl,scrape bowl,100,1067,6.33,scraping bowl,4.87,9,6,134.53,190.44,209.62,219.19,1,0,50,2
scrape,cash,scrape cash,100,470,4.25,scrape together enough cash,4.48,3,6,91.656,133.39,152.14,164.96,1,0,50,3
scrape,cell,scrape cell,100,527,3.27,cells were scraped,4.44,7,6,151.64,244.74,286.69,309.52,1,0,50,11
scrape,content,scrape content,100,1220,3.62,scraped content,2.59,7,6,164.92,250.07,280.91,297.3,1,0,50,17
scrape,dirt,scrape dirt,100,442,5.53,scrape the dirt,4.86,4,6,78.603,111.19,127.04,138.24,1,0,50,4
scrape,dough,scrape dough,100,367,5.31,Scrape the dough,4.79,2,6,52.491,77.146,88.196,95.46,1,0,50,2
scrape,edge,scrape edge,100,591,4.03,scraping edge,4.24,6,6,213.73,320.46,371.12,406.55,1,0,50,8
scrape,flesh,scrape flesh,100,558,5.69,scrape the flesh,4.59,3,6,117.07,169.48,189.27,199.45,1,0,50,4
scrape,floor,scrape floor,100,893,4.97,scraping the floor,4.8,10,6,175.64,276.15,320.45,350.82,1,0,50,8
scrape,food,scrape food,100,422,1.94,scrape food,4.8,3,6,169.07,241.2,280.07,303.04,1,0,50,18
scrape,fund,scrape fund,100,353,2.29,scrape together the funds,3.18,3,6,147.28,207.45,229.19,247.48,1,0,50,8
scrape,ground,scrape ground,100,949,4.18,scraping the ground,4.77,11,6,207.06,291.84,324.49,350.64,1,0,50,13
scrape,hair,scrape hair,100,463,3.33,scrape the hair,4.97,6,6,145.81,211.36,244.64,264.55,1,0,50,12
scrape,ice,scrape ice,100,1126,6.42,scraping ice,4.89,8,6,122.09,174.58,198.81,212.59,1,0,50,5
scrape,information,scrape information,100,949,1.42,scrape information,2.87,5,6,188.65,292.02,342.92,373.06,1,0,50,17
scrape,inside,scrape inside,100,567,5.59,scrape the inside,3.67,2,6,96.954,193.51,228.26,246.36,1,0,50,2
scrape,knee,scrape knee,100,2972,7.92,scraped knees,5.0,3,6,71.134,127.72,169.11,201.61,1,0,50,10
scrape,layer,scrape layer,100,530,3.9,scraping layers,3.52,5,6,209.54,295.05,324.1,342.07,1,0,50,8
scrape,living,scrape living,100,1286,5.89,scrape a living,3.04,4,6,118.05,167.4,183.13,190.2,1,0,50,1
scrape,material,scrape material,100,468,1.85,material scraped,4.26,5,6,225.35,316.51,351.27,369.43,1,0,50,25
scrape,meat,scrape meat,100,265,3.51,scrape the meat,4.9,3,6,92.942,146.23,184.83,210.57,1,0,50,6
scrape,mixture,scrape mixture,100,379,4.3,Scrape the mixture,3.79,5,6,173.87,303.73,353.4,380.67,1,0,50,7
scrape,money,scrape money,100,2109,3.33,scrape together enough money,4.54,3,6,103.44,164.62,189.47,205.68,1,0,50,15
scrape,mud,scrape mud,100,399,5.95,scraping mud,4.86,2,6,85.012,142.4,171.13,189.48,1,0,50,2
scrape,page,scrape page,100,658,2.41,scrape the page,4.9,6,6,188.45,271.09,309.07,332.21,1,0,50,11
scrape,paint,scrape paint,100,1841,6.93,scraping paint,4.79,3,6,103.52,163.78,191.63,207.81,1,0,50,6
scrape,plate,scrape plate,100,672,4.62,scraping plates,4.77,15,6,166.84,231.74,255.92,275.74,1,0,50,8
scrape,seed,scrape seed,100,584,4.38,scrape the seeds,4.71,5,6,144.65,206.61,233.49,248.01,1,0,50,10
scrape,side,scrape side,100,2296,4.95,scrape the sides,3.68,12,6,242.69,366.37,436.59,477.44,1,0,50,25
scrape,site,scrape site,100,749,2.35,scrape the site,4.56,3,6,252.6,368.9,411.88,434.34,1,0,50,18
scrape,skin,scrape skin,100,1675,5.42,scrape the skin,4.79,6,6,169.4,240.84,276.4,299.07,1,0,50,10
scrape,sky,scrape sky,100,397,4.86,scrape the sky,4.45,1,6,148.71,216.65,249.44,270.94,1,0,50,2
scrape,snow,scrape snow,100,469,5.03,scraping snow,4.85,4,6,116.9,171.0,201.5,219.46,1,0,50,2
scrape,soil,scrape soil,100,301,3.99,scrape the soil,4.87,4,6,153.97,228.07,261.15,280.98,1,0,50,6
scrape,stuff,scrape stuff,100,265,2.0,scraping stuff,3.13,7,6,154.36,228.68,256.01,270.5,1,0,50,15
scrape,surface,scrape surface,100,2701,6.26,scrape the surface,4.26,6,6,249.55,357.56,402.19,427.02,1,0,50,10
scrape,tongue,scrape tongue,100,439,5.05,scrape your tongue,4.93,8,6,111.81,154.76,172.28,185.07,1,0,50,4
scrape,tooth,scrape tooth,100,1099,5.34,scraping his teeth,4.89,5,6,89.365,137.21,164.44,183.76,1,0,50,7
scrape,wall,scrape wall,100,799,4.21,scraped the wall,4.86,8,6,199.95,305.54,363.69,395.21,1,0,50,15
scrape,wax,scrape wax,100,241,5.3,scrape the wax,4.97,1,6,55.19,84.938,102.84,114.9,1,0,50,3
scrape,way,scrape way,100,754,0.42,scrape their way,2.34,12,6,244.04,355.4,397.34,421.07,1,0,50,38
scrape,web,scrape web,100,265,4.01,scrape the web,4.37,7,6,113.54,161.86,183.69,197.47,1,0,50,4
scrape,website,scrape website,100,850,3.39,scrape websites,4.52,1,6,206.72,309.87,359.6,387.71,1,0,50,6
scrape,win,scrape win,100,480,4.08,scrape a win,2.67,2,6,115.99,164.48,188.7,203.28,1,0,50,5
scrape,window,scrape window,100,274,2.15,scrape the windows,4.86,8,6,140.8,244.66,291.16,317.16,1,0,50,15
share,advice,share advice,100,13505,5.64,share advice,2.73,1,5,151.4,223.86,258.07,277.15,1,0,98,2
share,article,share article,100,20045,5.78,share this article,4.33,4,5,179.02,272.79,315.01,337.97,1,0,98,9
share,bathroom,share bathroom,100,11712,5.68,shared bathroom,4.52,2,5,77.017,137.17,172.2,192.91,1,0,98,1
share,bed,share bed,100,15565,6.0,sharing a bed,5.0,8,5,186.07,256.31,284.89,302.37,1,0,98,3
share,belief,share belief,100,21977,6.47,share the belief,1.19,2,5,175.05,262.14,299.23,321.46,1,0,98,8
share,bit,share bit,100,13161,4.92,share a bit,3.27,11,5,192.43,300.42,350.38,380.06,1,0,98,29
share,border,share border,100,13318,5.81,shares a border,4.29,5,5,203.76,307.74,355.31,380.04,1,0,98,3
share,characteristic,share characteristic,100,18320,6.22,shared characteristics,2.38,4,5,166.5,251.01,283.75,303.18,1,0,98,1
share,code,share code,100,14222,5.51,share code,3.0,3,5,138.61,222.28,254.59,273.05,1,0,98,9
share,commitment,share commitment,100,19454,6.25,shared commitment to,1.74,5,5,155.9,224.41,251.61,268.44,1,0,98,3
share,concern,share concern,100,41478,7.1,share their concerns,1.7,5,5,192.53,304.28,359.28,388.82,1,0,98,6
share,connection,share connection,100,11999,5.36,share a connection,3.0,9,5,212.19,336.16,390.35,421.85,1,0,98,8
share,content,share content,100,40343,7.0,share content,2.59,7,5,164.92,250.07,280.91,297.3,1,0,98,17
share,cost,share cost,100,16877,5.55,share the cost,2.5,3,5,160.14,263.17,306.3,332.11,1,0,98,14
share,culture,share culture,100,12804,5.61,shared culture,2.04,7,5,186.1,286.95,330.06,354.28,1,0,98,8
share,detail,share detail,100,44578,7.19,shared details,2.5,5,5,181.66,257.54,289.87,309.11,1,0,98,10
share,document,share document,100,12500,5.4,sharing documents,4.41,4,5,158.9,245.28,277.4,295.0,1,0,98,8
share,enthusiasm,share enthusiasm,100,12669,5.81,share my enthusiasm,2.34,3,5,117.92,180.95,209.12,227.37,1,0,98,4
share,example,share example,100,13300,5.29,share examples,3.03,6,5,242.85,422.42,514.37,556.22,1,0,98,3
share,experience,share experience,100,322036,9.54,share their experiences,1.8,3,5,185.87,276.44,315.87,336.02,1,0,98,12
share,expertise,share expertise,100,35419,7.2,share their expertise,1.64,1,5,127.32,185.37,212.21,226.89,1,0,98,1
share,faith,share faith,100,16674,6.06,share their faith,1.63,4,5,140.78,206.99,234.99,249.85,1,0,98,5
share,feature,share feature,100,17398,5.73,sharing features,2.96,6,5,224.82,325.48,365.88,386.04,1,0,98,9
share,feeling,share feeling,100,26442,6.55,share their feelings,1.68,6,5,176.83,271.16,309.46,329.6,1,0,98,10
share,file,share file,100,28381,6.35,sharing files,4.41,4,5,161.95,238.97,274.76,297.38,1,0,98,9
share,finding,share finding,100,23820,6.58,share their findings,2.89,3,5,131.79,191.93,216.85,230.68,1,0,98,2
share,food,share food,100,17706,5.76,sharing food,4.8,3,5,169.07,241.2,280.07,303.04,1,0,98,18
share,gift,share gift,100,11670,5.48,share the gift,4.56,3,5,167.49,241.48,269.29,283.57,1,0,98,1
share,goal,share goal,100,31871,6.57,shared goal,3.06,4,5,186.1,266.96,303.41,324.86,1,0,98,6
share,gospel,share gospel,100,19078,6.37,share the gospel,3.82,5,5,80.377,122.21,144.02,157.75,1,0,98,2
share,history,share history,100,21895,6.14,shared history,2.96,5,5,244.12,342.42,382.02,402.74,1,0,98,9
share,home,share home,100,14697,5.03,share a home,4.11,9,5,239.73,352.55,396.94,419.06,1,0,98,14
share,idea,share idea,100,93587,7.7,sharing ideas,1.61,5,5,186.11,292.47,339.77,365.76,1,0,98,31
share,image,share image,100,27718,6.29,sharing images,3.85,9,5,179.93,316.21,370.25,403.89,1,0,98,21
share,info,share info,100,15889,6.02,share info,2.39,1,5,95.9,151.66,171.27,181.4,1,0,98,3
share,information,share information,100,295253,9.01,share information,2.87,5,5,188.65,292.02,342.92,373.06,1,0,98,17
share,insight,share insight,100,61012,7.86,share their insights,1.72,4,5,127.44,178.44,194.41,201.84,1,0,98,4
share,interest,share interest,100,52130,7.26,shared interest,1.8,7,5,176.83,268.45,304.88,322.86,1,0,98,14
share,journey,share journey,100,21004,6.4,sharing your journey,2.57,1,5,164.07,258.14,313.54,347.77,1,0,98,2
share,joy,share joy,100,17250,6.19,share the joy,2.37,2,5,107.12,161.36,189.58,205.58,1,0,98,5
share,knowledge,share knowledge,100,139006,8.82,share their knowledge,1.73,1,5,149.95,251.68,288.24,306.7,1,0,98,4
share,lesson,share lesson,100,14152,5.75,share lessons,2.79,4,5,128.34,182.48,200.8,210.24,1,0,98,2
share,life,share life,100,34503,6.17,share my life,2.69,14,5,228.25,333.37,374.48,396.14,1,0,98,27
share,link,share link,100,32777,6.63,share the link,3.43,9,5,208.43,313.12,359.04,384.62,1,0,98,5
share,list,share list,100,12768,5.21,shared a list,4.43,2,5,182.17,265.47,300.93,321.78,1,0,98,9
share,lot,share lot,100,17635,4.85,share a lot of,3.7,7,5,144.92,243.93,294.05,322.54,1,0,98,34
share,love,share love,100,59909,7.76,share the love,2.07,6,5,236.75,336.16,379.05,401.89,1,0,98,7
share,meal,share meal,100,22960,6.5,share a meal,4.62,3,5,108.62,181.62,219.62,243.19,1,0,98,3
share,memory,share memory,100,39358,7.2,shared memory,2.38,5,5,208.41,286.39,315.63,333.95,1,0,98,12
share,message,share message,100,29506,6.48,share the message,3.97,2,5,175.56,250.41,284.71,304.77,1,0,98,13
share,moment,share moment,100,29461,6.7,share a moment,1.61,6,5,260.29,370.13,427.44,458.27,1,0,98,8
share,music,share music,100,15461,5.66,sharing music,4.31,5,5,190.77,285.42,323.99,353.44,1,0,98,7
share,name,share name,100,30237,6.07,share the same name,3.5,6,5,276.55,417.22,464.64,487.44,1,0,98,16
share,news,share news,100,52123,7.53,share the news,3.41,5,5,147.99,211.63,237.7,252.17,1,0,98,11
share,number,share number,100,14078,4.68,share a number,3.3,11,5,198.05,280.36,322.92,351.63,1,0,98,36
share,opinion,share opinion,100,42988,7.29,share their opinions,1.93,6,5,152.86,241.2,273.22,291.02,1,0,98,10
share,part,share part,100,12882,4.27,share part,3.29,12,5,237.04,382.12,430.05,454.33,1,0,98,30
share,passion,share passion,100,52475,7.76,share a passion,2.3,7,5,119.78,201.4,232.88,253.47,1,0,98,7
share,perspective,share perspective,100,26440,6.74,share their perspectives,2.38,2,5,151.18,245.35,285.9,305.8,1,0,98,2
share,photo,share photo,100,71632,7.89,shared a photo,4.93,1,5,102.55,203.45,258.19,285.53,1,0,98,8
share,picture,share picture,100,36175,6.78,shared a picture,4.52,10,5,124.67,237.09,298.33,333.94,1,0,98,7
share,plan,share plan,100,17365,5.51,sharing plan,3.4,3,5,144.41,259.22,311.43,339.79,1,0,98,17
share,platform,share platform,100,13502,5.61,sharing platform,4.48,5,5,199.05,273.14,300.85,316.83,1,0,98,4
share,post,share post,100,53329,7.48,A post shared by,4.3,11,5,152.62,212.88,237.75,249.94,1,0,98,7
share,power,share power,100,16295,5.38,share power,2.04,9,5,196.2,276.34,308.2,322.74,1,0,98,19
share,practice,share practice,100,47187,7.26,share best practices,2.52,5,5,192.38,277.96,309.49,329.29,1,0,98,4
share,project,share project,100,14562,5.21,share their projects,3.62,2,5,170.17,284.97,344.87,374.52,1,0,98,19
share,recipe,share recipe,100,35224,7.14,sharing this recipe,4.43,1,5,119.4,170.81,194.14,207.31,1,0,98,3
share,research,share research,100,18937,5.88,share their research,3.03,2,5,170.07,249.43,282.88,299.95,1,0,98,9
share,resource,share resource,100,59035,7.53,share this resource,2.55,3,5,166.52,241.94,269.95,282.85,1,0,98,7
share,responsibility,share responsibility,100,32063,6.84,shared responsibility,1.4,3,5,139.46,206.54,231.4,249.11,1,0,98,6
share,result,share result,100,31621,6.27,share the results,2.85,4,5,216.6,338.17,395.56,425.61,1,0,98,10
share,room,share room,100,32823,6.56,share a room,4.79,4,5,177.22,289.39,342.76,375.76,1,0,98,6
share,secret,share secret,100,23634,6.6,share their secrets,2.19,3,5,106.43,149.86,166.24,174.76,1,0,98,7
share,sense,share sense,100,12356,5.12,a shared sense of,2.61,5,5,206.76,300.07,335.13,356.84,1,0,98,11
share,sentiment,share sentiment,100,15082,6.04,sentiment shared,2.1,2,5,107.7,162.53,184.29,195.29,1,0,98,7
share,service,share service,100,16400,5.04,shared services,2.21,15,5,200.41,284.58,315.39,332.94,1,0,98,18
share,similarity,share similarity,100,13033,5.82,share many similarities,1.9,2,5,127.4,192.93,231.46,262.13,1,0,98,1
share,skill,share skill,100,12800,5.26,share their skills,2.17,2,5,158.2,237.46,270.14,289.39,1,0,98,10
share,space,share space,100,48445,7.15,shared space,3.54,9,5,218.82,301.78,331.62,346.57,1,0,98,10
share,stage,share stage,100,31777,6.92,shared the stage with,4.64,8,5,237.79,333.96,373.25,392.25,1,0,98,7
share,story,share story,100,262152,9.22,share their stories,3.3,6,5,197.18,328.22,376.06,402.62,1,0,98,28
share,strategy,share strategy,100,12914,5.4,share strategies,1.93,2,5,159.33,237.03,280.72,303.86,1,0,98,8
share,talent,share talent,100,11623,5.53,share their talents,2.19,2,5,149.46,215.84,243.88,261.1,1,0,98,6
share,thing,share thing,100,22605,4.96,share things,3.17,12,5,143.55,268.8,339.04,370.97,1,0,98,51
share,thought,share thought,100,130161,8.88,share your thoughts,1.97,4,5,172.64,253.02,286.84,305.45,1,0,98,17
share,time,share time,100,30665,4.99,sharing time,3.07,10,5,273.83,408.51,469.17,512.74,1,0,98,50
share,tip,share tip,100,45019,7.45,share tips,4.5,5,5,167.86,240.04,265.37,278.84,1,0,98,2
share,understanding,share understanding,100,18335,6.05,a shared understanding of,1.92,4,5,129.87,208.71,244.67,262.27,1,0,98,4
share,update,share update,100,14243,5.75,share updates,2.79,1,5,96.82,153.01,174.13,185.47,1,0,98,2
share,value,share value,100,41238,6.66,shared values,1.62,6,5,204.29,287.34,318.64,334.81,1,0,98,21
share,video,share video,100,56280,7.48,shared a video,4.67,4,5,147.3,222.06,256.29,276.31,1,0,98,7
share,view,share view,100,82730,7.99,share their views,3.21,10,5,225.92,335.06,380.85,402.91,1,0,98,14
share,vision,share vision,100,53659,7.71,shared vision,3.39,5,5,168.58,240.77,273.17,291.0,1,0,98,3
share,way,share way,100,12457,4.0,share ways,2.34,12,5,244.04,355.4,397.34,421.07,1,0,98,38
share,wisdom,share wisdom,100,13037,5.82,share their wisdom,1.53,5,5,100.6,143.27,159.8,171.67,1,0,98,2
share,word,share word,100,13226,5.1,share the word,3.56,10,5,247.83,371.55,418.36,446.17,1,0,98,25
share,work,share work,100,46629,6.41,share their work,3.48,7,5,272.87,386.54,424.55,447.82,1,0,98,22
shatter,air,shatter air,100,353,3.15,shattered the air,4.11,9,3,153.36,215.5,239.69,254.08,1,0,83,13
shatter,ankle,shatter ankle,100,335,5.26,shattered his ankle,4.81,1,3,41.848,89.279,125.92,148.97,1,0,83,4
shatter,arm,shatter arm,100,605,3.46,arm was shattered,4.96,6,3,180.22,255.25,290.97,315.14,1,0,83,21
shatter,assumption,shatter assumption,100,445,4.36,shatter assumptions,1.84,7,3,130.91,198.58,226.85,243.04,1,0,83,1
shatter,backboard,shatter backboard,100,270,5.66,Shattered Backboard,4.93,2,3,17.363,27.281,31.649,34.656,1,0,83,1
shatter,barrier,shatter barrier,100,1059,5.16,shattering barriers,4.41,3,3,128.97,196.07,218.23,228.6,1,0,83,7
shatter,belief,shatter belief,100,756,4.57,belief was shattered,1.19,2,3,175.05,262.14,299.23,321.46,1,0,83,8
shatter,body,shatter body,100,664,2.42,body shattered,4.79,11,3,237.41,335.77,373.18,393.77,1,0,83,40
shatter,bond,shatter bond,100,337,3.67,shatter the bonds,3.62,10,3,110.64,161.44,182.63,192.11,1,0,83,6
shatter,bone,shatter bone,100,1971,6.63,shattered the bone,4.9,3,3,113.62,182.3,215.25,233.86,1,0,83,6
shatter,bottle,shatter bottle,100,395,3.84,bottle shattered,4.91,3,3,120.42,183.22,217.03,239.9,1,0,83,12
shatter,boundary,shatter boundary,100,410,4.03,shatter the boundaries,3.04,3,3,204.72,290.82,325.85,344.29,1,0,83,7
shatter,building,shatter building,100,304,1.85,buildings were shattered,4.64,4,3,193.2,298.76,338.74,361.38,1,0,83,10
shatter,calm,shatter calm,100,530,5.95,calm was shattered,2.83,2,3,48.651,76.025,89.293,95.815,1,0,83,1
shatter,ceiling,shatter ceiling,100,1588,6.88,shatter the glass ceiling,4.85,4,3,115.68,166.12,196.23,215.7,1,0,83,2
shatter,community,shatter community,100,443,1.94,community is shattered,3.52,6,3,214.58,316.13,353.91,376.42,1,0,83,12
shatter,confidence,shatter confidence,100,1300,5.26,confidence was shattered,2.17,5,3,114.6,160.91,178.32,187.72,1,0,83,3
shatter,crystal,shatter crystal,100,319,4.7,shatter the crystal,4.58,6,3,119.08,167.46,184.71,196.54,1,0,83,2
shatter,door,shatter door,100,635,3.0,door shattered,4.81,5,3,145.33,240.25,284.65,309.98,1,0,83,14
shatter,dream,shatter dream,100,4281,6.61,dreams were shattered,2.6,6,3,147.1,213.55,239.31,254.22,1,0,83,8
shatter,economy,shatter economy,100,516,3.43,shattered the economy,2.57,4,3,165.36,238.62,265.62,283.32,1,0,83,14
shatter,effect,shatter effect,100,648,1.87,shattering effect,1.8,6,3,218.79,347.59,391.78,415.54,1,0,83,8
shatter,event,shatter event,100,761,2.17,shattering event,2.69,4,3,226.3,317.53,360.62,385.59,1,0,83,19
shatter,expectation,shatter expectation,100,1352,5.32,shattered expectations,1.62,4,3,128.73,183.66,206.18,218.56,1,0,83,6
shatter,experience,shatter experience,100,880,2.02,a shattering experience,1.8,3,3,185.87,276.44,315.87,336.02,1,0,83,12
shatter,faith,shatter faith,100,632,4.18,faith was shattered,1.63,4,3,140.78,206.99,234.99,249.85,1,0,83,5
shatter,family,shatter family,100,1149,3.23,family is shattered,4.23,8,3,241.61,347.92,387.48,407.58,1,0,83,11
shatter,force,shatter force,100,349,1.98,shattering force,3.0,10,3,126.65,244.96,289.46,319.69,1,0,83,11
shatter,foundation,shatter foundation,100,359,3.37,shatter the foundations,3.74,7,3,179.51,257.89,289.64,307.68,1,0,83,4
shatter,glass,shatter glass,100,5273,7.26,shattering glass,4.82,7,3,149.6,219.89,246.25,262.92,1,0,83,12
shatter,head,shatter head,100,278,1.25,head was shattered,4.75,33,3,299.95,421.51,474.88,503.64,1,0,83,28
shatter,heart,shatter heart,100,2101,5.14,heart shattered,4.52,10,3,222.29,308.92,338.38,354.34,1,0,83,18
shatter,hope,shatter hope,100,1819,5.46,hopes were shattered,1.25,6,3,166.95,241.91,272.45,287.77,1,0,83,11
shatter,ice,shatter ice,100,327,4.49,shatter the ice,4.89,8,3,122.09,174.58,198.81,212.59,1,0,83,5
shatter,idea,shatter idea,100,505,1.1,shattered the idea,1.61,5,3,186.11,292.47,339.77,365.76,1,0,83,31
shatter,illusion,shatter illusion,100,3437,8.0,shatter the illusion,2.48,4,3,86.181,130.43,145.14,153.55,1,0,83,3
shatter,image,shatter image,100,1135,3.04,shattered the image,3.85,9,3,179.93,316.21,370.25,403.89,1,0,83,21
shatter,jaw,shatter jaw,100,363,5.3,shattered his jaw,4.87,3,3,70.99,102.0,121.56,138.11,1,0,83,4
shatter,knee,shatter knee,100,288,4.4,shattered his knee,5.0,3,3,71.134,127.72,169.11,201.61,1,0,83,10
shatter,leg,shatter leg,100,1160,4.95,leg was shattered,4.83,9,3,134.48,212.33,256.38,294.07,1,0,83,17
shatter,life,shatter life,100,4293,4.03,life is shattered,2.69,14,3,228.25,333.37,374.48,396.14,1,0,83,27
shatter,line,shatter line,100,275,0.77,line was shattered,4.5,30,3,253.42,357.41,397.32,421.22,1,0,83,42
shatter,loss,shatter loss,100,291,2.08,shattering loss,2.19,8,3,224.78,325.17,364.27,385.08,1,0,83,9
shatter,mark,shatter mark,100,436,3.43,shattering the previous mark,4.21,15,3,196.68,271.99,293.94,305.8,1,0,83,4
shatter,mind,shatter mind,100,567,3.04,mind was shattered,2.5,7,3,197.15,276.78,313.43,334.55,1,0,83,16
shatter,mirror,shatter mirror,100,593,5.51,shattered the mirror,4.97,2,3,102.91,144.62,161.39,168.89,1,0,83,3
shatter,misconception,shatter misconception,100,272,5.04,shatter misconceptions,1.93,1,3,57.684,85.079,98.369,105.82,1,0,83,1
shatter,moment,shatter moment,100,754,3.46,shattering moment,1.61,6,3,260.29,370.13,427.44,458.27,1,0,83,8
shatter,myth,shatter myth,100,2665,7.42,shattered the myth,2.17,1,3,129.8,193.08,219.75,234.87,1,0,83,1
shatter,nerve,shatter nerve,100,437,5.11,nerves were shattered,3.89,3,3,73.346,106.07,124.85,137.86,1,0,83,4
shatter,news,shatter news,100,652,3.26,earth shattering news,3.41,5,3,147.99,211.63,237.7,252.17,1,0,83,11
shatter,notion,shatter notion,100,652,4.84,shattered the notion,1.93,4,3,164.54,242.78,288.04,315.87,1,0,83,5
shatter,orgasm,shatter orgasm,100,331,5.49,earth shattering orgasm,3.97,1,3,25.435,39.195,44.515,47.411,1,0,83,1
shatter,peace,shatter peace,100,1758,5.67,peace is shattered,1.62,5,3,91.75,141.41,165.78,179.16,1,0,83,3
shatter,perception,shatter perception,100,451,4.6,shatter the perception,2.0,5,3,130.82,196.59,225.8,239.97,1,0,83,3
shatter,piece,shatter piece,100,417,1.89,shattered pieces,4.14,13,3,236.3,331.62,361.88,377.98,1,0,83,26
shatter,plan,shatter plan,100,378,1.19,plans are shattered,3.4,3,3,144.41,259.22,311.43,339.79,1,0,83,17
shatter,power,shatter power,100,482,1.46,shattering power,2.04,9,3,196.2,276.34,308.2,322.74,1,0,83,19
shatter,preconception,shatter preconception,100,289,5.66,shattering preconceptions,1.7,2,3,36.147,52.933,60.689,64.374,1,0,83,1
shatter,reality,shatter reality,100,381,3.22,shattering reality,1.72,4,3,156.24,228.7,258.45,273.33,1,0,83,8
shatter,record,shatter record,100,9028,6.31,shattered records,4.15,8,3,188.53,270.23,302.1,318.6,1,0,83,14
shatter,relationship,shatter relationship,100,393,1.79,relationship is shattered,2.8,4,3,256.77,383.37,435.58,473.39,1,0,83,10
shatter,revelation,shatter revelation,100,363,4.86,shattering revelation,2.21,4,3,121.47,180.41,206.37,220.06,1,0,83,1
shatter,rock,shatter rock,100,669,4.63,shatter the rock,4.91,7,3,225.91,320.78,360.6,382.06,1,0,83,10
shatter,screen,shatter screen,100,439,3.69,shattered the screen,4.6,9,3,184.18,258.18,287.66,306.13,1,0,83,8
shatter,sense,shatter sense,100,421,1.58,shattered the sense,2.61,5,3,206.76,300.07,335.13,356.84,1,0,83,11
shatter,silence,shatter silence,100,1695,6.96,shattered the silence,3.33,4,3,107.25,151.56,168.73,179.07,1,0,83,3
shatter,skull,shatter skull,100,542,5.91,shattered his skull,4.83,1,3,85.681,134.14,160.28,175.12,1,0,83,4
shatter,soul,shatter soul,100,481,3.86,soul was shattered,1.86,5,3,173.0,242.94,270.78,286.52,1,0,83,10
shatter,sound,shatter sound,100,422,2.73,shattering sound,3.7,8,3,201.18,297.75,348.31,382.29,1,0,83,10
shatter,stereotype,shatter stereotype,100,1419,7.16,shatter stereotypes,2.0,1,3,82.408,127.44,146.43,156.09,1,0,83,2
shatter,stillness,shatter stillness,100,308,5.74,shattered the stillness,2.4,3,3,37.751,54.843,61.893,67.381,1,0,83,1
shatter,stone,shatter stone,100,409,3.86,shatter stone,4.72,13,3,159.19,242.89,279.87,302.48,1,0,83,11
shatter,structure,shatter structure,100,298,1.85,shatter the structure,4.03,5,3,243.93,343.97,379.8,400.18,1,0,83,8
shatter,system,shatter system,100,499,0.62,system was shattered,2.94,9,3,223.61,330.78,374.49,401.55,1,0,83,36
shatter,thought,shatter thought,100,278,2.18,thoughts were shattered,1.97,4,3,172.64,253.02,286.84,305.45,1,0,83,17
shatter,trust,shatter trust,100,563,4.41,trust is shattered,2.04,6,3,146.8,212.51,243.01,258.24,1,0,83,3
shatter,unity,shatter unity,100,342,4.87,shattered the unity,2.23,3,3,87.187,134.05,155.58,167.55,1,0,83,2
shatter,view,shatter view,100,341,1.63,view was shattered,3.21,10,3,225.92,335.06,380.85,402.91,1,0,83,14
shatter,wall,shatter wall,100,862,4.27,shattered the walls,4.86,8,3,199.95,305.54,363.69,395.21,1,0,83,15
shatter,window,shatter window,100,5611,6.48,shattered windows,4.86,8,3,140.8,244.66,291.16,317.16,1,0,83,15
shatter,windshield,shatter windshield,100,673,6.73,shattered the windshield,4.86,1,3,26.861,53.158,63.543,69.907,1,0,83,2
shatter,world,shatter world,100,2922,4.36,world is shattered,4.36,8,3,202.2,309.66,360.98,390.98,1,0,83,28
shift,activity,shift activity,100,1983,3.7,activity shifted,2.72,6,13,227.17,320.91,359.98,381.47,1,0,98,10
shift,allegiance,shift allegiance,100,2321,6.14,shifting allegiances,1.77,2,13,64.566,89.596,98.239,103.12,1,0,98,1
shift,alliance,shift alliance,100,2496,6.02,shifting alliances,2.5,5,13,136.73,218.78,256.02,274.57,1,0,98,3
shift,approach,shift approach,100,2001,3.92,shift their approach,2.74,9,13,228.24,334.77,377.46,398.77,1,0,98,6
shift,attention,shift attention,100,18096,6.86,shift attention,2.3,6,13,133.07,191.66,213.39,223.75,1,0,98,7
shift,attitude,shift attitude,100,3547,6.11,shifting attitudes,1.97,4,13,201.44,293.68,335.16,357.91,1,0,98,3
shift,balance,shift balance,100,11488,7.41,shift the balance,2.89,12,13,132.32,196.87,226.81,247.01,1,0,98,6
shift,base,shift base,100,3024,5.34,shifted base,3.86,20,13,222.59,315.28,348.13,366.59,1,0,98,6
shift,bit,shift bit,100,6651,4.77,shifted a bit,3.27,11,13,192.43,300.42,350.38,380.06,1,0,98,29
shift,blame,shift blame,100,11839,8.39,to shift the blame,2.06,2,13,57.303,82.246,91.476,96.689,1,0,98,3
shift,body,shift body,100,4359,4.88,shifted his body,4.79,11,13,237.41,335.77,373.18,393.77,1,0,98,40
shift,boundary,shift boundary,100,2282,5.53,shifting boundaries,3.04,3,13,204.72,290.82,325.85,344.29,1,0,98,7
shift,burden,shift burden,100,14511,8.18,shift the burden,2.63,4,13,94.297,136.15,154.02,164.4,1,0,98,3
shift,business,shift business,100,1955,3.3,shift their business,3.28,9,13,153.74,238.14,275.17,295.29,1,0,98,18
shift,capital,shift capital,100,1988,5.23,shifted his capital,4.1,8,13,191.18,277.71,310.83,327.04,1,0,98,2
shift,center,shift center,100,2297,5.05,shift the center,3.85,18,13,222.58,319.74,360.42,387.56,1,0,98,5
shift,color,shift color,100,2041,4.63,shifting colors,4.08,8,13,110.26,223.03,276.7,304.77,1,0,98,4
shift,control,shift control,100,1911,3.93,shift control,1.93,11,13,211.66,303.2,339.57,358.07,1,0,98,2
shift,conversation,shift conversation,100,3771,5.74,shift the conversation,3.28,1,13,166.81,255.38,299.17,324.56,1,0,98,11
shift,cost,shift cost,100,7130,5.4,shift costs,2.5,3,13,160.14,263.17,306.3,332.11,1,0,98,14
shift,course,shift course,100,2560,4.25,shifted course,3.82,9,13,233.75,333.69,371.1,395.72,1,0,98,6
shift,cultivation,shift cultivation,100,2905,6.53,shifting cultivation,3.13,5,13,76.034,123.04,148.66,160.58,1,0,98,1
shift,culture,shift culture,100,3309,5.53,shift the culture,2.04,7,13,186.1,286.95,330.06,354.28,1,0,98,8
shift,curve,shift curve,100,2557,5.86,curve is shifted,4.41,5,13,112.05,173.98,198.45,214.3,1,0,98,2
shift,day,shift day,100,2045,2.66,Shift pattern Days,3.92,10,13,202.17,322.8,424.94,489.25,1,0,98,31
shift,debate,shift debate,100,2325,5.44,shift the debate,3.18,2,13,184.93,291.91,338.79,365.58,1,0,98,9
shift,demand,shift demand,100,3249,5.22,shifting demands,2.2,5,13,175.66,257.9,291.88,309.12,1,0,98,13
shift,demographic,shift demographic,100,2286,6.19,shifting demographics,2.48,1,13,55.892,79.352,88.883,93.435,1,0,98,1
shift,direction,shift direction,100,3306,5.69,shifted direction,2.79,9,13,226.73,322.34,356.32,374.95,1,0,98,6
shift,discussion,shift discussion,100,1816,4.37,shift the discussion,3.07,2,13,180.21,295.44,351.36,377.72,1,0,98,11
shift,effort,shift effort,100,2073,3.87,shifted their efforts,2.33,4,13,200.2,307.62,348.88,374.91,1,0,98,16
shift,emphasis,shift emphasis,100,7894,7.43,shift the emphasis,2.12,4,13,143.69,285.01,337.42,364.03,1,0,98,1
shift,energy,shift energy,100,2884,4.84,shift the energy,3.11,7,13,147.56,207.6,231.64,246.44,1,0,98,11
shift,expectation,shift expectation,100,1733,4.9,shifting expectations,1.62,4,13,128.73,183.66,206.18,218.56,1,0,98,6
shift,eye,shift eye,100,5054,5.11,eyes shifted,4.9,5,13,206.15,312.42,361.23,392.48,1,0,98,19
shift,focus,shift focus,100,74749,10.03,shift the focus,2.35,7,13,160.4,292.33,345.76,370.55,1,0,98,2
shift,foot,shift foot,100,2032,4.47,shifted his feet,4.9,11,13,236.46,337.5,383.01,409.62,1,0,98,23
shift,frequency,shift frequency,100,1898,5.31,shift the frequency,2.69,3,13,135.45,196.15,231.88,252.67,1,0,98,1
shift,fund,shift fund,100,2319,4.57,shift funds,3.18,3,13,147.28,207.45,229.19,247.48,1,0,98,8
shift,gaze,shift gaze,100,5484,7.29,shifted his gaze,3.43,1,13,22.343,31.293,34.233,35.627,1,0,98,6
shift,gear,shift gear,100,22645,8.9,shift gears,4.28,4,13,103.42,154.71,174.75,187.49,1,0,98,3
shift,ground,shift ground,100,3167,5.34,shifting ground,4.77,11,13,207.06,291.84,324.49,350.64,1,0,98,13
shift,hand,shift hand,100,1791,3.37,shifted his hand,4.72,14,13,269.2,382.64,427.86,454.46,1,0,98,33
shift,image,shift image,100,1863,3.51,shift the image,3.85,9,13,179.93,316.21,370.25,403.89,1,0,98,21
shift,interest,shift interest,100,2443,4.02,interests shifted,1.8,7,13,176.83,268.45,304.88,322.86,1,0,98,14
shift,landscape,shift landscape,100,5406,6.79,shifting landscape,4.34,4,13,162.46,245.92,281.02,302.55,1,0,98,2
shift,line,shift line,100,2745,3.88,shifting lines,4.5,30,13,253.42,357.41,397.32,421.22,1,0,98,42
shift,load,shift load,100,1873,5.0,shift the load,3.63,9,13,139.13,209.14,235.35,251.18,1,0,98,10
shift,location,shift location,100,2318,4.69,shift the location,3.0,4,13,241.48,345.63,390.45,413.51,1,0,98,4
shift,market,shift market,100,1995,4.09,shifting markets,4.7,5,13,166.28,245.6,289.22,311.24,1,0,98,22
shift,mindset,shift mindset,100,3797,6.77,shift your mindset,1.55,1,13,47.685,76.467,90.715,98.614,1,0,98,1
shift,model,shift model,100,2311,3.82,shifting business models,4.53,9,13,257.89,360.86,399.17,421.43,1,0,98,10
shift,momentum,shift momentum,100,1942,5.51,shift the momentum,2.5,2,13,79.992,112.44,123.59,129.88,1,0,98,5
shift,money,shift money,100,3442,3.86,shift money,4.54,3,13,103.44,164.62,189.47,205.68,1,0,98,15
shift,mood,shift mood,100,2032,5.68,shifting moods,1.75,3,13,136.86,189.12,210.27,222.42,1,0,98,3
shift,narrative,shift narrative,100,2541,5.81,shift the narrative,3.18,1,13,132.48,192.75,217.95,234.11,1,0,98,5
shift,operation,shift operation,100,3574,5.06,shift operations,3.44,11,13,217.49,319.97,355.82,373.8,1,0,98,5
shift,opinion,shift opinion,100,2328,4.79,shift public opinion,1.93,6,13,152.86,241.2,273.22,291.02,1,0,98,10
shift,paradigm,shift paradigm,100,6102,7.47,shift the paradigm,1.73,4,13,88.603,127.03,145.66,156.8,1,0,98,1
shift,pattern,shift pattern,100,6732,6.19,shifting patterns,3.92,8,13,195.07,280.49,312.64,330.48,1,0,98,4
shift,people,shift people,100,2181,1.88,shift people,4.82,4,13,190.25,264.24,315.17,343.14,1,0,98,39
shift,perception,shift perception,100,4308,6.65,shifting perceptions,2.0,5,13,130.82,196.59,225.8,239.97,1,0,98,3
shift,perspective,shift perspective,100,7436,7.04,shifting perspectives,2.38,2,13,151.18,245.35,285.9,305.8,1,0,98,2
shift,point,shift point,100,3658,3.73,shifting points,3.39,26,13,249.95,349.67,391.1,417.02,1,0,98,21
shift,policy,shift policy,100,3744,4.85,policy shifted,2.76,3,13,171.66,250.29,295.41,320.55,1,0,98,12
shift,position,shift position,100,13395,6.49,shifted position,2.62,16,13,229.38,325.34,362.4,380.34,1,0,98,11
shift,power,shift power,100,6781,5.08,shift power,2.04,9,13,196.2,276.34,308.2,322.74,1,0,98,19
shift,practice,shift practice,100,1741,3.89,shifting practices,2.52,5,13,192.38,277.96,309.49,329.29,1,0,98,4
shift,preference,shift preference,100,2161,5.57,shifting consumer preferences,2.03,4,13,125.11,175.73,197.55,211.12,1,0,98,1
shift,priority,shift priority,100,6299,6.65,shifting priorities,1.76,2,13,123.25,177.58,200.49,213.43,1,0,98,2
shift,problem,shift problem,100,1932,2.39,shifting problems,2.68,3,13,202.61,312.71,353.01,375.03,1,0,98,16
shift,process,shift process,100,1936,3.09,shifting process,2.93,6,13,219.57,309.68,362.4,391.04,1,0,98,24
shift,production,shift production,100,5564,6.09,shift production,2.59,8,13,218.18,311.48,352.51,373.46,1,0,98,7
shift,profit,shift profit,100,1942,5.02,to shift profits,3.07,2,13,59.81,135.58,177.33,201.82,1,0,98,9
shift,relationship,shift relationship,100,2402,4.13,shifting relationships,2.8,4,13,256.77,383.37,435.58,473.39,1,0,98,10
shift,resource,shift resource,100,5179,5.33,shift resources,2.55,3,13,166.52,241.94,269.95,282.85,1,0,98,7
shift,responsibility,shift responsibility,100,9045,6.65,shift responsibility,1.4,3,13,139.46,206.54,231.4,249.11,1,0,98,6
shift,risk,shift risk,100,2856,4.22,shift the risk,1.63,4,13,160.87,238.64,275.56,297.22,1,0,98,11
shift,role,shift role,100,2853,3.81,shifting roles,2.19,4,13,246.23,352.95,394.79,417.68,1,0,98,6
shift,sand,shift sand,100,7216,7.62,the shifting sands,5.0,3,13,108.99,181.25,218.31,244.76,1,0,98,2
shift,service,shift service,100,4070,3.73,shifting services,2.21,15,13,200.41,284.58,315.39,332.94,1,0,98,18
shift,shape,shift shape,100,1738,4.87,shifting shapes,3.14,8,13,209.01,292.68,324.69,343.18,1,0,98,2
shift,stance,shift stance,100,1805,5.58,shifted his stance,4.04,2,13,152.07,223.66,252.97,267.68,1,0,98,3
shift,strategy,shift strategy,100,4119,5.18,shifting strategies,1.93,2,13,159.33,237.03,280.72,303.86,1,0,98,8
shift,system,shift system,100,2708,2.96,shifting system,2.94,9,13,223.61,330.78,374.49,401.55,1,0,98,36
shift,thing,shift thing,100,3331,2.63,shift things,3.17,12,13,143.55,268.8,339.04,370.97,1,0,98,51
shift,thinking,shift thinking,100,2941,5.99,shift our thinking,1.96,1,13,117.26,171.43,192.02,206.43,1,0,98,5
shift,time,shift time,100,4546,2.55,time shifted,3.07,10,13,273.83,408.51,469.17,512.74,1,0,98,50
shift,tone,shift tone,100,1845,5.21,shifting tones,3.07,10,13,168.02,248.56,285.18,303.36,1,0,98,3
shift,trend,shift trend,100,2221,4.97,shifting trends,2.42,4,13,152.45,216.03,241.24,254.47,1,0,98,5
shift,unit,shift unit,100,1877,4.14,shift units,3.77,6,13,223.82,323.7,361.47,379.55,1,0,98,8
shift,value,shift value,100,2675,3.62,shifting values,1.62,6,13,204.29,287.34,318.64,334.81,1,0,98,21
shift,view,shift view,100,2677,4.31,shifting views,3.21,10,13,225.92,335.06,380.85,402.91,1,0,98,14
shift,way,shift way,100,4488,2.93,shift the way,2.34,12,13,244.04,355.4,397.34,421.07,1,0,98,38
shift,weight,shift weight,100,17689,7.73,shifted his weight,3.94,8,13,136.57,203.08,229.71,245.41,1,0,98,7
shift,wind,shift wind,100,2605,5.86,shifting winds,3.93,8,13,123.81,194.16,227.53,249.12,1,0,98,6
shift,work,shift work,100,3148,3.15,shift work,3.48,7,13,272.87,386.54,424.55,447.82,1,0,98,22
shift,world,shift world,100,1917,3.52,shifting world,4.36,8,13,202.2,309.66,360.98,390.98,1,0,98,28
slash,aid,slash aid,100,508,4.44,slashed aid,3.1,4,5,130.28,199.92,225.77,239.8,1,0,91,1
slash,air,slash air,100,366,3.23,slashing the air,4.11,9,5,153.36,215.5,239.69,254.08,1,0,91,13
slash,amount,slash amount,100,583,1.99,slash the amount of,2.74,4,5,171.9,263.47,299.86,323.81,1,0,91,19
slash,arm,slash arm,100,531,3.29,slashed his arm,4.96,6,5,180.22,255.25,290.97,315.14,1,0,91,21
slash,attack,slash attack,100,772,3.64,slashing attacks,3.71,9,5,172.82,287.0,339.01,372.67,1,0,91,14
slash,benefit,slash benefit,100,1422,3.81,slash benefits,2.25,3,5,190.8,268.37,292.93,305.07,1,0,91,6
slash,bill,slash bill,100,1279,4.36,slash your bills,4.68,10,5,180.57,253.96,277.09,287.1,1,0,91,10
slash,billion,slash billion,100,288,3.99,slash billions,3.79,3,5,62.198,88.487,97.629,103.01,1,0,91,3
slash,blade,slash blade,100,405,4.67,slashing blades,4.93,9,5,99.421,152.87,179.13,196.07,1,0,91,9
slash,body,slash body,100,265,1.1,slashed body,4.79,11,5,237.41,335.77,373.18,393.77,1,0,91,40
slash,budget,slash budget,100,6069,7.41,slashed budgets,3.14,2,5,107.41,155.85,174.75,190.35,1,0,91,7
slash,capacity,slash capacity,100,252,2.17,slashed capacity,3.1,9,5,151.08,222.66,249.95,262.95,1,0,91,5
slash,claw,slash claw,100,322,5.49,slashing claws,4.83,4,5,56.891,93.71,110.08,121.43,1,0,91,1
slash,consumption,slash consumption,100,491,4.71,slash energy consumption,3.16,4,5,112.65,167.17,194.19,207.31,1,0,91,4
slash,cost,slash cost,100,5322,5.21,slash costs,2.5,3,5,160.14,263.17,306.3,332.11,1,0,91,14
slash,cut,slash cut,100,288,3.13,slashing cuts,4.55,20,5,150.64,212.8,234.96,247.75,1,0,91,2
slash,damage,slash damage,100,1188,4.06,slashing damage,3.2,5,5,121.1,174.66,199.52,213.38,1,0,91,3
slash,debt,slash debt,100,349,3.57,slash debt,2.72,3,5,95.713,138.45,158.61,175.87,1,0,91,4
slash,deficit,slash deficit,100,667,5.49,slash the deficit,2.21,4,5,69.905,107.9,132.78,145.9,1,0,91,5
slash,demand,slash demand,100,361,2.53,slashed demand,2.2,5,5,175.66,257.9,291.88,309.12,1,0,91,13
slash,dividend,slash dividend,100,615,5.73,slashed its dividend,2.76,3,5,43.126,68.111,82.567,93.795,1,0,91,4
slash,duty,slash duty,100,299,2.78,slashed excise duty,2.19,3,5,140.95,207.04,235.19,248.69,1,0,91,6
slash,emission,slash emission,100,3443,7.06,slash emissions,3.33,5,5,88.805,126.6,142.62,151.17,1,0,91,4
slash,enemy,slash enemy,100,455,3.69,slash enemies,2.83,4,5,148.22,227.71,259.5,276.9,1,0,91,13
slash,estimate,slash estimate,100,343,3.88,slashed its estimate,2.65,5,5,112.47,176.62,208.59,226.77,1,0,91,3
slash,expenditure,slash expenditure,100,543,5.42,slashing expenditures,2.76,3,5,73.19,117.38,137.82,153.57,1,0,91,1
slash,expense,slash expense,100,526,4.15,slash expenses,2.57,3,5,166.21,247.22,277.52,295.84,1,0,91,5
slash,face,slash face,100,811,3.66,slashed his face,4.87,13,5,234.58,343.73,395.03,428.46,1,0,91,15
slash,fare,slash fare,100,263,4.77,slashing fares,4.11,4,5,110.16,156.15,170.7,179.11,1,0,91,2
slash,fee,slash fee,100,720,3.69,slashing fees,3.89,2,5,89.395,148.43,179.66,202.54,1,0,91,6
slash,forecast,slash forecast,100,1120,6.6,slashed its forecast,2.78,1,5,103.12,151.06,169.39,182.38,1,0,91,2
slash,fund,slash fund,100,669,3.2,slashing funds,3.18,3,5,147.28,207.45,229.19,247.48,1,0,91,8
slash,funding,slash funding,100,3481,6.38,slash funding,3.17,2,5,108.73,159.63,185.68,200.13,1,0,91,3
slash,game,slash game,100,936,1.81,slash game,4.5,11,5,197.97,310.04,362.54,399.13,1,0,91,35
slash,guitar,slash guitar,100,275,3.78,slashing guitars,4.9,1,5,104.56,197.07,256.01,292.56,1,0,91,2
slash,hand,slash hand,100,345,1.22,slashed his hand,4.72,14,5,269.2,382.64,427.86,454.46,1,0,91,33
slash,hour,slash hour,100,371,1.84,hours slashed,3.1,4,5,196.05,338.94,416.53,461.12,1,0,91,5
slash,income,slash income,100,339,3.17,incomes slashed,3.07,1,5,76.501,118.5,145.45,165.72,1,0,91,3
slash,investment,slash investment,100,475,3.27,slashed investment,3.59,6,5,124.05,176.45,202.01,218.67,1,0,91,4
slash,job,slash job,100,2361,3.54,slashing jobs,3.19,13,5,150.01,217.49,243.64,255.31,1,0,91,8
slash,leg,slash leg,100,208,2.5,slashed his leg,4.83,9,5,134.48,212.33,256.38,294.07,1,0,91,17
slash,level,slash level,100,350,1.06,slash levels,2.86,8,5,233.88,337.78,381.3,409.81,1,0,91,12
slash,limit,slash limit,100,219,2.14,limits were slashed,2.28,6,5,166.96,240.9,272.83,290.23,1,0,91,7
slash,line,slash line,100,442,1.46,slash line,4.5,30,5,253.42,357.41,397.32,421.22,1,0,91,42
slash,man,slash man,100,341,0.55,man was slashed,4.79,11,5,192.73,336.5,412.7,455.21,1,0,91,37
slash,neck,slash neck,100,412,4.93,slashed his neck,5.0,5,5,103.05,160.31,195.22,234.8,1,0,91,8
slash,number,slash number,100,1710,2.35,slash the number of,3.3,11,5,198.05,280.36,322.92,351.63,1,0,91,36
slash,odd,slash odd,100,380,4.82,slashed the odds,1.7,0,5,26.264,36.774,40.899,43.129,1,0,91,5
slash,outlook,slash outlook,100,299,4.69,slashed its outlook,1.97,3,5,118.01,164.22,180.96,189.48,1,0,91,1
slash,output,slash output,100,483,3.86,slash output,2.48,5,5,144.4,221.47,248.14,261.09,1,0,91,1
slash,pay,slash pay,100,452,4.97,slashing pay,3.54,1,5,63.407,103.04,127.69,144.08,1,0,91,3
slash,payment,slash payment,100,400,2.83,slash payments,3.91,3,5,96.859,166.16,199.73,223.52,1,0,91,5
slash,payroll,slash payroll,100,528,6.35,slash payroll,3.7,3,5,63.013,87.618,96.549,102.04,1,0,91,1
slash,pension,slash pension,100,431,5.43,slashing pensions,3.89,1,5,63.72,98.894,114.7,128.18,1,0,91,1
slash,percent,slash percent,100,356,2.53,slashed 20 percent,2.7,1,5,113.95,205.55,248.78,272.82,1,0,91,4
slash,pollution,slash pollution,100,314,4.66,slash pollution,3.75,3,5,91.37,141.93,162.02,173.66,1,0,91,2
slash,position,slash position,100,218,0.8,positions were slashed,2.62,16,5,229.38,325.34,362.4,380.34,1,0,91,11
slash,price,slash price,100,9861,6.55,slashing prices,3.63,7,5,150.25,226.12,259.48,280.51,1,0,91,14
slash,production,slash production,100,926,4.03,slash production,2.59,8,5,218.18,311.48,352.51,373.46,1,0,91,7
slash,profit,slash profit,100,249,2.83,profits slashed,3.07,2,5,59.81,135.58,177.33,201.82,1,0,91,9
slash,program,slash program,100,1497,2.77,slashing programs,3.43,8,5,175.08,280.8,337.3,363.32,1,0,91,15
slash,rate,slash rate,100,6405,5.67,slashed interest rates,2.5,4,5,155.47,233.69,262.65,282.31,1,0,91,13
slash,rating,slash rating,100,460,4.24,Complete Genre : Slash Rating,2.26,4,5,105.77,157.56,181.11,193.33,1,0,91,2
slash,regulation,slash regulation,100,464,3.75,slashing regulations,2.0,6,5,119.59,192.21,243.35,275.98,1,0,91,6
slash,revenue,slash revenue,100,424,3.62,slashed revenues,3.11,2,5,67.994,128.58,165.86,187.41,1,0,91,4
slash,risk,slash risk,100,619,2.27,slash the risk,1.63,4,5,160.87,238.64,275.56,297.22,1,0,91,11
slash,salary,slash salary,100,808,5.49,slashing salaries,3.69,1,5,76.713,127.35,155.35,172.8,1,0,91,5
slash,service,slash service,100,1527,2.44,slashing services,2.21,15,5,200.41,284.58,315.39,332.94,1,0,91,18
slash,size,slash size,100,370,2.36,slash the size of,3.13,5,5,173.15,273.77,321.77,346.77,1,0,91,3
slash,sleeve,slash sleeve,100,309,5.08,slashed sleeves,4.84,2,5,72.731,118.89,140.63,153.72,1,0,91,2
slash,spending,slash spending,100,4420,8.1,slash spending,3.31,2,5,78.229,122.43,144.17,157.7,1,0,91,4
slash,staff,slash staff,100,498,3.18,slashing staff,4.36,6,5,166.75,248.92,288.14,309.36,1,0,91,4
slash,subsidy,slash subsidy,100,654,5.94,slash subsidies,2.16,1,5,75.95,107.95,122.99,136.68,1,0,91,2
slash,support,slash support,100,295,1.01,slash support,2.83,11,5,192.66,285.67,327.93,350.38,1,0,91,9
slash,sword,slash sword,100,883,5.71,slashing sword,4.93,1,5,97.936,149.28,180.75,198.31,1,0,91,10
slash,tape,slash tape,100,286,3.81,to slash red tape,4.9,5,5,115.72,172.85,200.63,215.96,1,0,91,4
slash,target,slash target,100,375,2.84,slashed its price target,4.11,5,5,165.15,233.33,258.47,270.78,1,0,91,6
slash,tariff,slash tariff,100,554,5.87,slash tariffs,3.38,1,5,55.199,90.223,106.25,116.43,1,0,91,2
slash,tax,slash tax,100,2485,5.4,slashing taxes,3.89,1,5,84.254,125.94,147.02,164.68,1,0,91,5
slash,throat,slash throat,100,2869,8.11,throat was slashed,4.97,4,5,78.256,118.6,144.46,163.8,1,0,91,3
slash,time,slash time,100,2275,1.6,slash the time,3.07,10,5,273.83,408.51,469.17,512.74,1,0,91,50
slash,tire,slash tire,100,3164,7.75,slashed tires,5.0,1,5,59.559,101.77,118.78,127.9,1,0,91,4
slash,top,slash top,100,251,3.3,slash the top,3.93,11,5,196.8,334.23,419.4,464.91,1,0,91,10
slash,use,slash use,100,562,1.87,slash energy use,2.78,7,5,280.86,395.0,441.41,469.21,1,0,91,6
slash,value,slash value,100,351,0.87,slashed the value,1.62,6,5,204.29,287.34,318.64,334.81,1,0,91,21
slash,wage,slash wage,100,1131,5.86,slash wages,3.79,1,5,52.345,74.4,85.397,93.429,1,0,91,5
slash,waste,slash waste,100,221,2.99,slash waste,3.24,5,5,105.18,147.0,165.21,176.84,1,0,91,3
slash,way,slash way,100,2199,1.96,slash your way,2.34,12,5,244.04,355.4,397.34,421.07,1,0,91,38
slash,weapon,slash weapon,100,861,4.19,slashing weapon,4.76,2,5,121.89,179.72,215.89,244.38,1,0,91,12
slash,workforce,slash workforce,100,479,5.19,slash its workforce,3.63,1,5,84.799,121.68,136.53,143.84,1,0,91,2
slash,wrist,slash wrist,100,1935,7.83,slashing his wrists,4.93,1,5,41.938,84.636,123.83,149.09,1,0,91,7
smear,amount,smear amount,100,189,0.39,smear a small amount,2.74,4,4,171.9,263.47,299.86,323.81,1,0,50,19
smear,ash,smear ash,100,256,5.54,ash smeared,4.96,3,4,88.23,125.1,137.51,143.61,1,0,50,3
smear,bit,smear bit,100,332,0.61,smear a bit,3.27,11,4,192.43,300.42,350.38,380.06,1,0,50,29
smear,blood,smear blood,100,2322,6.35,blood smeared,4.86,5,4,132.86,194.1,218.83,232.67,1,0,50,9
smear,body,smear body,100,851,2.82,body smeared,4.79,11,4,237.41,335.77,373.18,393.77,1,0,50,40
smear,butter,smear butter,100,617,6.16,butter smeared,4.9,2,4,82.231,121.23,150.89,172.76,1,0,50,5
smear,campaign,smear campaign,100,743,3.85,smear campaigns,3.0,4,4,234.82,326.5,365.57,390.31,1,0,50,8
smear,candidate,smear candidate,100,252,2.47,smear candidates,3.81,2,4,168.12,248.8,288.58,311.34,1,0,50,2
smear,character,smear character,100,222,1.13,smear the character,2.93,9,4,277.35,405.34,452.72,475.45,1,0,50,14
smear,color,smear color,100,220,2.02,smeared colors,4.08,8,4,110.26,223.03,276.7,304.77,1,0,50,4
smear,conservative,smear conservative,100,216,5.18,to smear conservatives,1.96,2,4,63.771,124.26,159.41,183.11,1,0,50,1
smear,cream,smear cream,100,296,4.23,cream smeared,4.83,3,4,105.58,165.87,202.72,226.25,1,0,50,6
smear,critic,smear critic,100,349,5.22,smear critics,3.55,3,4,154.41,233.41,262.31,279.36,1,0,50,2
smear,dirt,smear dirt,100,262,5.12,dirt smeared,4.86,4,4,78.603,111.19,127.04,138.24,1,0,50,4
smear,excrement,smear excrement,100,173,6.42,excrement smeared,4.43,1,4,24.323,39.545,48.904,55.425,1,0,50,1
smear,face,smear face,100,1792,4.87,face smeared,4.87,13,4,234.58,343.73,395.03,428.46,1,0,50,15
smear,finger,smear finger,100,201,2.55,fingers smeared,5.0,3,4,107.49,155.49,183.73,208.51,1,0,50,12
smear,food,smear food,100,163,0.59,smearing food,4.8,3,4,169.07,241.2,280.07,303.04,1,0,50,18
smear,glue,smear glue,100,216,5.37,smear glue,4.65,1,4,48.543,75.082,90.425,100.16,1,0,50,2
smear,grease,smear grease,100,349,6.6,grease smeared,4.61,2,4,55.478,81.604,93.307,100.44,1,0,50,1
smear,group,smear group,100,205,0.31,smear a group,4.12,3,4,225.61,346.48,394.01,420.34,1,0,50,12
smear,hand,smear hand,100,446,1.62,hands smeared,4.72,14,4,269.2,382.64,427.86,454.46,1,0,50,33
smear,image,smear image,100,488,1.85,smear the image,3.85,9,4,179.93,316.21,370.25,403.89,1,0,50,21
smear,ink,smear ink,100,562,6.47,smeared ink,4.56,2,4,68.195,107.92,125.2,136.64,1,0,50,2
smear,juice,smear juice,100,161,3.85,smearing her juices,4.89,4,4,86.673,133.6,170.71,193.42,1,0,50,8
smear,layer,smear layer,100,292,3.12,smear a thin layer,3.52,5,4,209.54,295.05,324.1,342.07,1,0,50,8
smear,line,smear line,100,207,0.39,smeared lines,4.5,30,4,253.42,357.41,397.32,421.22,1,0,50,42
smear,lipstick,smear lipstick,100,823,7.98,smeared lipstick,4.9,1,4,41.277,60.284,68.12,72.026,1,0,50,1
smear,makeup,smear makeup,100,498,6.33,smeared makeup,4.45,3,4,45.028,62.5,67.851,70.222,1,0,50,1
smear,man,smear man,100,379,0.72,smear a man,4.79,11,4,192.73,336.5,412.7,455.21,1,0,50,37
smear,mixture,smear mixture,100,129,2.91,smear the mixture,3.79,5,4,173.87,303.73,353.4,380.67,1,0,50,7
smear,movement,smear movement,100,215,1.84,smear the movement,3.63,11,4,228.82,319.09,350.45,367.29,1,0,50,13
smear,mud,smear mud,100,423,6.58,smearing mud,4.86,2,4,85.012,142.4,171.13,189.48,1,0,50,2
smear,name,smear name,100,1184,2.35,smear his name,3.5,6,4,276.55,417.22,464.64,487.44,1,0,50,16
smear,oil,smear oil,100,481,3.45,oil smeared,4.93,4,4,116.09,174.9,208.49,229.11,1,0,50,13
smear,opponent,smear opponent,100,933,5.62,smear opponents,3.52,2,4,176.66,283.87,330.83,357.57,1,0,50,12
smear,opposition,smear opposition,100,164,3.39,smear the opposition,2.25,8,4,172.7,256.4,285.97,300.19,1,0,50,7
smear,other,smear other,100,206,1.22,to smear others,2.04,0,4,236.43,340.08,398.13,427.98,1,0,50,7
smear,paint,smear paint,100,764,5.88,paint smeared,4.79,3,4,103.52,163.78,191.63,207.81,1,0,50,6
smear,paste,smear paste,100,291,5.89,paste smeared,4.45,4,4,34.592,49.028,54.399,57.412,1,0,50,1
smear,people,smear people,100,841,0.57,smear people,4.82,4,4,190.25,264.24,315.17,343.14,1,0,50,39
smear,person,smear person,100,160,0.15,smear the person,4.72,3,4,154.72,265.14,314.69,341.74,1,0,50,9
smear,president,smear president,100,125,1.76,to smear the president,4.4,6,4,168.83,279.97,351.24,397.38,1,0,50,1
smear,reputation,smear reputation,100,1085,5.37,smear the reputation,1.64,3,4,181.29,254.1,285.24,303.63,1,0,50,6
smear,shit,smear shit,100,314,4.6,smearing shit,4.33,6,4,42.891,71.102,83.074,90.257,1,0,50,6
smear,side,smear side,100,154,1.09,smear the other side,3.68,12,4,242.69,366.37,436.59,477.44,1,0,50,25
smear,stuff,smear stuff,100,177,1.47,stuff smeared,3.13,7,4,154.36,228.68,256.01,270.5,1,0,50,15
smear,victim,smear victim,100,227,2.41,smear the victim,3.59,2,4,144.96,233.01,264.82,282.56,1,0,50,6
smear,wall,smear wall,100,345,3.07,smeared the walls,4.86,8,4,199.95,305.54,363.69,395.21,1,0,50,15
smear,woman,smear woman,100,209,0.44,smear a woman,4.46,4,4,176.89,278.3,349.75,390.06,1,0,50,19
smell,air,smell air,100,4189,6.63,smell the air,4.11,9,5,153.36,215.5,239.69,254.08,1,0,84,13
smell,alcohol,smell alcohol,100,1776,6.5,smelled alcohol,4.76,2,5,108.68,153.8,172.94,185.32,1,0,84,2
smell,aroma,smell aroma,100,3791,8.44,smell the aroma,3.67,2,5,60.881,106.24,132.67,147.06,1,0,84,1
smell,arousal,smell arousal,100,624,6.15,smell her arousal,2.83,4,5,35.114,49.378,54.711,57.787,1,0,84,1
smell,bacon,smell bacon,100,396,5.23,smell bacon,4.9,3,5,79.757,130.04,150.8,161.11,1,0,84,1
smell,beer,smell beer,100,459,4.17,smell the beer,4.88,1,5,74.267,130.5,169.11,196.91,1,0,84,5
smell,bit,smell bit,100,3589,4.01,smells a bit,3.27,11,5,192.43,300.42,350.38,380.06,1,0,84,29
smell,blood,smell blood,100,6749,7.59,smell blood,4.86,5,5,132.86,194.1,218.83,232.67,1,0,84,9
smell,blossom,smell blossom,100,384,5.34,smell the blossoms,4.26,2,5,71.231,104.33,116.57,124.82,1,0,84,1
smell,body,smell body,100,406,1.68,smelling body,4.79,11,5,237.41,335.77,373.18,393.77,1,0,84,40
smell,bread,smell bread,100,502,4.57,smell the bread,4.92,2,5,73.743,110.84,141.42,169.42,1,0,84,3
smell,breath,smell breath,100,1870,5.99,smelling breath,4.36,5,5,72.307,105.92,123.28,131.92,1,0,84,4
smell,breeze,smell breeze,100,420,5.12,smell the breeze,3.62,2,5,67.921,103.29,118.68,128.15,1,0,84,1
smell,burning,smell burning,100,1794,7.29,smelled something burning,3.85,6,5,91.406,130.06,144.88,152.16,1,0,84,1
smell,candle,smell candle,100,659,5.45,smelling candles,4.86,2,5,78.614,114.78,129.38,138.46,1,0,84,2
smell,chemical,smell chemical,100,596,4.78,smelling chemicals,3.86,1,5,114.0,164.19,185.15,199.78,1,0,84,5
smell,chocolate,smell chocolate,100,399,4.68,smell the chocolate,4.72,3,5,95.493,139.69,161.32,177.35,1,0,84,3
smell,coffee,smell coffee,100,5020,7.7,wake up and smell the coffee,4.81,4,5,63.844,123.99,152.8,174.46,1,0,84,6
smell,cologne,smell cologne,100,575,6.11,smell his cologne,4.76,2,5,43.191,65.395,77.098,90.024,1,0,84,1
smell,cooking,smell cooking,100,1056,6.4,smell food cooking,4.19,1,5,105.05,161.54,182.22,192.97,1,0,84,1
smell,death,smell death,100,578,3.26,smell death,3.73,8,5,269.53,391.47,466.23,508.95,1,0,84,6
smell,difference,smell difference,100,425,1.61,smell the difference,2.15,5,5,172.12,284.43,350.04,390.67,1,0,84,6
smell,dog,smell dog,100,428,2.85,smelling dog,4.85,7,5,104.88,197.0,248.38,285.38,1,0,84,10
smell,earth,smell earth,100,481,4.14,smell the earth,4.8,7,5,148.47,254.46,304.88,330.38,1,0,84,5
smell,fart,smell fart,100,558,6.02,smelling farts,4.18,1,5,19.071,27.143,31.331,34.149,1,0,84,1
smell,fear,smell fear,100,2087,5.75,smell fear,2.57,3,5,208.48,300.15,342.67,365.02,1,0,84,14
smell,fire,smell fire,100,592,3.48,smell the fire,4.68,9,5,142.33,217.4,250.15,268.89,1,0,84,13
smell,fish,smell fish,100,713,4.18,smell fish,5.0,4,5,164.99,237.0,271.35,292.14,1,0,84,9
smell,flesh,smell flesh,100,486,5.01,smell the burning flesh,4.59,3,5,117.07,169.48,189.27,199.45,1,0,84,4
smell,flower,smell flower,100,5603,7.61,smell the flowers,5.0,3,5,143.8,233.16,273.15,294.9,1,0,84,6
smell,food,smell food,100,3088,4.75,smell the food,4.8,3,5,169.07,241.2,280.07,303.04,1,0,84,18
smell,foot,smell foot,100,584,3.06,smell my feet,4.9,11,5,236.46,337.5,383.01,409.62,1,0,84,23
smell,fragrance,smell fragrance,100,2905,8.02,smell the fragrance,4.03,2,5,56.121,95.783,113.38,122.82,1,0,84,1
smell,fruit,smell fruit,100,372,3.42,smelling fruit,4.81,3,5,128.34,194.72,221.4,242.63,1,0,84,8
smell,fuel,smell fuel,100,529,4.29,smell fuel,4.3,1,5,94.211,145.68,175.66,191.05,1,0,84,4
smell,fume,smell fume,100,889,6.6,smell the fumes,3.58,1,5,18.009,25.618,28.46,29.871,1,0,84,3
smell,gas,smell gas,100,2873,6.45,smell gas,4.29,6,5,103.21,166.51,194.99,212.88,1,0,84,6
smell,grass,smell grass,100,621,5.29,smell the grass,4.93,5,5,138.82,202.63,235.02,253.92,1,0,84,4
smell,hair,smell hair,100,1289,4.68,smelling hair,4.97,6,5,145.81,211.36,244.64,264.55,1,0,84,12
smell,hand,smell hand,100,512,1.76,hands smelled,4.72,14,5,269.2,382.64,427.86,454.46,1,0,84,33
smell,herb,smell herb,100,496,5.12,smelling herbs,4.57,2,5,99.588,142.4,158.68,170.03,1,0,84,2
smell,hint,smell hint,100,466,4.62,smell a hint of,2.33,5,5,145.16,208.15,236.51,250.97,1,0,84,2
smell,incense,smell incense,100,596,6.05,smell the incense,4.04,2,5,44.643,61.388,68.187,71.894,1,0,84,1
smell,kind,smell kind,100,900,2.6,smells kind of,2.07,1,5,133.27,291.79,361.24,396.17,1,0,84,12
smell,leaf,smell leaf,100,367,3.84,smell the leaves,5.0,3,5,136.48,208.19,246.0,268.67,1,0,84,5
smell,leather,smell leather,100,384,4.99,smell the leather,4.82,1,5,67.225,118.03,149.7,169.54,1,0,84,2
smell,lot,smell lot,100,2075,2.38,smells a lot,3.7,7,5,144.92,243.93,294.05,322.54,1,0,84,34
smell,man,smell man,100,418,0.83,smelling man,4.79,11,5,192.73,336.5,412.7,455.21,1,0,84,37
smell,marijuana,smell marijuana,100,1329,6.61,smelled marijuana,4.89,2,5,30.454,58.623,81.947,92.996,1,0,84,1
smell,meat,smell meat,100,470,4.09,smell the meat,4.9,3,5,92.942,146.23,184.83,210.57,1,0,84,6
smell,money,smell money,100,753,1.81,smell money,4.54,3,5,103.44,164.62,189.47,205.68,1,0,84,15
smell,musk,smell musk,100,379,5.45,smell the musk,3.44,2,5,24.849,35.362,40.023,42.584,1,0,84,1
smell,odor,smell odor,100,4717,8.73,smell the odor,3.52,2,5,35.142,79.727,95.215,102.43,1,0,84,1
smell,oil,smell oil,100,1742,5.12,smelling oil,4.93,4,5,116.09,174.9,208.49,229.11,1,0,84,13
smell,opportunity,smell opportunity,100,643,1.59,smell an opportunity,1.88,1,5,136.89,208.1,236.58,250.98,1,0,84,10
smell,perfume,smell perfume,100,2919,8.16,smell her perfume,4.66,2,5,55.569,89.838,104.75,115.12,1,0,84,1
smell,place,smell place,100,600,0.83,place smelled,3.48,16,5,235.9,337.1,371.44,386.77,1,0,84,13
smell,plant,smell plant,100,520,2.98,smelling plants,4.76,4,5,229.53,338.39,377.64,397.49,1,0,84,10
smell,product,smell product,100,654,1.72,smelling products,4.17,6,5,227.73,323.72,365.31,390.22,1,0,84,15
smell,rain,smell rain,100,524,4.76,smell the rain,4.97,3,5,111.44,176.37,212.4,234.63,1,0,84,4
smell,rat,smell rat,100,5920,8.7,smell a rat,4.85,5,5,68.814,119.42,146.11,165.04,1,0,84,1
smell,rose,smell rose,100,7425,9.37,and smell the roses,4.9,3,5,125.44,178.59,197.42,206.13,1,0,84,2
smell,salt,smell salt,100,3316,7.59,smelling salts,4.89,4,5,95.397,158.93,190.86,211.55,1,0,84,4
smell,scent,smell scent,100,7951,9.21,smell the scent,3.97,3,5,56.959,104.96,132.84,147.96,1,0,84,2
smell,sea,smell sea,100,486,4.88,smell the sea,4.79,3,5,162.59,268.55,313.26,340.43,1,0,84,2
smell,shampoo,smell shampoo,100,430,5.41,smelling shampoo,4.68,2,5,26.789,59.411,74.969,85.204,1,0,84,1
smell,shit,smell shit,100,410,4.41,smell the shit,4.33,6,5,42.891,71.102,83.074,90.257,1,0,84,6
smell,skin,smell skin,100,409,3.23,smelling skin,4.79,6,5,169.4,240.84,276.4,299.07,1,0,84,10
smell,smell,smell smell,100,3656,7.91,smell the smell,3.7,5,5,76.342,138.48,168.49,184.56,1,0,84,1
smell,smoke,smell smoke,100,7356,8.91,smell smoke,4.96,8,5,82.935,126.65,149.89,162.95,1,0,84,2
smell,soap,smell soap,100,713,5.89,smelling soap,4.93,3,5,76.012,109.57,125.71,134.83,1,0,84,1
smell,spice,smell spice,100,557,5.56,smell the spices,4.54,3,5,66.799,96.433,112.58,123.8,1,0,84,1
smell,stench,smell stench,100,1668,7.59,smell the stench of,3.85,1,5,46.966,68.065,75.234,79.402,1,0,84,1
smell,stink,smell stink,100,556,5.99,smell the stink of,3.72,1,5,11.499,15.83,17.325,18.078,1,0,84,1
smell,stuff,smell stuff,100,833,3.56,smelling stuff,3.13,7,5,154.36,228.68,256.01,270.5,1,0,84,15
smell,sweat,smell sweat,100,941,6.48,smell the sweat,4.71,4,5,64.683,90.931,100.64,106.79,1,0,84,2
smell,thing,smell thing,100,2665,2.37,smell things,3.17,12,5,143.55,268.8,339.04,370.97,1,0,84,51
smell,tree,smell tree,100,577,3.29,smell the trees,5.0,3,5,191.1,292.07,341.58,367.12,1,0,84,9
smell,trouble,smell trouble,100,592,3.77,smell trouble,2.25,6,5,135.61,191.96,212.84,224.67,1,0,84,3
smell,urine,smell urine,100,754,6.23,smelling urine,4.93,1,5,53.684,84.543,102.02,112.31,1,0,84,2
smell,victory,smell victory,100,380,3.55,smell victory,2.55,1,5,205.23,323.57,386.01,422.35,1,0,84,5
smell,water,smell water,100,1095,3.07,smelling water,5.0,6,5,232.15,324.2,362.8,390.59,1,0,84,24
smell,way,smell way,100,1395,1.29,smell that way,2.34,12,5,244.04,355.4,397.34,421.07,1,0,84,38
smell,wine,smell wine,100,627,4.14,smell the wine,4.79,2,5,89.369,155.57,198.09,221.78,1,0,84,4
soften,adhesive,soften adhesive,100,305,5.61,to soften the adhesive,4.35,1,7,40.529,62.714,78.099,87.811,1,0,95,1
soften,angle,soften angle,100,257,3.81,soften the angles,3.5,3,7,157.25,222.59,253.98,271.87,1,0,95,3
soften,appearance,soften appearance,100,825,4.25,soften the appearance of,2.57,6,7,204.0,311.12,347.78,365.73,1,0,95,1
soften,approach,soften approach,100,534,2.32,soften their approach,2.74,9,7,228.24,334.77,377.46,398.77,1,0,95,6
soften,area,soften area,100,468,1.1,soften the area,3.72,6,7,263.68,404.24,463.02,501.91,1,0,95,24
soften,attitude,soften attitude,100,614,4.54,softened his attitude,1.97,4,7,201.44,293.68,335.16,357.91,1,0,95,3
soften,bit,soften bit,100,2355,3.43,softened a bit,3.27,11,7,192.43,300.42,350.38,380.06,1,0,95,29
soften,blow,soften blow,100,10244,9.39,to soften the blow,3.74,7,7,121.11,168.6,186.18,195.0,1,0,95,3
soften,body,soften body,100,241,0.97,soften the body,4.79,11,7,237.41,335.77,373.18,393.77,1,0,95,40
soften,butter,soften butter,100,1058,6.55,softened butter,4.9,2,7,82.231,121.23,150.89,172.76,1,0,95,5
soften,cervix,soften cervix,100,365,6.24,soften the cervix,4.62,2,7,16.35,25.52,33.881,40.246,1,0,95,1
soften,character,soften character,100,310,1.58,soften the character,2.93,9,7,277.35,405.34,452.72,475.45,1,0,95,14
soften,cheese,soften cheese,100,619,5.51,Soften cream cheese,4.7,2,7,75.996,122.02,151.65,176.1,1,0,95,4
soften,color,soften color,100,263,2.21,soften the color,4.08,8,7,110.26,223.03,276.7,304.77,1,0,95,4
soften,condition,soften condition,100,287,1.4,"soften , condition",2.15,8,7,194.29,312.47,352.93,373.86,1,0,95,5
soften,corner,soften corner,100,242,3.57,soften the corners,4.61,11,7,193.15,289.71,334.55,358.95,1,0,95,5
soften,cream,soften cream,100,298,4.02,Soften ice cream,4.83,3,7,105.58,165.87,202.72,226.25,1,0,95,6
soften,criticism,soften criticism,100,406,4.34,soften criticism,2.07,3,7,167.94,235.76,272.3,294.25,1,0,95,6
soften,cup,soften cup,100,526,4.45,softened 1 cup,5.0,8,7,115.33,194.33,234.41,266.26,1,0,95,8
soften,cuticle,soften cuticle,100,389,6.35,soften cuticles,4.94,3,7,25.698,41.287,48.249,52.839,1,0,95,1
soften,demand,soften demand,100,833,3.75,softening demand,2.2,5,7,175.66,257.9,291.88,309.12,1,0,95,13
soften,edge,soften edge,100,4132,6.81,soften the edges,4.24,6,7,213.73,320.46,371.12,406.55,1,0,95,8
soften,effect,soften effect,100,1632,3.21,softening effect,1.8,6,7,218.79,347.59,391.78,415.54,1,0,95,8
soften,expression,soften expression,100,781,4.29,expression softened,2.54,9,7,181.79,256.58,287.09,301.97,1,0,95,3
soften,eye,soften eye,100,1258,3.37,eyes softened,4.9,5,7,206.15,312.42,361.23,392.48,1,0,95,19
soften,fabric,soften fabric,100,242,3.86,soften fabrics,4.63,2,7,103.84,177.02,211.66,229.92,1,0,95,6
soften,face,soften face,100,1059,4.05,face softened,4.87,13,7,234.58,343.73,395.03,428.46,1,0,95,15
soften,fall,soften fall,100,363,3.97,soften the fall,4.04,12,7,229.31,335.16,371.81,391.02,1,0,95,2
soften,feature,soften feature,100,1039,3.23,features softened,2.96,6,7,224.82,325.48,365.88,386.04,1,0,95,9
soften,feeling,soften feeling,100,230,1.77,soften the feelings,1.68,6,7,176.83,271.16,309.46,329.6,1,0,95,10
soften,food,soften food,100,255,1.2,soften the food,4.8,3,7,169.07,241.2,280.07,303.04,1,0,95,18
soften,foot,soften foot,100,231,1.8,soften your feet,4.9,11,7,236.46,337.5,383.01,409.62,1,0,95,23
soften,gaze,soften gaze,100,364,5.21,gaze softened,3.43,1,7,22.343,31.293,34.233,35.627,1,0,95,6
soften,gelatin,soften gelatin,100,287,5.89,Soften gelatin in,4.79,3,7,23.982,40.854,48.961,54.585,1,0,95,2
soften,glue,soften glue,100,419,5.74,to soften the glue,4.65,1,7,48.543,75.082,90.425,100.16,1,0,95,2
soften,ground,soften ground,100,677,3.67,soften the ground,4.77,11,7,207.06,291.84,324.49,350.64,1,0,95,13
soften,hair,soften hair,100,1545,5.05,soften the hair,4.97,6,7,145.81,211.36,244.64,264.55,1,0,95,12
soften,hand,soften hand,100,427,1.54,soften hands,4.72,14,7,269.2,382.64,427.86,454.46,1,0,95,33
soften,harshness,soften harshness,100,301,6.0,to soften the harshness of,2.19,4,7,28.782,42.057,48.834,52.992,1,0,95,1
soften,heart,soften heart,100,5655,6.59,soften the hearts,4.52,10,7,222.29,308.92,338.38,354.34,1,0,95,18
soften,image,soften image,100,1679,3.61,soften the image,3.85,9,7,179.93,316.21,370.25,403.89,1,0,95,21
soften,impact,soften impact,100,3305,4.83,soften the impact of,2.59,4,7,189.48,276.23,310.83,331.09,1,0,95,2
soften,landing,soften landing,100,483,5.73,soften the landing,3.87,4,7,135.73,197.96,221.87,234.28,1,0,95,1
soften,language,soften language,100,644,3.02,soften the language,2.35,6,7,194.82,290.71,327.65,349.13,1,0,95,2
soften,law,soften law,100,309,1.43,soften the law,2.57,7,7,136.56,216.4,271.88,309.43,1,0,95,10
soften,leather,soften leather,100,351,5.4,soften the leather,4.82,1,7,67.225,118.03,149.7,169.54,1,0,95,2
soften,light,soften light,100,980,3.39,soften the light,4.21,15,7,215.58,298.48,332.34,352.33,1,0,95,13
soften,line,soften line,100,2092,3.7,soften the lines,4.5,30,7,253.42,357.41,397.32,421.22,1,0,95,42
soften,lip,soften lip,100,446,4.48,soften lips,4.96,5,7,77.69,125.74,156.68,180.84,1,0,95,7
soften,look,soften look,100,1426,3.51,soften the look,2.96,4,7,229.76,328.99,365.8,383.58,1,0,95,7
soften,material,soften material,100,515,1.98,soften the material,4.26,5,7,225.35,316.51,351.27,369.43,1,0,95,25
soften,message,soften message,100,415,1.84,soften the message,3.97,2,7,175.56,250.41,284.71,304.77,1,0,95,13
soften,metal,soften metal,100,224,3.49,soften the metal,4.87,2,7,125.31,203.89,250.4,277.21,1,0,95,9
soften,muscle,soften muscle,100,268,3.61,soften the muscles,4.5,5,7,91.117,146.9,175.42,195.22,1,0,95,4
soften,onion,soften onion,100,604,5.86,onions are softened,4.86,3,7,44.124,96.685,136.56,161.44,1,0,95,3
soften,opinion,soften opinion,100,237,2.0,soften public opinion,1.93,6,7,152.86,241.2,273.22,291.02,1,0,95,10
soften,opposition,soften opposition,100,498,4.77,soften opposition,2.25,8,7,172.7,256.4,285.97,300.19,1,0,95,7
soften,outline,soften outline,100,266,4.63,soften the outline,3.61,3,7,89.204,128.87,144.39,152.01,1,0,95,1
soften,pain,soften pain,100,390,2.85,soften the pain,3.5,5,7,146.11,209.1,238.27,258.16,1,0,95,4
soften,paint,soften paint,100,232,3.89,soften the paint,4.79,3,7,103.52,163.78,191.63,207.81,1,0,95,6
soften,plastic,soften plastic,100,540,5.5,soften the plastic,4.79,2,7,90.471,143.24,172.29,193.69,1,0,95,1
soften,point,soften point,100,851,1.76,softening point of,3.39,26,7,249.95,349.67,391.1,417.02,1,0,95,21
soften,policy,soften policy,100,359,1.78,soften its policy,2.76,3,7,171.66,250.29,295.41,320.55,1,0,95,12
soften,position,soften position,100,1306,3.39,softened its position,2.62,16,7,229.38,325.34,362.4,380.34,1,0,95,11
soften,price,soften price,100,454,2.11,prices softened,3.63,7,7,150.25,226.12,259.48,280.51,1,0,95,14
soften,resistance,soften resistance,100,263,3.39,soften resistance,2.68,11,7,149.28,209.85,230.66,241.39,1,0,95,3
soften,rhetoric,soften rhetoric,100,451,5.85,softened his rhetoric,1.5,4,7,110.85,170.35,192.99,204.56,1,0,95,2
soften,ride,soften ride,100,327,3.62,to soften the ride,3.75,2,7,139.37,215.01,251.28,269.31,1,0,95,2
soften,rule,soften rule,100,300,1.56,soften the rules,2.57,12,7,177.48,280.06,326.59,358.7,1,0,95,11
soften,shadow,soften shadow,100,431,4.89,soften shadows,4.54,9,7,136.51,200.2,223.91,235.43,1,0,95,5
soften,shock,soften shock,100,266,4.21,soften the shock,4.0,10,7,94.657,139.54,157.84,167.7,1,0,95,1
soften,skin,soften skin,100,6229,7.29,soften the skin,4.79,6,7,169.4,240.84,276.4,299.07,1,0,95,10
soften,snow,soften snow,100,246,4.04,softened the snow,4.85,4,7,116.9,171.0,201.5,219.46,1,0,95,2
soften,soil,soften soil,100,361,4.2,soften the soil,4.87,4,7,153.97,228.07,261.15,280.98,1,0,95,6
soften,sound,soften sound,100,507,3.01,soften the sound,3.7,8,7,201.18,297.75,348.31,382.29,1,0,95,10
soften,space,soften space,100,285,1.19,soften the space,3.54,9,7,218.82,301.78,331.62,346.57,1,0,95,10
soften,stance,soften stance,100,3272,8.02,softened its stance,4.04,2,7,152.07,223.66,252.97,267.68,1,0,95,3
soften,stand,soften stand,100,486,4.48,softened its stand,4.16,12,7,156.68,217.07,236.45,246.91,1,0,95,1
soften,statement,soften statement,100,237,1.38,soften the statement,2.96,7,7,170.19,247.31,285.97,308.4,1,0,95,3
soften,stool,soften stool,100,1116,7.48,soften the stool,4.9,4,7,55.7,79.469,88.34,94.059,1,0,95,1
soften,sugar,soften sugar,100,315,4.22,softened 1 cup sugar,4.87,3,7,84.472,131.97,165.27,185.99,1,0,95,4
soften,surface,soften surface,100,447,3.64,soften the surface,4.26,6,7,249.55,357.56,402.19,427.02,1,0,95,10
soften,texture,soften texture,100,409,4.74,soften the texture,3.83,5,7,122.06,178.82,202.65,215.66,1,0,95,2
soften,thing,soften thing,100,635,0.31,soften things up,3.17,12,7,143.55,268.8,339.04,370.97,1,0,95,51
soften,tissue,soften tissue,100,518,4.98,soften the tissue,4.93,2,7,130.64,195.84,232.23,256.76,1,0,95,5
soften,tone,soften tone,100,1969,6.33,softened his tone,3.07,10,7,168.02,248.56,285.18,303.36,1,0,95,3
soften,transition,soften transition,100,377,3.99,to soften the transition,2.19,5,7,142.93,209.24,237.55,250.9,1,0,95,2
soften,vegetable,soften vegetable,100,335,4.53,vegetables are softened,4.89,2,7,70.178,130.48,163.96,189.0,1,0,95,5
soften,view,soften view,100,548,2.33,softened his views,3.21,10,7,225.92,335.06,380.85,402.91,1,0,95,14
soften,voice,soften voice,100,1038,3.99,voice softened,4.13,11,7,221.3,316.55,353.41,375.5,1,0,95,8
soften,wall,soften wall,100,265,2.6,walls softened,4.86,8,7,199.95,305.54,363.69,395.21,1,0,95,15
soften,water,soften water,100,1933,3.93,soften the water,5.0,6,7,232.15,324.2,362.8,390.59,1,0,95,24
soften,wax,soften wax,100,427,5.99,soften the wax,4.97,1,7,55.19,84.938,102.84,114.9,1,0,95,3
soften,word,soften word,100,521,1.62,soften his words,3.56,10,7,247.83,371.55,418.36,446.17,1,0,95,25
soften,wrinkle,soften wrinkle,100,370,5.84,soften wrinkles,4.3,3,7,32.95,50.822,58.003,62.013,1,0,95,2
sow,acre,sow acre,100,560,4.9,acres sown,4.18,3,3,102.13,176.71,208.04,225.9,1,0,66,3
sow,annual,sow annual,100,237,5.48,annuals sown,1.78,2,3,33.325,47.237,53.269,57.142,1,0,66,1
sow,area,sow area,100,2424,3.48,sown area,3.72,6,3,263.68,404.24,463.02,501.91,1,0,66,24
sow,barley,sow barley,100,350,5.89,barley sown,4.59,2,3,38.916,68.573,84.475,95.452,1,0,66,1
sow,bean,sow bean,100,571,5.45,sow beans,5.0,4,3,64.313,109.95,139.3,161.05,1,0,66,3
sow,body,sow body,100,665,2.43,is sown a natural body,4.79,11,3,237.41,335.77,373.18,393.77,1,0,66,40
sow,carrot,sow carrot,100,318,5.32,sow carrots,5.0,4,3,38.539,70.097,92.141,108.92,1,0,66,1
sow,chaos,sow chaos,100,2049,7.56,to sow chaos,2.79,4,3,93.015,129.39,146.93,159.87,1,0,66,2
sow,clover,sow clover,100,263,5.62,sowing clover,4.69,1,3,33.939,50.438,57.885,63.362,1,0,66,1
sow,conflict,sow conflict,100,248,2.89,sow conflict,2.21,7,3,169.9,257.67,312.76,347.39,1,0,66,6
sow,confusion,sow confusion,100,3504,7.65,to sow confusion,2.24,5,3,118.8,177.89,200.35,212.85,1,0,66,1
sow,corn,sow corn,100,664,6.0,sow corn,4.96,7,3,54.492,96.797,122.07,140.4,1,0,66,3
sow,crop,sow crop,100,5292,7.86,sown crops,4.24,6,3,130.57,186.59,211.43,228.77,1,0,66,4
sow,date,sow date,100,2549,5.1,sowing date,3.9,8,3,224.11,324.69,358.45,374.86,1,0,66,7
sow,death,sow death,100,454,2.99,sowing death,3.73,8,3,269.53,391.47,466.23,508.95,1,0,66,6
sow,depth,sow depth,100,437,4.26,sowing depth,3.11,6,3,139.99,201.27,227.55,244.79,1,0,66,1
sow,destruction,sow destruction,100,355,4.69,sow destruction,3.21,3,3,129.94,186.81,208.33,220.31,1,0,66,3
sow,discontent,sow discontent,100,339,5.8,to sow discontent,1.93,1,3,51.876,83.66,97.722,107.55,1,0,66,1
sow,dissension,sow dissension,100,741,7.15,to sow dissension,2.04,2,3,27.744,45.455,57.589,67.394,1,0,66,1
sow,dissent,sow dissent,100,412,5.88,to sow dissent,2.17,3,3,65.304,91.841,101.36,107.56,1,0,66,2
sow,distrust,sow distrust,100,1027,7.44,to sow distrust,1.44,2,3,10.801,15.713,17.414,18.323,1,0,66,1
sow,division,sow division,100,2445,6.57,to sow division,2.8,12,3,208.92,299.09,337.5,357.1,1,0,66,1
sow,doubt,sow doubt,100,3087,6.18,to sow doubt,1.79,2,3,158.05,239.27,270.23,288.3,1,0,66,5
sow,fear,sow fear,100,1666,5.56,to sow fear,2.57,3,3,208.48,300.15,342.67,365.02,1,0,66,14
sow,field,sow field,100,2084,4.82,sown fields,4.26,17,3,244.0,344.01,383.08,400.82,1,0,66,12
sow,flower,sow flower,100,223,3.12,sow flowers,5.0,3,3,143.8,233.16,273.15,294.9,1,0,66,6
sow,grain,sow grain,100,872,6.02,sowing grain,4.8,11,3,97.835,152.26,176.79,191.69,1,0,66,3
sow,grass,sow grass,100,712,5.81,sown grass,4.93,5,3,138.82,202.63,235.02,253.92,1,0,66,4
sow,ground,sow ground,100,387,2.85,sow the ground,4.77,11,3,207.06,291.84,324.49,350.64,1,0,66,13
sow,hate,sow hate,100,197,4.66,sowing hate,1.97,1,3,60.282,84.845,95.871,102.6,1,0,66,4
sow,hatred,sow hatred,100,693,6.18,sow hatred,2.0,1,3,90.517,140.19,161.91,173.21,1,0,66,6
sow,hope,sow hope,100,188,2.19,sow hope,1.25,6,3,166.95,241.91,272.45,287.77,1,0,66,11
sow,idea,sow idea,100,310,0.39,idea was sown,1.61,5,3,186.11,292.47,339.77,365.76,1,0,66,31
sow,illusion,sow illusion,100,320,4.6,sow illusions,2.48,4,3,86.181,130.43,145.14,153.55,1,0,66,3
sow,kind,sow kind,100,225,0.63,sow the kind,2.07,1,3,133.27,291.79,361.24,396.17,1,0,66,12
sow,land,sow land,100,812,3.49,land sown,4.57,11,3,211.49,302.04,339.59,359.75,1,0,66,10
sow,lawn,sow lawn,100,233,4.66,sown lawn,4.93,1,3,92.025,139.1,163.75,177.96,1,0,66,1
sow,love,sow love,100,384,2.66,let me sow love,2.07,6,3,236.75,336.16,379.05,401.89,1,0,66,7
sow,maize,sow maize,100,224,5.31,sowing maize,4.58,2,3,38.682,74.484,96.812,111.71,1,0,66,1
sow,mistrust,sow mistrust,100,351,6.0,sow mistrust,2.04,2,3,44.461,69.559,81.223,88.956,1,0,66,1
sow,mix,sow mix,100,308,3.47,sowing mix,3.82,3,3,157.14,275.97,320.13,344.31,1,0,66,3
sow,mixture,sow mixture,100,316,3.96,mixtures sown,3.79,5,3,173.87,303.73,353.4,380.67,1,0,66,7
sow,oat,sow oat,100,2152,8.49,sow their wild oats,5.0,2,3,16.328,23.63,27.227,29.532,1,0,66,1
sow,oats,sow oats,100,240,5.55,sow some wild oats,4.78,2,3,41.953,59.808,68.354,74.149,1,0,66,1
sow,panic,sow panic,100,546,6.02,to sow panic,3.04,2,3,68.935,102.98,116.38,124.13,1,0,66,3
sow,pasture,sow pasture,100,489,6.18,sown pastures,4.78,2,3,56.4,100.78,122.64,141.2,1,0,66,1
sow,pea,sow pea,100,437,6.05,sowing peas,4.9,3,3,33.212,61.527,80.495,96.759,1,0,66,3
sow,peace,sow peace,100,208,2.6,sow peace,1.62,5,3,91.75,141.41,165.78,179.16,1,0,66,3
sow,plant,sow plant,100,1088,4.11,"sow , plant",4.76,4,3,229.53,338.39,377.64,397.49,1,0,66,10
sow,rice,sow rice,100,272,4.47,sowing rice,4.86,4,3,99.209,160.13,184.21,199.75,1,0,66,3
sow,row,sow row,100,359,4.26,sow a row,3.93,7,3,190.8,265.67,288.07,299.28,1,0,66,4
sow,season,sow season,100,1067,3.78,the sowing season,3.32,3,3,247.21,364.08,408.66,437.05,1,0,66,8
sow,seed,sow seed,100,57012,10.94,sow the seeds,4.71,5,3,144.65,206.61,233.49,248.01,1,0,66,10
sow,strife,sow strife,100,257,5.47,sow strife,2.2,2,3,53.507,85.614,101.91,114.89,1,0,66,1
sow,suspicion,sow suspicion,100,243,4.4,to sow suspicion,1.62,4,3,111.83,160.77,181.01,193.81,1,0,66,4
sow,terror,sow terror,100,905,6.65,to sow terror,2.43,4,3,89.753,127.38,141.12,150.15,1,0,66,5
sow,thought,sow thought,100,217,1.83,Sow a thought,1.97,4,3,172.64,253.02,286.84,305.45,1,0,66,17
sow,time,sow time,100,1770,1.24,sowing time,3.07,10,3,273.83,408.51,469.17,512.74,1,0,66,50
sow,uncertainty,sow uncertainty,100,224,3.88,sow uncertainty,1.75,2,3,115.29,190.54,221.01,237.99,1,0,66,3
sow,variety,sow variety,100,782,3.39,varieties sown,2.13,6,3,189.87,293.84,344.92,372.87,1,0,66,7
sow,vegetable,sow vegetable,100,312,4.38,sowing vegetables,4.89,2,3,70.178,130.48,163.96,189.0,1,0,66,5
sow,violence,sow violence,100,245,2.93,to sow violence,3.07,3,3,151.79,221.0,253.88,276.12,1,0,66,7
sow,weed,sow weed,100,304,4.91,sowed weeds,4.9,3,3,85.366,123.46,139.91,150.32,1,0,66,1
sow,wheat,sow wheat,100,2243,8.06,sowing wheat,4.89,3,3,45.759,93.196,123.3,142.23,1,0,66,3
sow,wind,sow wind,100,1265,5.98,sown the wind,3.93,8,3,123.81,194.16,227.53,249.12,1,0,66,6
sow,word,sow word,100,396,1.21,word is sown,3.56,10,3,247.83,371.55,418.36,446.17,1,0,66,25
spark,action,spark action,100,1498,3.37,spark action,2.86,10,2,202.3,294.93,326.83,343.62,1,0,96,13
spark,anger,spark anger,100,2419,6.7,sparked anger,2.41,3,2,116.48,185.38,221.03,245.74,1,0,96,9
spark,argument,spark argument,100,824,3.67,sparked an argument,2.85,7,2,207.97,293.58,327.55,347.58,1,0,96,5
spark,attack,spark attack,100,891,3.64,sparked the attack,3.71,9,2,172.82,287.0,339.01,372.67,1,0,96,14
spark,attention,spark attention,100,1266,3.17,sparking international attention,2.3,6,2,133.07,191.66,213.39,223.75,1,0,96,7
spark,backlash,spark backlash,100,2871,7.4,sparked a backlash,1.85,2,2,75.632,114.94,130.67,139.42,1,0,96,2
spark,battle,spark battle,100,1302,4.85,sparking a battle,4.0,3,2,190.2,314.7,370.29,404.53,1,0,96,5
spark,beginning,spark beginning,100,796,4.53,sparked the beginning of,2.5,5,2,188.3,328.46,401.54,437.76,1,0,96,1
spark,boom,spark boom,100,913,5.64,sparked a boom,3.66,5,2,104.36,144.94,160.56,169.99,1,0,96,2
spark,call,spark call,100,1687,4.22,sparked calls for,4.0,13,2,152.06,232.35,267.04,285.41,1,0,96,6
spark,campaign,spark campaign,100,942,3.88,sparked a campaign,3.0,4,2,234.82,326.5,365.57,390.31,1,0,96,8
spark,celebration,spark celebration,100,1058,5.36,sparked wild celebrations,3.47,3,2,133.22,203.96,239.8,262.38,1,0,96,2
spark,change,spark change,100,4489,4.35,spark change,2.89,10,2,169.83,260.43,300.98,324.77,1,0,96,14
spark,clash,spark clash,100,1038,5.87,sparked clashes,2.63,4,2,123.61,203.95,250.18,277.88,1,0,96,1
spark,collaboration,spark collaboration,100,846,4.73,spark collaboration,2.59,2,2,178.14,280.18,328.42,357.92,1,0,96,3
spark,concern,spark concern,100,5971,5.96,sparked concerns,1.7,5,2,192.53,304.28,359.28,388.82,1,0,96,6
spark,conflict,spark conflict,100,2513,5.88,spark conflict,2.21,7,2,169.9,257.67,312.76,347.39,1,0,96,6
spark,connection,spark connection,100,957,3.47,spark a connection,3.0,9,2,212.19,336.16,390.35,421.85,1,0,96,8
spark,controversy,spark controversy,100,12090,9.05,sparked controversy,2.29,1,2,146.19,222.23,259.61,281.54,1,0,96,5
spark,conversation,spark conversation,100,14871,8.07,spark conversation,3.28,1,2,166.81,255.38,299.17,324.56,1,0,96,11
spark,creation,spark creation,100,1036,4.76,sparked the creation of,2.15,6,2,174.49,254.87,290.69,313.63,1,0,96,3
spark,creativity,spark creativity,100,4251,7.52,spark creativity,1.8,1,2,90.711,131.02,148.56,159.5,1,0,96,7
spark,crisis,spark crisis,100,3088,6.29,crisis sparked,2.33,2,2,139.99,213.55,249.27,271.87,1,0,96,9
spark,criticism,spark criticism,100,2804,6.55,sparked criticism,2.07,3,2,167.94,235.76,272.3,294.25,1,0,96,6
spark,curiosity,spark curiosity,100,5075,8.04,spark curiosity,1.61,2,2,82.605,114.81,126.57,133.77,1,0,96,5
spark,debate,spark debate,100,20078,9.04,sparked debate,3.18,2,2,184.93,291.91,338.79,365.58,1,0,96,9
spark,demand,spark demand,100,836,3.54,sparked demand,2.2,5,2,175.66,257.9,291.88,309.12,1,0,96,13
spark,demonstration,spark demonstration,100,1262,5.61,sparked demonstrations,3.75,5,2,146.26,212.72,235.4,247.28,1,0,96,1
spark,desire,spark desire,100,1646,5.35,sparked a desire,1.7,3,2,165.31,243.51,281.9,306.53,1,0,96,8
spark,development,spark development,100,1273,3.62,sparked the development,2.41,9,2,188.62,267.55,302.33,321.56,1,0,96,9
spark,dialogue,spark dialogue,100,2205,6.27,spark dialogue,3.0,4,2,154.9,231.95,265.02,282.91,1,0,96,2
spark,discussion,spark discussion,100,11344,7.29,spark discussion,3.07,2,2,180.21,295.44,351.36,377.72,1,0,96,11
spark,effort,spark effort,100,878,2.8,sparked efforts,2.33,4,2,200.2,307.62,348.88,374.91,1,0,96,16
spark,enthusiasm,spark enthusiasm,100,991,5.64,spark enthusiasm,2.34,3,2,117.92,180.95,209.12,227.37,1,0,96,4
spark,excitement,spark excitement,100,1227,5.81,spark excitement,2.48,4,2,100.92,143.32,161.2,172.28,1,0,96,3
spark,fear,spark fear,100,5004,6.8,sparked fears,2.57,3,2,208.48,300.15,342.67,365.02,1,0,96,14
spark,fight,spark fight,100,819,4.38,sparked a fight,4.2,5,2,166.91,274.84,323.71,354.02,1,0,96,3
spark,fire,spark fire,100,5462,6.53,sparked a fire,4.68,9,2,142.33,217.4,250.15,268.89,1,0,96,13
spark,firestorm,spark firestorm,100,848,5.84,sparked a firestorm of,3.56,2,2,28.652,42.632,49.747,54.039,1,0,96,3
spark,flame,spark flame,100,1100,5.68,sparked a flame,4.67,1,2,93.561,139.75,160.47,173.35,1,0,96,5
spark,flurry,spark flurry,100,897,5.85,sparked a flurry of,3.38,2,2,66.111,99.767,118.23,128.57,1,0,96,2
spark,frenzy,spark frenzy,100,882,5.84,sparked a frenzy,2.31,1,2,68.996,101.52,115.7,123.79,1,0,96,1
spark,fury,spark fury,100,941,5.91,sparked fury,2.89,4,2,78.211,122.7,138.28,147.9,1,0,96,2
spark,growth,spark growth,100,1889,4.5,spark growth,2.89,7,2,144.79,208.57,237.72,256.21,1,0,96,11
spark,hope,spark hope,100,1304,4.69,sparked hope,1.25,6,2,166.95,241.91,272.45,287.77,1,0,96,11
spark,idea,spark idea,100,10371,5.4,sparked the idea,1.61,5,2,186.11,292.47,339.77,365.76,1,0,96,31
spark,imagination,spark imagination,100,7103,8.22,spark the imagination,1.69,3,2,94.676,139.25,161.68,174.76,1,0,96,11
spark,incident,spark incident,100,817,4.41,incident was sparked,2.86,2,2,155.95,233.88,278.32,307.48,1,0,96,1
spark,innovation,spark innovation,100,2221,6.03,spark innovation,1.97,3,2,116.4,177.04,198.31,209.83,1,0,96,8
spark,inspiration,spark inspiration,100,1268,5.35,spark inspiration,2.18,6,2,131.78,187.59,209.12,220.4,1,0,96,1
spark,interest,spark interest,100,39061,8.17,sparked my interest,1.8,7,2,176.83,268.45,304.88,322.86,1,0,96,14
spark,investigation,spark investigation,100,2232,5.62,sparked an investigation,2.52,2,2,158.8,242.01,274.61,294.4,1,0,96,6
spark,joy,spark joy,100,2479,6.33,spark joy,2.37,2,2,107.12,161.36,189.58,205.58,1,0,96,5
spark,kind,spark kind,100,838,2.44,spark the kind,2.07,1,2,133.27,291.79,361.24,396.17,1,0,96,12
spark,life,spark life,100,1006,1.88,spark life,2.69,14,2,228.25,333.37,374.48,396.14,1,0,96,27
spark,lot,spark lot,100,2691,2.73,sparked a lot of,3.7,7,2,144.92,243.93,294.05,322.54,1,0,96,34
spark,love,spark love,100,1521,4.44,sparked my love,2.07,6,2,236.75,336.16,379.05,401.89,1,0,96,7
spark,memory,spark memory,100,2659,5.42,spark memories,2.38,5,2,208.41,286.39,315.63,333.95,1,0,96,12
spark,movement,spark movement,100,4776,6.04,sparked a movement,3.63,11,2,228.82,319.09,350.45,367.29,1,0,96,13
spark,offense,spark offense,100,1044,5.26,spark the offense,2.03,5,2,130.47,182.26,204.1,217.49,1,0,96,3
spark,opposition,spark opposition,100,776,4.79,sparked opposition,2.25,8,2,172.7,256.4,285.97,300.19,1,0,96,7
spark,outcry,spark outcry,100,2720,7.44,sparked an outcry,3.23,1,2,54.638,98.158,116.38,125.65,1,0,96,1
spark,outrage,spark outrage,100,10594,9.19,sparked outrage,2.45,4,2,70.176,105.01,122.9,134.11,1,0,96,3
spark,panic,spark panic,100,1203,6.08,sparked panic,3.04,2,2,68.935,102.98,116.38,124.13,1,0,96,3
spark,passion,spark passion,100,2562,6.18,sparked a passion,2.3,7,2,119.78,201.4,232.88,253.47,1,0,96,7
spark,plug,spark plug,100,3958,7.44,spark plugs,4.64,7,2,67.066,100.2,115.95,125.75,1,0,96,1
spark,protest,spark protest,100,11415,8.63,sparked protests,3.21,3,2,168.96,247.19,285.51,310.23,1,0,96,6
spark,question,spark question,100,2312,3.09,sparked questions,3.36,6,2,211.73,299.72,335.13,354.36,1,0,96,7
spark,rally,spark rally,100,1786,6.33,sparked a rally,3.34,5,2,139.09,197.56,220.03,234.49,1,0,96,4
spark,reaction,spark reaction,100,3144,6.2,sparked reactions,2.41,7,2,188.79,280.38,311.53,325.44,1,0,96,4
spark,rebellion,spark rebellion,100,980,5.79,sparked a rebellion,2.93,2,2,49.443,139.85,184.25,209.03,1,0,96,1
spark,response,spark response,100,1822,4.41,sparked a response,3.0,7,2,213.08,334.53,377.77,399.72,1,0,96,6
spark,revival,spark revival,100,1392,6.31,sparked a revival,2.79,2,2,114.03,166.04,185.97,194.95,1,0,96,1
spark,revolt,spark revolt,100,928,5.83,sparked a revolt,3.03,1,2,48.691,129.07,170.2,192.99,1,0,96,1
spark,revolution,spark revolution,100,4317,7.4,sparked a revolution,2.87,3,2,158.96,229.25,269.07,292.82,1,0,96,4
spark,riot,spark riot,100,3034,7.38,sparked riots,4.45,4,2,97.901,143.76,170.45,185.86,1,0,96,2
spark,round,spark round,100,989,4.22,sparked a new round,3.9,14,2,139.8,209.38,243.16,267.85,1,0,96,8
spark,row,spark row,100,1300,5.53,sparked a row,3.93,7,2,190.8,265.67,288.07,299.28,1,0,96,4
spark,rumor,spark rumor,100,2214,6.66,sparked rumors,2.15,1,2,60.471,137.86,168.94,183.37,1,0,96,4
spark,run,spark run,100,2088,5.26,sparked a run,4.31,16,2,183.39,258.97,292.47,315.05,1,0,96,5
spark,series,spark series,100,1460,3.77,sparked a series of,2.92,7,2,235.62,353.57,397.71,420.71,1,0,96,11
spark,speculation,spark speculation,100,2712,7.01,sparked speculation,2.15,4,2,91.975,152.37,185.54,205.03,1,0,96,2
spark,storm,spark storm,100,768,4.98,sparked a storm,4.7,3,2,113.46,178.08,210.12,230.75,1,0,96,5
spark,surge,spark surge,100,911,5.51,sparked a surge,2.78,3,2,84.868,131.68,156.53,170.44,1,0,96,2
spark,team,spark team,100,910,2.25,spark the team,3.79,2,2,204.37,328.15,369.37,388.62,1,0,96,22
spark,tension,spark tension,100,1308,5.37,sparked tensions,2.6,6,2,148.12,226.42,267.67,294.21,1,0,96,6
spark,thinking,spark thinking,100,800,4.69,spark creative thinking,1.96,1,2,117.26,171.43,192.02,206.43,1,0,96,5
spark,thought,spark thought,100,1513,4.43,sparked a thought,1.97,4,2,172.64,253.02,286.84,305.45,1,0,96,17
spark,trend,spark trend,100,992,4.16,sparked a trend,2.42,4,2,152.45,216.03,241.24,254.47,1,0,96,5
spark,unrest,spark unrest,100,1356,6.39,unrest sparked,2.24,2,2,72.232,112.39,137.52,149.49,1,0,96,2
spark,uprising,spark uprising,100,1342,6.35,sparked an uprising,2.41,1,2,56.238,126.73,166.96,190.02,1,0,96,1
spark,uproar,spark uproar,100,1067,6.13,sparked an uproar,3.0,2,2,28.67,63.547,78.786,88.593,1,0,96,1
spark,violence,spark violence,100,2113,5.67,sparked violence,3.07,3,2,151.79,221.0,253.88,276.12,1,0,96,7
spark,war,spark war,100,5792,6.36,spark a war,3.63,4,2,185.71,287.06,333.51,366.33,1,0,96,8
spark,wave,spark wave,100,3475,6.46,sparked a wave of,4.55,9,2,166.5,236.93,267.61,282.94,1,0,96,11
spark,wildfire,spark wildfire,100,941,5.92,sparking wildfires,4.59,1,2,34.053,54.75,65.296,72.172,1,0,96,3
spew,air,spew air,100,167,2.21,spewing hot air,4.11,9,3,153.36,215.5,239.69,254.08,1,0,80,13
spew,amount,spew amount,100,473,1.72,spewing huge amounts,2.74,4,3,171.9,263.47,299.86,323.81,1,0,80,19
spew,anger,spew anger,100,163,3.92,spewing anger,2.41,3,3,116.48,185.38,221.03,245.74,1,0,80,9
spew,ash,spew ash,100,1113,7.66,spewing ash,4.96,3,3,88.23,125.1,137.51,143.61,1,0,80,3
spew,bile,spew bile,100,750,8.37,spewing bile,4.46,1,3,33.155,49.583,57.845,62.034,1,0,80,2
spew,blood,spew blood,100,650,4.51,spewing blood,4.86,5,3,132.86,194.1,218.83,232.67,1,0,80,9
spew,bullshit,spew bullshit,100,577,7.07,spewing bullshit,2.96,1,3,21.379,33.538,39.28,42.937,1,0,80,1
spew,bunch,spew bunch,100,215,3.05,spew a bunch of,3.5,3,3,111.17,185.88,217.22,235.8,1,0,80,3
spew,carbon,spew carbon,100,210,4.6,spewing carbon,4.22,3,3,53.448,82.738,97.755,108.4,1,0,80,2
spew,chemical,spew chemical,100,186,3.6,spewing toxic chemicals,3.86,1,3,114.0,164.19,185.15,199.78,1,0,80,5
spew,cloud,spew cloud,100,534,5.26,spewing clouds,4.54,6,3,124.12,188.24,224.19,244.7,1,0,80,3
spew,coffee,spew coffee,100,226,3.67,spewed coffee,4.81,4,3,63.844,123.99,152.8,174.46,1,0,80,6
spew,column,spew column,100,118,2.3,spewing a column,4.48,9,3,160.09,224.07,246.05,256.7,1,0,80,2
spew,comment,spew comment,100,270,1.82,spewing comments,3.29,3,3,189.26,301.09,350.85,380.78,1,0,80,7
spew,content,spew content,100,295,1.61,spewing the contents,2.59,7,3,164.92,250.07,280.91,297.3,1,0,80,17
spew,crap,spew crap,100,713,6.22,spewing crap,3.67,2,3,44.493,77.799,90.095,95.923,1,0,80,3
spew,debris,spew debris,100,133,4.44,spewing debris,4.69,1,3,93.607,140.58,164.49,179.63,1,0,80,2
spew,dioxide,spew dioxide,100,241,5.66,spewing carbon dioxide,2.81,1,3,35.346,63.58,82.271,97.104,1,0,80,2
spew,drivel,spew drivel,100,238,6.77,spewing drivel,2.38,2,3,23.151,35.253,40.872,45.087,1,0,80,1
spew,dust,spew dust,100,218,4.48,spewing dust,4.4,3,3,87.632,148.3,174.03,189.46,1,0,80,4
spew,emission,spew emission,100,204,3.15,spewing emissions,3.33,5,3,88.805,126.6,142.62,151.17,1,0,80,4
spew,exhaust,spew exhaust,100,214,5.87,spewing exhaust,2.96,2,3,64.031,90.58,100.95,107.56,1,0,80,1
spew,fact,spew fact,100,139,0.42,spewing facts,2.72,4,3,254.34,365.67,419.85,450.64,1,0,80,9
spew,falsehood,spew falsehood,100,180,5.89,spewing falsehoods,2.0,2,3,37.971,52.98,59.062,63.064,1,0,80,2
spew,filth,spew filth,100,288,7.02,spewing filth,4.14,4,3,38.305,55.752,63.047,67.303,1,0,80,1
spew,fire,spew fire,100,772,4.05,spewing fire,4.68,9,3,142.33,217.4,250.15,268.89,1,0,80,13
spew,flame,spew flame,100,455,5.67,spewing flames,4.67,1,3,93.561,139.75,160.47,173.35,1,0,80,5
spew,fluid,spew fluid,100,143,3.76,spewing fluid,4.73,2,3,107.21,168.71,197.48,212.55,1,0,80,4
spew,fume,spew fume,100,394,7.11,spewing fumes,3.58,1,3,18.009,25.618,28.46,29.871,1,0,80,3
spew,gallon,spew gallon,100,183,4.93,spewing gallons,3.92,2,3,46.573,82.222,110.12,124.76,1,0,80,3
spew,garbage,spew garbage,100,769,7.07,spewing garbage,4.69,3,3,43.039,76.299,92.044,100.14,1,0,80,2
spew,gas,spew gas,100,808,4.93,spewing gas,4.29,6,3,103.21,166.51,194.99,212.88,1,0,80,6
spew,gut,spew gut,100,158,4.71,spewing his guts,4.15,3,3,60.847,88.961,101.48,110.5,1,0,80,3
spew,hate,spew hate,100,2021,8.77,spewing hate,1.97,1,3,60.282,84.845,95.871,102.6,1,0,80,4
spew,hatred,spew hatred,100,2178,8.41,spewing hatred,2.0,1,3,90.517,140.19,161.91,173.21,1,0,80,6
spew,ignorance,spew ignorance,100,159,4.76,spewing ignorance,1.6,1,3,82.48,117.27,135.95,147.55,1,0,80,1
spew,insult,spew insult,100,378,5.81,spewing insults,2.79,2,3,82.592,120.7,135.11,143.44,1,0,80,2
spew,kind,spew kind,100,285,1.0,spewing all kinds,2.07,1,3,133.27,291.79,361.24,396.17,1,0,80,12
spew,lava,spew lava,100,1017,8.65,spewing lava,4.82,1,3,51.592,80.948,94.118,103.81,1,0,80,1
spew,lie,spew lie,100,1268,6.26,spewing lies,3.11,3,3,104.11,149.95,166.69,174.52,1,0,80,4
spew,line,spew line,100,322,1.02,spewing lines,4.5,30,3,253.42,357.41,397.32,421.22,1,0,80,42
spew,liquid,spew liquid,100,144,4.03,spewing liquid,4.72,4,3,100.26,167.19,195.13,210.43,1,0,80,5
spew,load,spew load,100,278,3.18,spews his load,3.63,9,3,139.13,209.14,235.35,251.18,1,0,80,10
spew,material,spew material,100,265,1.05,spewing material,4.26,5,3,225.35,316.51,351.27,369.43,1,0,80,25
spew,message,spew message,100,267,1.24,spewing messages,3.97,2,3,175.56,250.41,284.71,304.77,1,0,80,13
spew,million,spew million,100,173,2.81,spewed millions of,2.9,2,3,119.76,176.86,200.46,214.45,1,0,80,7
spew,misinformation,spew misinformation,100,228,5.99,spewing misinformation,2.23,1,3,33.008,49.893,56.379,59.901,1,0,80,2
spew,negativity,spew negativity,100,153,5.78,spewing negativity,2.3,4,3,31.144,44.649,49.542,52.987,1,0,80,1
spew,nonsense,spew nonsense,100,1473,7.96,spewing nonsense,2.38,2,3,61.401,95.296,109.2,118.44,1,0,80,1
spew,obscenity,spew obscenity,100,158,6.07,spewing obscenities,2.31,3,3,30.716,49.257,58.409,62.961,1,0,80,2
spew,oil,spew oil,100,681,3.95,spewing oil,4.93,4,3,116.09,174.9,208.49,229.11,1,0,80,13
spew,opinion,spew opinion,100,298,2.4,spew opinions,1.93,6,3,152.86,241.2,273.22,291.02,1,0,80,10
spew,particle,spew particle,100,190,3.92,particles spewed,3.78,3,3,107.72,180.97,212.93,231.98,1,0,80,2
spew,plume,spew plume,100,198,6.14,spewing plumes,4.0,3,3,57.876,83.225,94.15,101.12,1,0,80,1
spew,poison,spew poison,100,415,6.23,spewing poison,4.27,2,3,75.783,113.59,128.06,136.3,1,0,80,3
spew,pollutant,spew pollutant,100,185,5.56,spewing pollutants,3.9,1,3,40.013,76.761,93.949,105.93,1,0,80,1
spew,pollution,spew pollution,100,351,5.19,spewing pollution,3.75,3,3,91.37,141.93,162.02,173.66,1,0,80,2
spew,profanity,spew profanity,100,265,6.75,spewing profanities,3.04,1,3,28.787,44.524,50.965,54.798,1,0,80,2
spew,propaganda,spew propaganda,100,959,7.29,spewing propaganda,2.48,1,3,95.835,134.51,148.78,156.35,1,0,80,3
spew,radiation,spew radiation,100,300,5.22,spewing radiation,3.43,7,3,88.77,128.72,149.25,160.97,1,0,80,2
spew,rant,spew rant,100,138,5.27,rants spewed,3.07,2,3,57.59,88.393,101.67,110.02,1,0,80,1
spew,rhetoric,spew rhetoric,100,1044,7.65,rhetoric spewed,1.5,4,3,110.85,170.35,192.99,204.56,1,0,80,2
spew,rock,spew rock,100,212,3.16,spewing rocks,4.91,7,3,225.91,320.78,360.6,382.06,1,0,80,10
spew,shit,spew shit,100,317,4.62,spewing shit,4.33,6,3,42.891,71.102,83.074,90.257,1,0,80,6
spew,slur,spew slur,100,135,5.53,spewing racial slurs,3.31,3,3,34.102,52.008,61.696,67.296,1,0,80,2
spew,smoke,spew smoke,100,1091,6.93,spewing smoke,4.96,8,3,82.935,126.65,149.89,162.95,1,0,80,2
spew,sort,spew sort,100,192,1.57,spewing all sorts of,3.34,4,3,126.97,278.53,341.73,373.74,1,0,80,2
spew,speech,spew speech,100,275,3.24,spewing hate speech,3.37,8,3,178.11,270.32,303.26,321.76,1,0,80,3
spew,steam,spew steam,100,216,4.94,spewing steam,4.5,1,3,75.307,110.13,123.18,130.12,1,0,80,2
spew,stream,spew stream,100,378,4.15,spewing a stream,4.5,5,3,175.06,246.5,274.8,292.6,1,0,80,3
spew,stuff,spew stuff,100,323,2.33,spewing stuff,3.13,7,3,154.36,228.68,256.01,270.5,1,0,80,15
spew,theory,spew theory,100,180,2.02,spewing conspiracy theories,1.47,3,3,196.65,287.5,337.25,366.48,1,0,80,7
spew,thought,spew thought,100,164,1.5,spew my thoughts,1.97,4,3,172.64,253.02,286.84,305.45,1,0,80,17
spew,ton,spew ton,100,347,3.55,spewing tons,4.17,2,3,79.739,162.69,210.51,238.34,1,0,80,5
spew,toxin,spew toxin,100,149,4.79,spewing toxins,3.89,1,3,74.829,106.85,122.34,132.5,1,0,80,1
spew,venom,spew venom,100,2067,9.43,spewing venom,4.62,2,3,60.516,84.561,95.315,100.99,1,0,80,1
spew,vomit,spew vomit,100,169,6.33,spewing vomit,4.75,3,3,23.055,34.56,40.919,45.178,1,0,80,1
spew,waste,spew waste,100,190,2.93,spewing waste,3.24,5,3,105.18,147.0,165.21,176.84,1,0,80,3
spew,water,spew water,100,944,2.93,spewing water,5.0,6,3,232.15,324.2,362.8,390.59,1,0,80,24
spew,word,spew word,100,745,2.15,spewing words,3.56,10,3,247.83,371.55,418.36,446.17,1,0,80,25
spill,acid,spill acid,100,612,5.16,spilled acid,4.25,2,6,123.17,180.16,207.84,225.52,1,0,81,3
spill,air,spill air,100,155,1.98,spill air,4.11,9,6,153.36,215.5,239.69,254.08,1,0,81,13
spill,amount,spill amount,100,554,1.91,spilled a small amount,2.74,4,6,171.9,263.47,299.86,323.81,1,0,81,19
spill,bag,spill bag,100,197,2.23,spilled bag,4.9,9,6,145.54,219.91,255.08,276.69,1,0,81,15
spill,ball,spill ball,100,719,3.49,spilled the ball,5.0,12,6,152.85,224.94,253.8,268.96,1,0,81,26
spill,barrel,spill barrel,100,541,5.42,barrels were spilled,4.86,5,6,116.95,163.85,182.27,193.52,1,0,81,2
spill,bean,spill bean,100,18162,10.42,spill the beans,5.0,4,6,64.313,109.95,139.3,161.05,1,0,81,3
spill,beer,spill beer,100,2737,6.93,spilled beer,4.88,1,6,74.267,130.5,169.11,196.91,1,0,81,5
spill,beverage,spill beverage,100,366,5.18,spilled beverages,4.6,1,6,54.69,91.055,112.78,128.66,1,0,81,2
spill,bit,spill bit,100,534,1.28,spilled a bit,3.27,11,6,192.43,300.42,350.38,380.06,1,0,81,29
spill,blood,spill blood,100,16474,9.01,spilled blood,4.86,5,6,132.86,194.1,218.83,232.67,1,0,81,9
spill,bottle,spill bottle,100,528,4.26,spilled a bottle,4.91,3,6,120.42,183.22,217.03,239.9,1,0,81,12
spill,bowl,spill bowl,100,194,3.74,spilled a bowl,4.87,9,6,134.53,190.44,209.62,219.19,1,0,81,2
spill,bucket,spill bucket,100,224,4.46,spilled a bucket,4.96,2,6,66.372,104.65,128.41,142.79,1,0,81,2
spill,can,spill can,100,191,3.91,spilled a can,4.55,6,6,58.316,89.046,104.16,112.97,1,0,81,2
spill,cargo,spill cargo,100,358,5.21,spilled cargo,4.62,1,6,89.484,133.54,152.42,162.76,1,0,81,2
spill,champagne,spill champagne,100,181,4.8,spilled champagne,4.82,2,6,59.077,89.629,109.18,124.54,1,0,81,1
spill,chemical,spill chemical,100,765,5.36,spilled chemicals,3.86,1,6,114.0,164.19,185.15,199.78,1,0,81,5
spill,coffee,spill coffee,100,5516,8.03,spilled coffee,4.81,4,6,63.844,123.99,152.8,174.46,1,0,81,6
spill,coke,spill coke,100,269,5.49,spilled coke,4.83,3,6,62.353,99.346,116.04,123.57,1,0,81,1
spill,content,spill content,100,2741,4.77,spilling its contents,2.59,7,6,164.92,250.07,280.91,297.3,1,0,81,17
spill,cream,spill cream,100,186,3.29,spilled ice cream,4.83,3,6,105.58,165.87,202.72,226.25,1,0,81,6
spill,cup,spill cup,100,998,5.34,spilled a cup,5.0,8,6,115.33,194.33,234.41,266.26,1,0,81,8
spill,detail,spill detail,100,1188,3.73,spill the details,2.5,5,6,181.66,257.54,289.87,309.11,1,0,81,10
spill,dirt,spill dirt,100,210,4.28,spill the dirt,4.86,4,6,78.603,111.19,127.04,138.24,1,0,81,4
spill,drink,spill drink,100,4979,7.57,spilled drinks,4.76,5,6,84.804,162.1,206.78,234.68,1,0,81,7
spill,drop,spill drop,100,2518,6.66,spilling a drop,4.21,9,6,122.25,182.55,212.24,232.52,1,0,81,3
spill,fluid,spill fluid,100,731,5.73,spilled fluids,4.73,2,6,107.21,168.71,197.48,212.55,1,0,81,4
spill,food,spill food,100,1850,4.06,spilled food,4.8,3,6,169.07,241.2,280.07,303.04,1,0,81,18
spill,fuel,spill fuel,100,1646,6.1,spilled fuel,4.3,1,6,94.211,145.68,175.66,191.05,1,0,81,4
spill,gallon,spill gallon,100,1946,7.71,gallons spilled,3.92,2,6,46.573,82.222,110.12,124.76,1,0,81,3
spill,gas,spill gas,100,445,3.89,spilled gas,4.29,6,6,103.21,166.51,194.99,212.88,1,0,81,6
spill,gasoline,spill gasoline,100,500,6.11,spilled gasoline,4.72,1,6,43.374,82.217,99.421,109.61,1,0,81,2
spill,glass,spill glass,100,885,4.69,spilled a glass,4.82,7,6,149.6,219.89,246.25,262.92,1,0,81,12
spill,grain,spill grain,100,401,4.88,spilled grain,4.8,11,6,97.835,152.26,176.79,191.69,1,0,81,3
spill,gut,spill gut,100,4682,8.97,spill their guts,4.15,3,6,60.847,88.961,101.48,110.5,1,0,81,3
spill,half,spill half,100,200,2.85,spilling half of,3.27,2,6,173.32,284.54,329.41,354.84,1,0,81,3
spill,heart,spill heart,100,462,2.96,spill my heart,4.52,10,6,222.29,308.92,338.38,354.34,1,0,81,18
spill,information,spill information,100,430,0.27,spilling information,2.87,5,6,188.65,292.02,342.92,373.06,1,0,81,17
spill,ink,spill ink,100,2519,8.03,ink spilled,4.56,2,6,68.195,107.92,125.2,136.64,1,0,81,2
spill,juice,spill juice,100,1265,6.45,spilled juice,4.89,4,6,86.673,133.6,170.71,193.42,1,0,81,8
spill,ketchup,spill ketchup,100,158,4.83,spilled ketchup,5.0,1,6,25.435,39.702,49.131,55.772,1,0,81,1
spill,light,spill light,100,683,2.86,light spilled,4.21,15,6,215.58,298.48,332.34,352.33,1,0,81,13
spill,liquid,spill liquid,100,1728,7.16,spilled liquids,4.72,4,6,100.26,167.19,195.13,210.43,1,0,81,5
spill,load,spill load,100,682,4.33,spilled its load,3.63,9,6,139.13,209.14,235.35,251.18,1,0,81,10
spill,lot,spill lot,100,725,0.87,spilled a lot of,3.7,7,6,144.92,243.93,294.05,322.54,1,0,81,34
spill,material,spill material,100,915,2.8,spilled material,4.26,5,6,225.35,316.51,351.27,369.43,1,0,81,25
spill,milk,spill milk,100,6775,8.45,spilled milk,4.92,4,6,85.509,138.38,171.6,192.28,1,0,81,6
spill,million,spill million,100,217,2.96,spilled millions of gallons of,2.9,2,6,119.76,176.86,200.46,214.45,1,0,81,7
spill,news,spill news,100,311,2.2,spilled the news,3.41,5,6,147.99,211.63,237.7,252.17,1,0,81,11
spill,oil,spill oil,100,6161,7.03,spilled oil,4.93,4,6,116.09,174.9,208.49,229.11,1,0,81,13
spill,paint,spill paint,100,948,5.86,spilled paint,4.79,3,6,103.52,163.78,191.63,207.81,1,0,81,6
spill,pint,spill pint,100,206,4.9,spill my pint,4.43,3,6,78.52,113.56,126.37,133.4,1,0,81,1
spill,popcorn,spill popcorn,100,240,5.18,spilled popcorn,5.0,2,6,33.775,50.741,58.962,66.16,1,0,81,1
spill,pot,spill pot,100,162,3.23,spilled a pot,4.81,9,6,92.316,147.83,182.1,202.46,1,0,81,4
spill,powder,spill powder,100,254,4.17,spilled powder,4.76,3,6,97.959,146.6,172.39,191.34,1,0,81,3
spill,protein,spill protein,100,260,3.26,spilling protein,3.66,1,6,120.42,195.67,247.24,280.54,1,0,81,1
spill,salt,spill salt,100,509,5.17,spilled salt,4.89,4,6,95.397,158.93,190.86,211.55,1,0,81,4
spill,sauce,spill sauce,100,345,4.71,spilled sauce,4.75,1,6,85.746,147.89,184.05,207.34,1,0,81,4
spill,secret,spill secret,100,2935,6.64,spilling secrets,2.19,3,6,106.43,149.86,166.24,174.76,1,0,81,7
spill,seed,spill seed,100,2437,6.38,spilled his seed,4.71,5,6,144.65,206.61,233.49,248.01,1,0,81,10
spill,semen,spill semen,100,316,5.75,spilled his semen,4.79,1,6,31.699,47.686,56.246,61.079,1,0,81,2
spill,shot,spill shot,100,289,2.18,spilled a shot,4.44,17,6,163.26,250.01,288.05,309.59,1,0,81,10
spill,soda,spill soda,100,587,6.0,spilled soda,4.97,2,6,41.521,65.153,80.473,92.69,1,0,81,1
spill,soul,spill soul,100,156,2.25,spill my soul,1.86,5,6,173.0,242.94,270.78,286.52,1,0,81,10
spill,soup,spill soup,100,556,5.68,spilled soup,4.72,3,6,60.974,99.863,134.03,163.83,1,0,81,4
spill,story,spill story,100,531,1.24,spilled the story,3.3,6,6,197.18,328.22,376.06,402.62,1,0,81,28
spill,stuff,spill stuff,100,391,2.54,spilling stuff,3.13,7,6,154.36,228.68,256.01,270.5,1,0,81,15
spill,tea,spill tea,100,2698,7.25,spill the tea,4.69,5,6,72.271,138.59,176.5,199.08,1,0,81,5
spill,tear,spill tear,100,690,5.36,tears spilled,4.56,4,6,76.006,120.53,139.78,151.99,1,0,81,5
spill,thing,spill thing,100,612,0.25,spilling things,3.17,12,6,143.55,268.8,339.04,370.97,1,0,81,51
spill,thought,spill thought,100,242,1.98,spill my thoughts,1.97,4,6,172.64,253.02,286.84,305.45,1,0,81,17
spill,thousand,spill thousand,100,231,2.66,spilled thousands of,3.08,1,6,70.573,185.93,249.9,283.4,1,0,81,5
spill,ton,spill ton,100,306,3.21,spilling tons,4.17,2,6,79.739,162.69,210.51,238.34,1,0,81,5
spill,truth,spill truth,100,352,2.47,spill the truth,1.96,5,6,153.56,224.44,249.84,264.71,1,0,81,8
spill,waste,spill waste,100,267,3.23,waste spilled,3.24,5,6,105.18,147.0,165.21,176.84,1,0,81,3
spill,water,spill water,100,5429,5.41,spilled water,5.0,6,6,232.15,324.2,362.8,390.59,1,0,81,24
spill,wax,spill wax,100,234,4.99,spilled wax,4.97,1,6,55.19,84.938,102.84,114.9,1,0,81,3
spill,wind,spill wind,100,193,3.26,spill the wind,3.93,8,6,123.81,194.16,227.53,249.12,1,0,81,6
spill,wine,spill wine,100,2660,6.35,spilled wine,4.79,2,6,89.369,155.57,198.09,221.78,1,0,81,4
spill,word,spill word,100,461,1.43,words spilled,3.56,10,6,247.83,371.55,418.36,446.17,1,0,81,25
spin,article,spin article,100,791,2.37,spun articles,4.33,4,8,179.02,272.79,315.01,337.97,1,0,83,9
spin,ball,spin ball,100,2977,5.43,spin the ball,5.0,12,8,152.85,224.94,253.8,268.96,1,0,83,26
spin,bearing,spin bearing,100,979,5.7,spun a bearing,2.82,6,8,92.87,134.97,150.53,159.93,1,0,83,2
spin,bit,spin bit,100,1178,2.39,spin a bit,3.27,11,8,192.43,300.42,350.38,380.06,1,0,83,29
spin,blade,spin blade,100,1103,5.7,spinning blades,4.93,9,8,99.421,152.87,179.13,196.07,1,0,83,9
spin,body,spin body,100,823,2.68,body spun,4.79,11,8,237.41,335.77,373.18,393.77,1,0,83,40
spin,bottle,spin bottle,100,2128,6.03,spin the bottle,4.91,3,8,120.42,183.22,217.03,239.9,1,0,83,12
spin,car,spin car,100,2002,3.89,car spun,4.89,5,8,146.58,271.86,328.14,362.93,1,0,83,26
spin,chair,spin chair,100,824,4.69,spun his chair,4.58,5,8,202.61,287.24,317.47,333.33,1,0,83,7
spin,circle,spin circle,100,615,4.59,spinning circles,4.44,8,8,159.75,237.45,267.09,281.1,1,0,83,3
spin,class,spin class,100,1174,3.42,spin class,3.85,8,8,195.01,290.22,321.92,336.94,1,0,83,7
spin,cocoon,spin cocoon,100,2057,7.61,spin cocoons,4.83,1,8,47.375,66.408,73.458,76.994,1,0,83,1
spin,company,spin company,100,1430,2.74,company spun out,4.11,9,8,158.09,282.67,333.64,366.19,1,0,83,17
spin,cotton,spin cotton,100,1222,6.54,spun cotton,4.97,4,8,83.538,141.64,162.82,176.95,1,0,83,4
spin,degree,spin degree,100,1339,4.21,spin 360 degrees,3.0,7,8,190.09,272.24,303.72,319.56,1,0,83,5
spin,dial,spin dial,100,1145,6.48,spin the dial,4.52,4,8,64.594,91.959,103.32,110.33,1,0,83,2
spin,direction,spin direction,100,590,3.73,spin the opposite direction,2.79,9,8,226.73,322.34,356.32,374.95,1,0,83,6
spin,disc,spin disc,100,1511,6.22,spin the disc,4.85,4,8,113.17,179.85,217.03,236.57,1,0,83,1
spin,disk,spin disk,100,1207,5.98,spinning disk,4.8,4,8,108.41,156.61,175.9,189.02,1,0,83,2
spin,doctor,spin doctor,100,1151,4.73,spin doctors,4.69,4,8,126.22,200.52,233.26,251.88,1,0,83,1
spin,drive,spin drive,100,591,3.76,spinning hard drives,3.86,12,8,230.27,322.71,352.72,367.84,1,0,83,8
spin,engine,spin engine,100,833,3.96,spin the engine,4.86,4,8,161.05,244.11,278.23,299.74,1,0,83,8
spin,event,spin event,100,485,1.48,spin events,2.69,4,8,226.3,317.53,360.62,385.59,1,0,83,19
spin,fact,spin fact,100,855,2.93,spin the facts,2.72,4,8,254.34,365.67,419.85,450.64,1,0,83,9
spin,fan,spin fan,100,612,2.91,spin the fan,4.71,3,8,219.41,315.36,357.16,381.0,1,0,83,3
spin,fantasy,spin fantasy,100,513,4.93,spin fantasies,1.59,3,8,105.75,152.91,179.67,194.47,1,0,83,2
spin,fiber,spin fiber,100,1356,6.3,spun fibers,4.5,5,8,62.449,128.55,154.95,167.55,1,0,83,3
spin,game,spin game,100,744,1.45,Spins bonus game,4.5,11,8,197.97,310.04,362.54,399.13,1,0,83,35
spin,gear,spin gear,100,830,4.89,spinning gear,4.28,4,8,103.42,154.71,174.75,187.49,1,0,83,3
spin,generator,spin generator,100,481,4.76,spin a generator,4.23,4,8,87.458,129.07,150.59,162.66,1,0,83,2
spin,glass,spin glass,100,575,3.88,spun glass,4.82,7,8,149.6,219.89,246.25,262.92,1,0,83,12
spin,globe,spin globe,100,768,5.85,spin the globe,4.59,3,8,143.56,197.71,215.63,224.21,1,0,83,1
spin,gold,spin gold,100,1148,5.26,spun gold,4.81,5,8,88.382,172.23,210.45,229.06,1,0,83,3
spin,hair,spin hair,100,477,3.19,hair spun,4.97,6,8,145.81,211.36,244.64,264.55,1,0,83,12
spin,hand,spin hand,100,764,2.32,hand spun,4.72,14,8,269.2,382.64,427.86,454.46,1,0,83,33
spin,head,spin head,100,2242,4.21,head spun,4.75,33,8,299.95,421.51,474.88,503.64,1,0,83,28
spin,idea,spin idea,100,529,1.13,spin the idea,1.61,5,8,186.11,292.47,339.77,365.76,1,0,83,31
spin,lie,spin lie,100,924,5.22,lies spun,3.11,3,8,104.11,149.95,166.69,174.52,1,0,83,4
spin,line,spin line,100,1003,2.59,line spun,4.5,30,8,253.42,357.41,397.32,421.22,1,0,83,42
spin,lot,spin lot,100,669,0.74,spin a lot,3.7,7,8,144.92,243.93,294.05,322.54,1,0,83,34
spin,machine,spin machine,100,1077,3.87,spinning machine,4.25,6,8,162.99,247.75,283.25,305.85,1,0,83,14
spin,man,spin man,100,465,0.97,man spun,4.79,11,8,192.73,336.5,412.7,455.21,1,0,83,37
spin,motor,spin motor,100,1178,5.61,spin the motor,4.84,2,8,83.489,129.29,149.45,163.16,1,0,83,2
spin,music,spin music,100,1160,3.61,music spun,4.31,5,8,190.77,285.42,323.99,353.44,1,0,83,7
spin,narrative,spin narrative,100,1574,5.94,narrative spun,3.18,1,8,132.48,192.75,217.95,234.11,1,0,83,5
spin,news,spin news,100,862,3.57,spin the news,3.41,5,8,147.99,211.63,237.7,252.17,1,0,83,11
spin,number,spin number,100,908,1.42,spin the numbers,3.3,11,8,198.05,280.36,322.92,351.63,1,0,83,36
spin,plate,spin plate,100,1226,5.19,spinning plates,4.77,15,8,166.84,231.74,255.92,275.74,1,0,83,8
spin,record,spin record,100,2334,4.3,spinning records,4.15,8,8,188.53,270.23,302.1,318.6,1,0,83,14
spin,reel,spin reel,100,4551,8.42,spin the reels,4.14,6,8,60.73,85.082,94.387,99.551,1,0,83,1
spin,result,spin result,100,563,1.5,spin the results,2.85,4,8,216.6,338.17,395.56,425.61,1,0,83,10
spin,ring,spin ring,100,609,4.25,ring spun,4.81,9,8,158.39,221.34,244.87,257.2,1,0,83,6
spin,rod,spin rod,100,1210,5.91,spinning rod,4.43,6,8,88.919,136.21,158.78,172.54,1,0,83,3
spin,rotor,spin rotor,100,658,5.79,spin the rotor,3.84,3,8,34.433,61.428,76.84,87.645,1,0,83,1
spin,round,spin round,100,5758,6.88,spun round,3.9,14,8,139.8,209.38,243.16,267.85,1,0,83,8
spin,set,spin set,100,515,2.31,spin a set,3.41,13,8,195.14,287.11,323.46,341.74,1,0,83,8
spin,shaft,spin shaft,100,662,5.37,spin the shaft,4.71,12,8,106.29,155.56,176.51,188.31,1,0,83,2
spin,silk,spin silk,100,1270,6.75,spun silk,4.7,2,8,62.172,107.6,140.74,159.79,1,0,83,2
spin,song,spin song,100,512,2.28,spinning songs,4.46,6,8,201.8,327.69,394.38,431.11,1,0,83,8
spin,spinner,spin spinner,100,619,5.83,spin the spinner,3.83,3,8,45.127,67.58,77.228,81.859,1,0,83,1
spin,story,spin story,100,7147,4.96,spin the story,3.3,6,8,197.18,328.22,376.06,402.62,1,0,83,28
spin,straw,spin straw,100,647,5.64,spin straw into gold,4.77,4,8,73.015,101.96,112.54,118.24,1,0,83,1
spin,sugar,spin sugar,100,864,5.26,spun sugar,4.87,3,8,84.472,131.97,165.27,185.99,1,0,83,4
spin,tale,spin tale,100,8646,8.31,spin a tale,3.23,2,8,178.08,277.38,316.31,343.61,1,0,83,3
spin,theory,spin theory,100,865,4.04,spinning conspiracy theories,1.47,3,8,196.65,287.5,337.25,366.48,1,0,83,7
spin,thing,spin thing,100,1952,1.92,spin things,3.17,12,8,143.55,268.8,339.04,370.97,1,0,83,51
spin,thread,spin thread,100,3016,6.18,spun thread,4.83,4,8,107.65,151.12,168.96,178.79,1,0,83,9
spin,time,spin time,100,2429,1.69,spin time,3.07,10,8,273.83,408.51,469.17,512.74,1,0,83,50
spin,tire,spin tire,100,3163,7.31,spin the tires,5.0,1,8,59.559,101.77,118.78,127.9,1,0,83,4
spin,top,spin top,100,1258,5.35,spinning tops,3.93,11,8,196.8,334.23,419.4,464.91,1,0,83,10
spin,track,spin track,100,786,3.49,spinning tracks,4.31,11,8,242.07,333.47,365.78,385.96,1,0,83,5
spin,truth,spin truth,100,630,3.2,spin the truth,1.96,5,8,153.56,224.44,249.84,264.71,1,0,83,8
spin,tube,spin tube,100,490,4.27,spin the tube,4.82,5,8,114.82,187.52,223.22,243.88,1,0,83,4
spin,tune,spin tune,100,2390,6.82,spinning tunes,3.5,3,8,117.84,185.78,227.13,253.49,1,0,83,1
spin,turbine,spin turbine,100,1205,6.47,spin a turbine,4.59,1,8,57.186,92.464,108.6,117.95,1,0,83,1
spin,vinyl,spin vinyl,100,615,5.7,spinning vinyl,4.54,2,8,82.182,117.26,132.21,139.25,1,0,83,1
spin,way,spin way,100,3480,2.6,spin your way,2.34,12,8,244.04,355.4,397.34,421.07,1,0,83,38
spin,web,spin web,100,7119,8.3,spin webs,4.37,7,8,113.54,161.86,183.69,197.47,1,0,83,4
spin,wheel,spin wheel,100,25443,9.5,spin the wheel,4.86,7,8,146.0,205.63,231.03,249.6,1,0,83,8
spin,wool,spin wool,100,2300,7.55,spin wool,4.86,3,8,69.805,106.95,131.54,147.43,1,0,83,2
spin,word,spin word,100,677,1.95,spin words,3.56,10,8,247.83,371.55,418.36,446.17,1,0,83,25
spin,world,spin world,100,1220,3.04,world spun,4.36,8,8,202.2,309.66,360.98,390.98,1,0,83,28
spin,yarn,spin yarn,100,10358,9.55,spun yarn,4.93,2,8,68.587,101.1,112.5,118.39,1,0,83,3
spread,area,spread area,100,2026,2.96,areas spread,3.72,6,10,263.68,404.24,463.02,501.91,1,0,92,24
spread,arm,spread arm,100,7525,6.28,spread his arms,4.96,6,10,180.22,255.25,290.97,315.14,1,0,92,21
spread,ash,spread ash,100,2439,5.58,ashes spread,4.96,3,10,88.23,125.1,137.51,143.61,1,0,92,3
spread,awareness,spread awareness,100,30237,8.5,to spread awareness,1.84,2,10,115.24,166.5,187.02,198.45,1,0,92,3
spread,ball,spread ball,100,3178,4.9,spread the ball around,5.0,12,10,152.85,224.94,253.8,268.96,1,0,92,26
spread,benefit,spread benefit,100,2472,4.11,spread the benefits of,2.25,3,10,190.8,268.37,292.93,305.07,1,0,92,6
spread,bit,spread bit,100,2070,2.98,spread a bit,3.27,11,10,192.43,300.42,350.38,380.06,1,0,92,29
spread,blanket,spread blanket,100,2681,5.67,spread a blanket,5.0,3,10,67.187,106.91,127.65,141.13,1,0,92,3
spread,branch,spread branch,100,4404,6.04,spreading branches,4.9,6,10,219.89,313.19,345.27,359.23,1,0,92,7
spread,butter,spread butter,100,3074,5.83,spread butter,4.9,2,10,82.231,121.23,150.89,172.76,1,0,92,5
spread,center,spread center,100,2917,5.07,spreading center,3.85,18,10,222.58,319.74,360.42,387.56,1,0,92,5
spread,cheek,spread cheek,100,2508,5.59,spread his cheeks,4.83,4,10,53.207,101.08,127.04,146.92,1,0,92,1
spread,cheer,spread cheer,100,7458,7.24,spread holiday cheer,2.77,2,10,50.088,91.582,110.73,121.47,1,0,92,1
spread,content,spread content,100,2340,4.04,spread content,2.59,7,10,164.92,250.07,280.91,297.3,1,0,92,17
spread,cost,spread cost,100,9273,5.64,spread the cost,2.5,3,10,160.14,263.17,306.3,332.11,1,0,92,14
spread,culture,spread culture,100,4450,5.64,spread the culture,2.04,7,10,186.1,286.95,330.06,354.28,1,0,92,8
spread,democracy,spread democracy,100,4233,6.16,to spread democracy,1.78,3,10,111.83,167.95,195.06,211.61,1,0,92,2
spread,disease,spread disease,100,30474,8.37,spread the disease,3.45,1,10,102.9,195.33,244.79,273.82,1,0,92,7
spread,disinformation,spread disinformation,100,5297,6.79,spreading disinformation,1.87,1,10,22.414,31.428,35.284,37.984,1,0,92,1
spread,energy,spread energy,100,2294,4.28,energy spread,3.11,7,10,147.56,207.6,231.64,246.44,1,0,92,11
spread,faith,spread faith,100,3260,5.41,spread the faith,1.63,4,10,140.78,206.99,234.99,249.85,1,0,92,5
spread,falsehood,spread falsehood,100,2410,5.64,spreading falsehoods,2.0,2,10,37.971,52.98,59.062,63.064,1,0,92,2
spread,fear,spread fear,100,6845,6.46,spread fear,2.57,3,10,208.48,300.15,342.67,365.02,1,0,92,14
spread,finger,spread finger,100,3020,5.25,fingers spread,5.0,3,10,107.49,155.49,183.73,208.51,1,0,92,12
spread,fire,spread fire,100,5306,5.85,fire spread,4.68,9,10,142.33,217.4,250.15,268.89,1,0,92,13
spread,floor,spread floor,100,2335,5.02,spread the floor,4.8,10,10,175.64,276.15,320.45,350.82,1,0,92,8
spread,foot,spread foot,100,2817,4.69,spreading foot,4.9,11,10,236.46,337.5,383.01,409.62,1,0,92,23
spread,germ,spread germ,100,3763,6.27,spreading germs,3.89,3,10,49.211,70.889,81.133,87.037,1,0,92,3
spread,gospel,spread gospel,100,16344,8.16,spread the gospel,3.82,5,10,80.377,122.21,144.02,157.75,1,0,92,2
spread,gossip,spread gossip,100,2096,5.44,spreading gossip,3.0,3,10,58.141,87.351,98.413,105.0,1,0,92,1
spread,habit,spread habit,100,2088,4.93,spreading habit,2.76,6,10,124.43,184.5,207.67,221.79,1,0,92,3
spread,hand,spread hand,100,5272,4.79,spread his hands,4.72,14,10,269.2,382.64,427.86,454.46,1,0,92,33
spread,happiness,spread happiness,100,2640,5.57,spread happiness,2.6,2,10,80.056,118.34,134.28,145.04,1,0,92,1
spread,hate,spread hate,100,3309,6.05,spreading hate,1.97,1,10,60.282,84.845,95.871,102.6,1,0,92,4
spread,hatred,spread hatred,100,3381,6.03,spreading hatred,2.0,1,10,90.517,140.19,161.91,173.21,1,0,92,6
spread,idea,spread idea,100,12325,5.47,spread the idea,1.61,5,10,186.11,292.47,339.77,365.76,1,0,92,31
spread,ideology,spread ideology,100,2292,5.44,spread their ideology,1.62,2,10,120.16,176.55,202.21,219.76,1,0,92,1
spread,illness,spread illness,100,2144,5.16,spreading illness,3.54,1,10,130.54,184.72,212.24,232.71,1,0,92,3
spread,infection,spread infection,100,9775,7.18,spread the infection,4.1,7,10,88.597,155.87,186.17,207.4,1,0,92,4
spread,influence,spread influence,100,5020,5.89,spread its influence,2.11,5,10,254.89,358.67,393.36,410.47,1,0,92,1
spread,information,spread information,100,18818,5.56,spread information,2.87,5,10,188.65,292.02,342.92,373.06,1,0,92,17
spread,joy,spread joy,100,8025,6.98,spread joy,2.37,2,10,107.12,161.36,189.58,205.58,1,0,92,5
spread,knowledge,spread knowledge,100,12063,6.48,spread knowledge,1.73,1,10,149.95,251.68,288.24,306.7,1,0,92,4
spread,layer,spread layer,100,5352,6.08,spread a thin layer,3.52,5,10,209.54,295.05,324.1,342.07,1,0,92,8
spread,leg,spread leg,100,24283,8.25,spread her legs,4.83,9,10,134.48,212.33,256.38,294.07,1,0,92,17
spread,lie,spread lie,100,13413,7.76,spreading lies,3.11,3,10,104.11,149.95,166.69,174.52,1,0,92,4
spread,light,spread light,100,5640,5.37,spread the light,4.21,15,10,215.58,298.48,332.34,352.33,1,0,92,13
spread,load,spread load,100,5172,6.08,to spread the load,3.63,9,10,139.13,209.14,235.35,251.18,1,0,92,10
spread,love,spread love,100,16170,7.29,spread the love,2.07,6,10,236.75,336.16,379.05,401.89,1,0,92,7
spread,malware,spread malware,100,2871,5.84,to spread malware,3.5,0,10,23.951,46.404,55.239,59.501,1,0,92,1
spread,manure,spread manure,100,2249,5.53,spreading manure,4.64,1,10,41.406,65.825,78.083,85.887,1,0,92,1
spread,material,spread material,100,2499,3.85,material spread,4.26,5,10,225.35,316.51,351.27,369.43,1,0,92,25
spread,message,spread message,100,47620,8.23,spread the message,3.97,2,10,175.56,250.41,284.71,304.77,1,0,92,13
spread,misinformation,spread misinformation,100,11205,7.83,spreading misinformation,2.23,1,10,33.008,49.893,56.379,59.901,1,0,92,2
spread,mixture,spread mixture,100,3919,5.97,Spread the mixture,3.79,5,10,173.87,303.73,353.4,380.67,1,0,92,7
spread,money,spread money,100,2986,3.56,spread the money,4.54,3,10,103.44,164.62,189.47,205.68,1,0,92,15
spread,movement,spread movement,100,2295,4.44,movement spread,3.63,11,10,228.82,319.09,350.45,367.29,1,0,92,13
spread,name,spread name,100,2443,3.14,spread the name,3.5,6,10,276.55,417.22,464.64,487.44,1,0,92,16
spread,net,spread net,100,2290,5.34,spread the net,4.53,6,10,151.79,213.84,237.31,249.16,1,0,92,4
spread,news,spread news,100,24571,7.81,spread the news,3.41,5,10,147.99,211.63,237.7,252.17,1,0,92,11
spread,people,spread people,100,4195,2.78,people spread,4.82,4,10,190.25,264.24,315.17,343.14,1,0,92,39
spread,plague,spread plague,100,2034,5.37,spread the plague,3.41,5,10,38.324,63.274,74.412,80.291,1,0,92,2
spread,plant,spread plant,100,2490,4.57,plants spread,4.76,4,10,229.53,338.39,377.64,397.49,1,0,92,10
spread,point,spread point,100,9134,4.96,to cover the point spread in,3.39,26,10,249.95,349.67,391.1,417.02,1,0,92,21
spread,population,spread population,100,2129,4.44,population is spread,3.64,5,10,175.83,273.2,309.5,327.0,1,0,92,3
spread,practice,spread practice,100,3053,4.5,spread best practice,2.52,5,10,192.38,277.96,309.49,329.29,1,0,92,4
spread,project,spread project,100,2018,3.19,project is spread,3.62,2,10,170.17,284.97,344.87,374.52,1,0,92,19
spread,propaganda,spread propaganda,100,8653,7.39,spreading propaganda,2.48,1,10,95.835,134.51,148.78,156.35,1,0,92,3
spread,religion,spread religion,100,2585,5.26,spread their religion,1.71,2,10,138.07,223.93,264.14,287.99,1,0,92,2
spread,report,spread report,100,2022,3.59,reports spread,3.92,7,10,188.96,282.58,331.76,357.68,1,0,92,4
spread,risk,spread risk,100,6819,5.31,spread the risk,1.63,4,10,160.87,238.64,275.56,297.22,1,0,92,11
spread,root,spread root,100,2329,5.07,spreading roots,4.34,8,10,183.82,254.44,278.26,289.43,1,0,92,4
spread,rumor,spread rumor,100,18766,8.42,spreading rumors,2.15,1,10,60.471,137.86,168.94,183.37,1,0,92,4
spread,seed,spread seed,100,7216,6.66,spread the seeds,4.71,5,10,144.65,206.61,233.49,248.01,1,0,92,10
spread,spirit,spread spirit,100,2111,4.7,spread the spirit,1.6,8,10,185.02,272.1,307.13,325.29,1,0,92,10
spread,story,spread story,100,6365,4.58,spread the story,3.3,6,10,197.18,328.22,376.06,402.62,1,0,92,28
spread,table,spread table,100,2216,4.47,tables spread,4.9,6,10,177.55,263.95,299.17,317.47,1,0,92,6
spread,teaching,spread teaching,100,3474,5.75,spread the teachings,2.82,3,10,139.63,211.21,242.0,259.85,1,0,92,1
spread,tentacle,spread tentacle,100,2059,5.42,spread its tentacles,4.46,2,10,42.557,64.19,76.174,85.339,1,0,92,1
spread,terror,spread terror,100,3270,6.0,to spread terror,2.43,4,10,89.753,127.38,141.12,150.15,1,0,92,5
spread,theory,spread theory,100,2529,4.82,spreading conspiracy theories,1.47,3,10,196.65,287.5,337.25,366.48,1,0,92,7
spread,thing,spread thing,100,2360,2.08,spread things,3.17,12,10,143.55,268.8,339.04,370.97,1,0,92,51
spread,time,spread time,100,2057,1.37,time spread,3.07,10,10,273.83,408.51,469.17,512.74,1,0,92,50
spread,tree,spread tree,100,2913,4.89,spreading tree,5.0,3,10,191.1,292.07,341.58,367.12,1,0,92,9
spread,truth,spread truth,100,4863,5.52,spread the truth,1.96,5,10,153.56,224.44,249.84,264.71,1,0,92,8
spread,value,spread value,100,2275,3.28,spread the values,1.62,6,10,204.29,287.34,318.64,334.81,1,0,92,21
spread,virus,spread virus,100,27857,8.74,spreading the virus,3.48,3,10,98.597,163.57,194.16,213.12,1,0,92,9
spread,way,spread way,100,2131,1.81,spread this way,2.34,12,10,244.04,355.4,397.34,421.07,1,0,92,38
spread,wealth,spread wealth,100,6613,6.63,spread the wealth,2.63,4,10,116.03,167.93,186.4,196.46,1,0,92,3
spread,wing,spread wing,100,26168,8.68,spread their wings,4.86,11,10,178.97,258.26,286.62,300.31,1,0,92,5
spread,word,spread word,100,144716,9.41,to spread the word,3.56,10,10,247.83,371.55,418.36,446.17,1,0,92,25
spread,work,spread work,100,3579,3.26,spread the work,3.48,7,10,272.87,386.54,424.55,447.82,1,0,92,22
steer,angle,steer angle,100,2305,6.48,steering angle,3.5,3,3,157.25,222.59,253.98,271.87,1,0,72,3
steer,arm,steer arm,100,1505,4.61,steering arm,4.96,6,3,180.22,255.25,290.97,315.14,1,0,72,21
steer,ball,steer ball,100,950,3.74,to steer the ball,5.0,12,3,152.85,224.94,253.8,268.96,1,0,72,26
steer,beam,steer beam,100,844,5.4,steer the beam,3.96,7,3,131.03,183.49,204.87,216.82,1,0,72,3
steer,bearing,steer bearing,100,983,5.56,steering head bearings,2.82,6,3,92.87,134.97,150.53,159.93,1,0,72,2
steer,bike,steer bike,100,593,4.03,steer the bike,5.0,2,3,86.545,158.33,190.95,210.64,1,0,72,5
steer,boat,steer boat,100,4211,6.66,steer the boat,4.93,2,3,139.06,231.66,280.03,308.1,1,0,72,11
steer,business,steer business,100,1624,3.17,steer the business,3.28,9,3,153.74,238.14,275.17,295.29,1,0,72,18
steer,button,steer button,100,807,3.72,steering wheel buttons,4.96,7,3,102.78,169.21,197.28,212.68,1,0,72,5
steer,car,steer car,100,3446,4.66,steer the car,4.89,5,3,146.58,271.86,328.14,362.93,1,0,72,26
steer,career,steer career,100,585,2.95,steer your career,2.54,2,3,185.6,286.27,327.76,349.0,1,0,72,10
steer,change,steer change,100,521,1.26,steer change,2.89,10,3,169.83,260.43,300.98,324.77,1,0,72,14
steer,child,steer child,100,677,1.51,steer children,4.78,4,3,201.04,295.22,346.37,384.22,1,0,72,21
steer,client,steer client,100,996,3.84,steer clients,3.9,3,3,115.13,202.44,243.7,267.64,1,0,72,4
steer,club,steer club,100,706,3.92,steered the club,3.78,7,3,243.73,343.32,386.17,409.6,1,0,72,5
steer,committee,steer committee,100,15181,8.82,the steering committee,4.14,2,3,116.37,212.4,251.44,277.13,1,0,72,2
steer,company,steer company,100,2024,3.23,steer the company,4.11,9,3,158.09,282.67,333.64,366.19,1,0,72,17
steer,contract,steer contract,100,765,3.55,steer contracts,4.15,3,3,157.64,239.45,272.05,289.2,1,0,72,6
steer,control,steer control,100,5846,5.77,steering wheel controls,1.93,11,3,211.66,303.2,339.57,358.07,1,0,72,2
steer,conversation,steer conversation,100,4677,6.46,to steer the conversation,3.28,1,3,166.81,255.38,299.17,324.56,1,0,72,11
steer,country,steer country,100,2113,4.07,to steer the country,4.17,5,3,173.56,276.1,341.96,389.05,1,0,72,12
steer,course,steer course,100,7488,6.0,steer a course,3.82,9,3,233.75,333.69,371.1,395.72,1,0,72,6
steer,cover,steer cover,100,896,4.6,steering wheel cover,4.23,10,3,189.2,268.0,296.18,310.78,1,0,72,4
steer,customer,steer customer,100,951,3.41,steer customers,3.82,1,3,113.93,195.73,240.52,265.35,1,0,72,6
steer,debate,steer debate,100,575,4.0,steer the debate,3.18,2,3,184.93,291.91,338.79,365.58,1,0,72,9
steer,decision,steer decision,100,575,1.88,steer decisions,2.19,5,3,178.12,260.71,300.65,322.66,1,0,72,8
steer,development,steer development,100,1580,3.97,steer the development,2.41,9,3,188.62,267.55,302.33,321.56,1,0,72,9
steer,direction,steer direction,100,1474,4.99,steer the direction of,2.79,9,3,226.73,322.34,356.32,374.95,1,0,72,6
steer,discussion,steer discussion,100,1383,4.3,steer the discussion,3.07,2,3,180.21,295.44,351.36,377.72,1,0,72,11
steer,economy,steer economy,100,1276,4.55,steer the economy,2.57,4,3,165.36,238.62,265.62,283.32,1,0,72,14
steer,effort,steer effort,100,1175,3.24,steering effort,2.33,4,3,200.2,307.62,348.88,374.91,1,0,72,16
steer,future,steer future,100,723,3.89,steer the future,1.86,3,3,212.83,298.97,328.74,343.84,1,0,72,5
steer,group,steer group,100,4361,4.63,the steering group,4.12,3,3,225.61,346.48,394.01,420.34,1,0,72,12
steer,growth,steer growth,100,545,2.74,steer growth,2.89,7,3,144.79,208.57,237.72,256.21,1,0,72,11
steer,home,steer home,100,680,1.5,steered home,4.11,9,3,239.73,352.55,396.94,419.06,1,0,72,14
steer,input,steer input,100,1192,4.89,steering input,2.5,4,3,142.79,209.43,233.99,246.37,1,0,72,2
steer,knuckle,steer knuckle,100,1105,6.41,steering knuckle,4.93,1,3,35.728,49.932,58.778,65.395,1,0,72,2
steer,life,steer life,100,810,1.58,steer your life,2.69,14,3,228.25,333.37,374.48,396.14,1,0,72,27
steer,line,steer line,100,675,2.0,steering lines,4.5,30,3,253.42,357.41,397.32,421.22,1,0,72,42
steer,linkage,steer linkage,100,780,5.72,the steering linkage,2.75,4,3,85.052,122.71,146.71,166.84,1,0,72,1
steer,lock,steer lock,100,1779,6.33,steering lock,4.65,6,3,123.39,173.09,188.93,197.25,1,0,72,6
steer,meeting,steer meeting,100,3287,5.27,Steering Committee meetings,3.31,6,3,187.96,302.34,360.58,392.52,1,0,72,5
steer,member,steer member,100,6858,4.91,Steering Committee members,3.07,5,3,208.76,325.3,372.4,397.51,1,0,72,10
steer,money,steer money,100,742,1.77,steer money,4.54,3,3,103.44,164.62,189.47,205.68,1,0,72,15
steer,movement,steer movement,100,635,3.18,steering movements,3.63,11,3,228.82,319.09,350.45,367.29,1,0,72,13
steer,nation,steer nation,100,672,3.85,steer the nation,3.62,4,3,184.3,283.92,326.37,356.89,1,0,72,5
steer,organization,steer organization,100,823,3.37,steer the organization,3.0,7,3,141.2,230.32,278.27,307.1,1,0,72,2
steer,paddle,steer paddle,100,763,5.81,steering wheel paddles,4.8,4,3,41.371,64.144,72.606,77.921,1,0,72,1
steer,part,steer part,100,651,0.5,steering parts,3.29,12,3,237.04,382.12,430.05,454.33,1,0,72,30
steer,party,steer party,100,611,2.72,steer the party,3.89,5,3,161.4,244.31,287.75,312.33,1,0,72,10
steer,path,steer path,100,1086,3.97,steer a path,4.41,4,3,182.08,275.19,315.19,334.94,1,0,72,7
steer,patient,steer patient,100,688,2.97,steer patients,2.5,2,3,172.08,268.96,310.03,331.75,1,0,72,3
steer,people,steer people,100,3155,2.45,to steer people,4.82,4,3,190.25,264.24,315.17,343.14,1,0,72,39
steer,plane,steer plane,100,573,4.27,steer the plane,4.92,5,3,122.19,203.02,246.61,272.63,1,0,72,5
steer,policy,steer policy,100,1040,3.21,steer policy,2.76,3,3,171.66,250.29,295.41,320.55,1,0,72,12
steer,position,steer position,100,586,2.15,steering wheel position,2.62,16,3,229.38,325.34,362.4,380.34,1,0,72,11
steer,process,steer process,100,1187,2.5,steer the process,2.93,6,3,219.57,309.68,362.4,391.04,1,0,72,24
steer,project,steer project,100,1351,2.86,steer the project,3.62,2,3,170.17,284.97,344.87,374.52,1,0,72,19
steer,reader,steer reader,100,683,3.55,steer readers,3.89,8,3,110.89,196.48,224.07,243.45,1,0,72,3
steer,response,steer response,100,1219,3.88,steering response,3.0,7,3,213.08,334.53,377.77,399.72,1,0,72,6
steer,ship,steer ship,100,8450,7.34,steer the ship,4.87,1,3,128.34,250.17,304.84,346.07,1,0,72,15
steer,side,steer side,100,710,3.1,steer his side,3.68,12,3,242.69,366.37,436.59,477.44,1,0,72,25
steer,student,steer student,100,1104,2.28,steer students,4.92,2,3,154.13,250.84,295.3,323.45,1,0,72,8
steer,system,steer system,100,4219,3.67,steering system,2.94,9,3,223.61,330.78,374.49,401.55,1,0,72,36
steer,team,steer team,100,1580,3.07,steer the team,3.79,2,3,204.37,328.15,369.37,388.62,1,0,72,22
steer,thing,steer thing,100,992,0.94,to steer things,3.17,12,3,143.55,268.8,339.04,370.97,1,0,72,51
steer,user,steer user,100,661,2.6,steer users,3.16,3,3,131.7,217.8,259.62,282.68,1,0,72,4
steer,vehicle,steer vehicle,100,1873,4.63,steer the vehicle,4.64,4,3,135.77,243.43,288.48,318.05,1,0,72,14
steer,vessel,steer vessel,100,898,4.89,steer the vessel,4.66,3,3,137.92,221.75,267.43,299.54,1,0,72,4
steer,way,steer way,100,1851,1.69,steer their way,2.34,12,3,244.04,355.4,397.34,421.07,1,0,72,38
steer,wheel,steer wheel,100,50462,10.41,the steering wheel,4.86,7,3,146.0,205.63,231.03,249.6,1,0,72,8
steer,work,steer work,100,896,1.4,steer the work,3.48,7,3,272.87,386.54,424.55,447.82,1,0,72,22
stifle,ability,stifle ability,100,801,3.05,stifle the ability,1.81,2,4,193.93,281.52,320.44,346.08,1,0,97,8
stifle,action,stifle action,100,207,0.63,stifle action,2.86,10,4,202.3,294.93,326.83,343.62,1,0,97,13
stifle,activity,stifle activity,100,440,1.79,stifle economic activity,2.72,6,4,227.17,320.91,359.98,381.47,1,0,97,10
stifle,ambition,stifle ambition,100,228,4.38,stifle ambition,1.74,2,4,97.608,157.21,182.97,196.79,1,0,97,4
stifle,attack,stifle attack,100,294,2.27,attack was stifled,3.71,9,4,172.82,287.0,339.01,372.67,1,0,97,14
stifle,attempt,stifle attempt,100,407,3.24,stifle attempts,2.22,2,4,201.8,327.95,379.58,407.42,1,0,97,3
stifle,business,stifle business,100,544,1.65,stifle business,3.28,9,4,153.74,238.14,275.17,295.29,1,0,97,18
stifle,chuckle,stifle chuckle,100,816,7.42,stifled a chuckle,3.82,1,4,17.816,30.499,37.3,41.745,1,0,97,1
stifle,communication,stifle communication,100,183,2.39,stifle communication,2.9,3,4,169.96,237.11,265.09,280.91,1,0,97,1
stifle,competition,stifle competition,100,3332,6.38,to stifle competition,3.86,4,4,146.29,235.72,281.35,307.68,1,0,97,7
stifle,conversation,stifle conversation,100,349,2.97,stifle conversation,3.28,1,4,166.81,255.38,299.17,324.56,1,0,97,11
stifle,cough,stifle cough,100,267,5.67,stifled a cough,4.36,1,4,38.639,59.841,70.3,78.659,1,0,97,1
stifle,creation,stifle creation,100,379,3.79,stifle job creation,2.15,6,4,174.49,254.87,290.69,313.63,1,0,97,3
stifle,creativity,stifle creativity,100,4086,8.37,stifle creativity,1.8,1,4,90.711,131.02,148.56,159.5,1,0,97,7
stifle,criticism,stifle criticism,100,1242,6.02,to stifle criticism,2.07,3,4,167.94,235.76,272.3,294.25,1,0,97,6
stifle,cry,stifle cry,100,1187,6.67,stifled cry,4.0,5,4,103.14,151.41,173.6,186.3,1,0,97,1
stifle,curiosity,stifle curiosity,100,201,4.56,stifle curiosity,1.61,2,4,82.605,114.81,126.57,133.77,1,0,97,5
stifle,debate,stifle debate,100,3043,6.79,stifle debate,3.18,2,4,184.93,291.91,338.79,365.58,1,0,97,9
stifle,defense,stifle defense,100,716,5.0,stifling defense,2.45,12,4,121.41,203.86,233.72,247.62,1,0,97,2
stifle,demand,stifle demand,100,357,2.55,stifle demand,2.2,5,4,175.66,257.9,291.88,309.12,1,0,97,13
stifle,democracy,stifle democracy,100,323,4.41,stifle democracy,1.78,3,4,111.83,167.95,195.06,211.61,1,0,97,2
stifle,desire,stifle desire,100,364,3.62,stifle the desire,1.7,3,4,165.31,243.51,281.9,306.53,1,0,97,8
stifle,development,stifle development,100,1819,4.3,stifle the development,2.41,9,4,188.62,267.55,302.33,321.56,1,0,97,9
stifle,discourse,stifle discourse,100,222,4.74,stifle discourse,2.87,3,4,123.34,174.3,195.17,206.54,1,0,97,1
stifle,discussion,stifle discussion,100,1250,4.34,stifle discussion,3.07,2,4,180.21,295.44,351.36,377.72,1,0,97,11
stifle,dissent,stifle dissent,100,2974,9.06,to stifle dissent,2.17,3,4,65.304,91.841,101.36,107.56,1,0,97,2
stifle,diversity,stifle diversity,100,186,3.12,stifle diversity,2.28,2,4,119.57,163.81,178.98,187.67,1,0,97,2
stifle,economy,stifle economy,100,709,3.95,stifle the economy,2.57,4,4,165.36,238.62,265.62,283.32,1,0,97,14
stifle,effort,stifle effort,100,594,2.36,stifle efforts,2.33,4,4,200.2,307.62,348.88,374.91,1,0,97,16
stifle,emotion,stifle emotion,100,330,3.82,stifled emotions,2.44,1,4,133.04,187.76,208.77,222.4,1,0,97,6
stifle,energy,stifle energy,100,177,1.25,stifle energy,3.11,7,4,147.56,207.6,231.64,246.44,1,0,97,11
stifle,enterprise,stifle enterprise,100,185,3.64,stifle free enterprise,2.04,3,4,130.61,181.45,201.47,213.62,1,0,97,1
stifle,entrepreneurship,stifle entrepreneurship,100,174,5.15,stifle entrepreneurship,2.0,0,4,49.549,72.771,82.922,89.061,1,0,97,1
stifle,expression,stifle expression,100,867,4.47,stifle free expression,2.54,9,4,181.79,256.58,287.09,301.97,1,0,97,3
stifle,feeling,stifle feeling,100,538,3.02,feeling stifled,1.68,6,4,176.83,271.16,309.46,329.6,1,0,97,10
stifle,flow,stifle flow,100,398,3.37,stifle the flow of,3.72,7,4,138.19,204.28,229.22,242.68,1,0,97,2
stifle,freedom,stifle freedom,100,1995,5.87,stifle freedom,2.34,2,4,106.59,157.48,184.07,201.07,1,0,97,2
stifle,gasp,stifle gasp,100,675,7.19,stifled a gasp,4.15,1,4,18.104,26.896,31.636,34.995,1,0,97,1
stifle,giggle,stifle giggle,100,2005,8.85,stifled a giggle,3.72,1,4,31.809,46.817,53.377,58.472,1,0,97,1
stifle,grin,stifle grin,100,399,6.08,stifled a grin,4.17,1,4,56.266,81.43,93.566,101.01,1,0,97,2
stifle,groan,stifle groan,100,1024,7.88,stifled a groan,4.09,1,4,16.775,24.735,29.595,33.657,1,0,97,1
stifle,growth,stifle growth,100,3666,5.65,stifle growth,2.89,7,4,144.79,208.57,237.72,256.21,1,0,97,11
stifle,heat,stifle heat,100,954,5.02,stifling heat,3.79,7,4,140.74,200.68,224.65,238.65,1,0,97,3
stifle,humidity,stifle humidity,100,185,5.17,and stifling humidity,3.0,1,4,53.999,87.185,101.88,110.2,1,0,97,1
stifle,idea,stifle idea,100,353,0.59,stifle new ideas,1.61,5,4,186.11,292.47,339.77,365.76,1,0,97,31
stifle,imagination,stifle imagination,100,278,4.41,stifle imagination,1.69,3,4,94.676,139.25,161.68,174.76,1,0,97,11
stifle,impulse,stifle impulse,100,337,5.54,stifled the impulse,2.52,6,4,80.325,121.91,139.97,148.24,1,0,97,1
stifle,industry,stifle industry,100,338,2.62,stifle the industry,3.29,3,4,138.47,248.2,308.72,337.96,1,0,97,9
stifle,initiative,stifle initiative,100,549,3.83,stifle initiative,2.03,2,4,160.3,243.1,285.97,307.28,1,0,97,3
stifle,innovation,stifle innovation,100,7157,8.26,stifle innovation,1.97,3,4,116.4,177.04,198.31,209.83,1,0,97,8
stifle,inquiry,stifle inquiry,100,186,3.77,stifle inquiry,2.7,3,4,110.56,166.85,188.85,200.4,1,0,97,2
stifle,investigation,stifle investigation,100,218,2.66,stifle the investigation,2.52,2,4,158.8,242.01,274.61,294.4,1,0,97,6
stifle,investment,stifle investment,100,609,3.66,stifle investment,3.59,6,4,124.05,176.45,202.01,218.67,1,0,97,4
stifle,laugh,stifle laugh,100,2748,7.93,stifled a laugh,4.21,3,4,101.77,144.31,161.45,171.26,1,0,97,1
stifle,laughter,stifle laughter,100,1877,8.22,stifled laughter,4.22,2,4,72.284,106.61,124.52,135.72,1,0,97,1
stifle,life,stifle life,100,447,0.77,stifled life,2.69,14,4,228.25,333.37,374.48,396.14,1,0,97,27
stifle,market,stifle market,100,294,1.7,stifling the market,4.7,5,4,166.28,245.6,289.22,311.24,1,0,97,22
stifle,medium,stifle medium,100,198,2.07,stifle the media,3.0,11,4,160.81,221.24,239.23,248.23,1,0,97,2
stifle,moan,stifle moan,100,928,7.64,stifled a moan,3.72,1,4,11.064,15.358,16.945,17.864,1,0,97,2
stifle,movement,stifle movement,100,413,2.74,stifle the movement,3.63,11,4,228.82,319.09,350.45,367.29,1,0,97,13
stifle,noise,stifle noise,100,183,2.72,stifle the noise,3.52,6,4,136.93,203.56,228.63,240.84,1,0,97,3
stifle,offense,stifle offense,100,439,4.74,offense was stifled,2.03,5,4,130.47,182.26,204.1,217.49,1,0,97,3
stifle,opinion,stifle opinion,100,305,2.39,stifle opinions,1.93,6,4,152.86,241.2,273.22,291.02,1,0,97,10
stifle,opponent,stifle opponent,100,217,3.39,stifle opponents,3.52,2,4,176.66,283.87,330.83,357.57,1,0,97,12
stifle,opportunity,stifle opportunity,100,501,1.26,stifle opportunities,1.88,1,4,136.89,208.1,236.58,250.98,1,0,97,10
stifle,opposition,stifle opposition,100,858,5.62,stifle opposition,2.25,8,4,172.7,256.4,285.97,300.19,1,0,97,7
stifle,potential,stifle potential,100,362,2.61,stifle the potential,1.91,2,4,154.16,221.87,249.35,265.29,1,0,97,6
stifle,press,stifle press,100,177,3.64,stifle the press,3.9,9,4,115.18,174.22,201.1,220.08,1,0,97,1
stifle,process,stifle process,100,347,0.78,stifle the creative process,2.93,6,4,219.57,309.68,362.4,391.04,1,0,97,24
stifle,production,stifle production,100,268,2.28,stifle the production,2.59,8,4,218.18,311.48,352.51,373.46,1,0,97,7
stifle,productivity,stifle productivity,100,238,3.86,stifle productivity,2.31,2,4,55.135,95.609,112.31,123.02,1,0,97,1
stifle,progress,stifle progress,100,984,4.4,stifle progress,2.12,3,4,130.43,182.89,201.18,210.23,1,0,97,1
stifle,protest,stifle protest,100,533,4.88,stifle protest,3.21,3,4,168.96,247.19,285.51,310.23,1,0,97,6
stifle,recovery,stifle recovery,100,237,3.71,stifle the recovery,2.68,3,4,117.15,164.51,182.09,191.32,1,0,97,3
stifle,regulation,stifle regulation,100,306,3.21,stifling regulations,2.0,6,4,119.59,192.21,243.35,275.98,1,0,97,6
stifle,research,stifle research,100,502,2.27,stifle research,3.03,2,4,170.07,249.43,282.88,299.95,1,0,97,9
stifle,right,stifle right,100,449,1.27,stifle the rights,3.47,8,4,191.92,277.76,311.67,326.78,1,0,97,7
stifle,scream,stifle scream,100,928,7.2,stifled a scream,4.32,3,4,57.349,94.592,115.73,127.5,1,0,97,1
stifle,sense,stifle sense,100,181,0.38,stifling sense,2.61,5,4,206.76,300.07,335.13,356.84,1,0,97,11
stifle,sigh,stifle sigh,100,543,6.34,stifled a sigh,3.89,2,4,39.622,58.218,68.002,75.274,1,0,97,1
stifle,smile,stifle smile,100,486,4.63,stifled a smile,4.5,1,4,103.53,159.95,184.24,198.92,1,0,97,2
stifle,snicker,stifle snicker,100,238,5.99,stifled a snicker,3.89,1,4,8.2839,15.414,18.473,20.222,1,0,97,1
stifle,snort,stifle snort,100,204,5.74,stifled a snort,4.18,2,4,15.263,22.392,25.447,27.135,1,0,97,1
stifle,sob,stifle sob,100,1049,7.94,stifled a sob,3.79,3,4,19.046,29.492,35.58,39.366,1,0,97,1
stifle,sound,stifle sound,100,422,2.77,stifle the sound,3.7,8,4,201.18,297.75,348.31,382.29,1,0,97,10
stifle,speech,stifle speech,100,2570,6.38,to stifle free speech,3.37,8,4,178.11,270.32,303.26,321.76,1,0,97,3
stifle,spirit,stifle spirit,100,448,3.59,stifle the spirit,1.6,8,4,185.02,272.1,307.13,325.29,1,0,97,10
stifle,talent,stifle talent,100,179,2.42,stifles talent,2.19,2,4,149.46,215.84,243.88,261.1,1,0,97,6
stifle,tear,stifle tear,100,323,4.41,stifled tears,4.56,4,4,76.006,120.53,139.78,151.99,1,0,97,5
stifle,thinking,stifle thinking,100,269,3.74,stifle creative thinking,1.96,1,4,117.26,171.43,192.02,206.43,1,0,97,5
stifle,thought,stifle thought,100,482,3.02,stifle thought,1.97,4,4,172.64,253.02,286.84,305.45,1,0,97,17
stifle,trade,stifle trade,100,253,3.21,stifle trade,3.08,7,4,117.96,176.2,199.72,213.55,1,0,97,3
stifle,truth,stifle truth,100,214,1.78,to stifle the truth,1.96,5,4,153.56,224.44,249.84,264.71,1,0,97,8
stifle,urge,stifle urge,100,744,6.38,stifled the urge,1.93,2,4,61.097,91.339,109.57,118.51,1,0,97,2
stifle,view,stifle view,100,176,0.7,stifle the views,3.21,10,4,225.92,335.06,380.85,402.91,1,0,97,14
stifle,voice,stifle voice,100,1886,4.87,stifle the voice,4.13,11,4,221.3,316.55,353.41,375.5,1,0,97,8
stifle,yawn,stifle yawn,100,2819,9.5,stifled a yawn,4.46,1,4,18.722,27.298,31.233,33.744,1,0,97,1
stimulate,action,stimulate action,100,2199,3.88,stimulate action,2.86,10,7,202.3,294.93,326.83,343.62,1,0,99,13
stimulate,activity,stimulate activity,100,13048,6.51,stimulate economic activity,2.72,6,7,227.17,320.91,359.98,381.47,1,0,99,10
stimulate,appetite,stimulate appetite,100,4815,7.54,stimulate appetite,2.74,1,7,69.575,108.05,133.6,150.35,1,0,99,1
stimulate,area,stimulate area,100,2450,3.4,stimulate areas,3.72,6,7,263.68,404.24,463.02,501.91,1,0,99,24
stimulate,awareness,stimulate awareness,100,1342,4.58,stimulate awareness,1.84,2,7,115.24,166.5,187.02,198.45,1,0,99,3
stimulate,body,stimulate body,100,3845,4.79,stimulate the body,4.79,11,7,237.41,335.77,373.18,393.77,1,0,99,40
stimulate,brain,stimulate brain,100,6316,7.3,stimulate the brain,4.69,5,7,120.31,177.7,212.37,233.34,1,0,99,8
stimulate,business,stimulate business,100,1608,3.09,stimulate business,3.28,9,7,153.74,238.14,275.17,295.29,1,0,99,18
stimulate,cell,stimulate cell,100,11511,7.35,cells stimulated,4.44,7,7,151.64,244.74,286.69,309.52,1,0,99,11
stimulate,change,stimulate change,100,2663,3.56,stimulate change,2.89,10,7,169.83,260.43,300.98,324.77,1,0,99,14
stimulate,child,stimulate child,100,1254,2.35,stimulate children,4.78,4,7,201.04,295.22,346.37,384.22,1,0,99,21
stimulate,circulation,stimulate circulation,100,5285,7.75,stimulate circulation,3.03,6,7,89.122,122.62,135.65,142.03,1,0,99,1
stimulate,clitoris,stimulate clitoris,100,1147,5.86,stimulate the clitoris,4.93,1,7,4.9362,7.1539,7.9386,8.3661,1,0,99,1
stimulate,collaboration,stimulate collaboration,100,1431,5.27,stimulate collaboration,2.59,2,7,178.14,280.18,328.42,357.92,1,0,99,3
stimulate,collagen,stimulate collagen,100,1250,5.94,stimulate collagen,3.67,1,7,32.703,51.992,61.343,66.88,1,0,99,1
stimulate,competition,stimulate competition,100,1447,4.69,stimulate competition,3.86,4,7,146.29,235.72,281.35,307.68,1,0,99,7
stimulate,consumption,stimulate consumption,100,1393,5.37,stimulate consumption,3.16,4,7,112.65,167.17,194.19,207.31,1,0,99,4
stimulate,contraction,stimulate contraction,100,1646,6.22,stimulate contractions,3.53,4,7,74.231,104.34,114.7,120.5,1,0,99,1
stimulate,conversation,stimulate conversation,100,4369,6.17,stimulate conversation,3.28,1,7,166.81,255.38,299.17,324.56,1,0,99,11
stimulate,creation,stimulate creation,100,2475,5.83,stimulate the creation of,2.15,6,7,174.49,254.87,290.69,313.63,1,0,99,3
stimulate,creativity,stimulate creativity,100,4453,7.29,stimulate creativity,1.8,1,7,90.711,131.02,148.56,159.5,1,0,99,7
stimulate,curiosity,stimulate curiosity,100,2220,6.5,stimulate curiosity,1.61,2,7,82.605,114.81,126.57,133.77,1,0,99,5
stimulate,debate,stimulate debate,100,6351,7.19,stimulate debate,3.18,2,7,184.93,291.91,338.79,365.58,1,0,99,9
stimulate,demand,stimulate demand,100,8991,6.87,stimulate demand,2.2,5,7,175.66,257.9,291.88,309.12,1,0,99,13
stimulate,desire,stimulate desire,100,1659,5.19,stimulate the desire,1.7,3,7,165.31,243.51,281.9,306.53,1,0,99,8
stimulate,development,stimulate development,100,12829,6.89,stimulate the development,2.41,9,7,188.62,267.55,302.33,321.56,1,0,99,9
stimulate,dialogue,stimulate dialogue,100,2387,6.14,stimulate dialogue,3.0,4,7,154.9,231.95,265.02,282.91,1,0,99,2
stimulate,digestion,stimulate digestion,100,1170,5.79,stimulate digestion,3.66,3,7,31.686,55.377,66.28,72.839,1,0,99,1
stimulate,discussion,stimulate discussion,100,12744,7.36,to stimulate discussion,3.07,2,7,180.21,295.44,351.36,377.72,1,0,99,11
stimulate,economy,stimulate economy,100,28332,8.84,to stimulate the economy,2.57,4,7,165.36,238.62,265.62,283.32,1,0,99,14
stimulate,effort,stimulate effort,100,1145,3.12,stimulate efforts,2.33,4,7,200.2,307.62,348.88,374.91,1,0,99,16
stimulate,emission,stimulate emission,100,3443,6.41,stimulated emission,3.33,5,7,88.805,126.6,142.62,151.17,1,0,99,4
stimulate,energy,stimulate energy,100,1103,3.61,stimulate energy,3.11,7,7,147.56,207.6,231.64,246.44,1,0,99,11
stimulate,environment,stimulate environment,100,1428,3.97,and stimulating environment,3.74,2,7,197.9,290.05,325.15,344.92,1,0,99,4
stimulate,exchange,stimulate exchange,100,1327,5.29,stimulate the exchange,2.74,11,7,135.18,191.61,212.52,222.05,1,0,99,1
stimulate,expression,stimulate expression,100,2633,5.58,stimulates the expression,2.54,9,7,181.79,256.58,287.09,301.97,1,0,99,3
stimulate,factor,stimulate factor,100,2246,4.51,colony stimulating factor,2.79,7,7,218.31,307.41,343.05,363.51,1,0,99,2
stimulate,feeling,stimulate feeling,100,1062,3.68,stimulate feelings,1.68,6,7,176.83,271.16,309.46,329.6,1,0,99,10
stimulate,flow,stimulate flow,100,4801,6.46,stimulate blood flow,3.72,7,7,138.19,204.28,229.22,242.68,1,0,99,2
stimulate,follicle,stimulate follicle,100,1169,5.85,stimulate hair follicles,4.44,1,7,26.973,41.956,51.521,56.937,1,0,99,1
stimulate,formation,stimulate formation,100,3389,6.61,stimulate the formation,3.23,7,7,214.74,295.38,323.72,338.44,1,0,99,1
stimulate,function,stimulate function,100,1998,4.2,stimulate brain function,1.92,7,7,187.48,290.95,333.19,358.27,1,0,99,2
stimulate,gland,stimulate gland,100,3451,7.31,stimulate the pituitary gland,4.14,1,7,66.636,98.237,116.53,130.85,1,0,99,1
stimulate,growth,stimulate growth,100,40079,8.82,stimulate growth,2.89,7,7,144.79,208.57,237.72,256.21,1,0,99,11
stimulate,healing,stimulate healing,100,1509,5.9,stimulate healing,2.76,1,7,85.975,120.88,132.62,139.21,1,0,99,1
stimulate,heart,stimulate heart,100,1257,4.09,stimulate the heart,4.52,10,7,222.29,308.92,338.38,354.34,1,0,99,18
stimulate,hormone,stimulate hormone,100,3350,7.05,follicle stimulating hormone,3.33,1,7,58.358,91.539,108.3,119.32,1,0,99,1
stimulate,idea,stimulate idea,100,2827,3.49,stimulate ideas,1.61,5,7,186.11,292.47,339.77,365.76,1,0,99,31
stimulate,imagination,stimulate imagination,100,4940,7.41,stimulate the imagination,1.69,3,7,94.676,139.25,161.68,174.76,1,0,99,11
stimulate,increase,stimulate increase,100,1445,4.36,stimulate an increase,2.61,5,7,126.39,203.97,260.39,291.03,1,0,99,3
stimulate,industry,stimulate industry,100,1929,4.77,stimulate industry,3.29,3,7,138.47,248.2,308.72,337.96,1,0,99,9
stimulate,innovation,stimulate innovation,100,5517,7.13,to stimulate innovation,1.97,3,7,116.4,177.04,198.31,209.83,1,0,99,8
stimulate,interaction,stimulate interaction,100,1393,5.04,stimulate interaction,2.74,2,7,186.56,272.67,314.13,337.52,1,0,99,1
stimulate,interest,stimulate interest,100,13650,6.6,stimulate interest,1.8,7,7,176.83,268.45,304.88,322.86,1,0,99,14
stimulate,investment,stimulate investment,100,5830,6.51,stimulate investment,3.59,6,7,124.05,176.45,202.01,218.67,1,0,99,4
stimulate,learning,stimulate learning,100,1143,4.96,stimulate learning,3.14,2,7,118.78,172.81,202.24,219.58,1,0,99,1
stimulate,level,stimulate level,100,1193,2.7,stimulating hormone levels,2.86,8,7,233.88,337.78,381.3,409.81,1,0,99,12
stimulate,market,stimulate market,100,3089,4.85,stimulate the market,4.7,5,7,166.28,245.6,289.22,311.24,1,0,99,22
stimulate,memory,stimulate memory,100,1337,4.32,stimulate memories,2.38,5,7,208.41,286.39,315.63,333.95,1,0,99,12
stimulate,metabolism,stimulate metabolism,100,2088,6.52,stimulate metabolism,2.27,2,7,68.069,102.75,120.93,132.19,1,0,99,1
stimulate,mind,stimulate mind,100,6151,6.2,stimulate the mind,2.5,7,7,197.15,276.78,313.43,334.55,1,0,99,16
stimulate,movement,stimulate movement,100,1744,4.48,stimulate movement,3.63,11,7,228.82,319.09,350.45,367.29,1,0,99,13
stimulate,muscle,stimulate muscle,100,3263,6.46,stimulate the muscles,4.5,5,7,91.117,146.9,175.42,195.22,1,0,99,4
stimulate,nerve,stimulate nerve,100,4510,7.39,stimulate nerves,3.89,3,7,73.346,106.07,124.85,137.86,1,0,99,4
stimulate,neuron,stimulate neuron,100,1848,6.36,stimulate neurons,3.69,1,7,67.056,102.86,120.82,132.73,1,0,99,1
stimulate,organ,stimulate organ,100,1084,5.24,organs are stimulated,4.77,6,7,140.47,194.9,214.08,224.0,1,0,99,1
stimulate,ovary,stimulate ovary,100,1139,5.81,stimulate the ovaries,4.18,2,7,25.964,46.854,58.108,67.032,1,0,99,1
stimulate,part,stimulate part,100,1831,1.97,stimulate parts,3.29,12,7,237.04,382.12,430.05,454.33,1,0,99,30
stimulate,participation,stimulate participation,100,1089,4.91,stimulate participation,2.86,2,7,141.68,209.39,234.97,248.91,1,0,99,1
stimulate,pathway,stimulate pathway,100,1265,5.22,pathways stimulated,4.28,2,7,128.72,183.93,206.08,219.85,1,0,99,3
stimulate,people,stimulate people,100,1961,1.75,stimulate people,4.82,4,7,190.25,264.24,315.17,343.14,1,0,99,39
stimulate,point,stimulate point,100,2018,2.93,points are stimulated,3.39,26,7,249.95,349.67,391.1,417.02,1,0,99,21
stimulate,process,stimulate process,100,3590,4.04,stimulate the process,2.93,6,7,219.57,309.68,362.4,391.04,1,0,99,24
stimulate,production,stimulate production,100,20852,8.19,stimulate the production,2.59,8,7,218.18,311.48,352.51,373.46,1,0,99,7
stimulate,proliferation,stimulate proliferation,100,3270,7.17,stimulate proliferation,1.91,2,7,88.121,123.23,135.39,142.02,1,0,99,1
stimulate,reaction,stimulate reaction,100,1173,4.61,stimulate reactions,2.41,7,7,188.79,280.38,311.53,325.44,1,0,99,4
stimulate,receptor,stimulate receptor,100,3026,7.01,receptors are stimulated,4.04,2,7,74.013,118.43,150.27,169.82,1,0,99,1
stimulate,recovery,stimulate recovery,100,1540,5.5,stimulate economic recovery,2.68,3,7,117.15,164.51,182.09,191.32,1,0,99,3
stimulate,reflection,stimulate reflection,100,1418,5.45,stimulate reflection,3.29,8,7,151.66,214.63,236.08,247.45,1,0,99,2
stimulate,regeneration,stimulate regeneration,100,1806,6.41,stimulate regeneration,2.92,4,7,77.134,109.82,123.16,131.01,1,0,99,1
stimulate,release,stimulate release,100,5821,6.54,stimulates the release,3.24,12,7,239.38,342.63,381.61,402.75,1,0,99,3
stimulate,research,stimulate research,100,6325,5.72,stimulate research,3.03,2,7,170.07,249.43,282.88,299.95,1,0,99,9
stimulate,response,stimulate response,100,6296,6.12,stimulate an immune response,3.0,7,7,213.08,334.53,377.77,399.72,1,0,99,6
stimulate,sale,stimulate sale,100,1950,4.79,to stimulate sales,3.37,5,7,154.6,242.39,283.58,307.71,1,0,99,8
stimulate,secretion,stimulate secretion,100,4472,7.73,stimulates the secretion,3.52,2,7,66.446,97.51,112.24,120.42,1,0,99,1
stimulate,sector,stimulate sector,100,1133,4.77,stimulate the private sector,3.41,6,7,139.52,241.09,286.67,315.39,1,0,99,1
stimulate,sense,stimulate sense,100,5613,5.18,stimulate the senses,2.61,5,7,206.76,300.07,335.13,356.84,1,0,99,11
stimulate,skin,stimulate skin,100,1445,4.72,stimulate the skin,4.79,6,7,169.4,240.84,276.4,299.07,1,0,99,10
stimulate,spending,stimulate spending,100,1199,5.27,stimulate spending,3.31,2,7,78.229,122.43,144.17,157.7,1,0,99,4
stimulate,student,stimulate student,100,1711,2.86,stimulate students,4.92,2,7,154.13,250.84,295.3,323.45,1,0,99,8
stimulate,synthesis,stimulate synthesis,100,3037,7.02,stimulates the synthesis,1.54,3,7,116.52,162.31,182.68,194.58,1,0,99,1
stimulate,system,stimulate system,100,12093,5.15,stimulate the immune system,2.94,9,7,223.61,330.78,374.49,401.55,1,0,99,36
stimulate,thinking,stimulate thinking,100,4931,7.09,stimulate thinking,1.96,1,7,117.26,171.43,192.02,206.43,1,0,99,5
stimulate,thought,stimulate thought,100,3143,5.37,stimulate thought,1.97,4,7,172.64,253.02,286.84,305.45,1,0,99,17
stimulate,tissue,stimulate tissue,100,1165,5.21,stimulate the tissue,4.93,2,7,130.64,195.84,232.23,256.76,1,0,99,5
stimulate,trade,stimulate trade,100,1245,4.85,stimulate trade,3.08,7,7,117.96,176.2,199.72,213.55,1,0,99,3
stimulate,uptake,stimulate uptake,100,1040,5.56,stimulate the uptake,2.76,2,7,61.269,91.468,104.55,113.1,1,0,99,1
stimulate,use,stimulate use,100,1325,2.98,stimulate the use of,2.78,7,7,280.86,395.0,441.41,469.21,1,0,99,6
stimulate,work,stimulate work,100,1416,2.03,stimulating work,3.48,7,7,272.87,386.54,424.55,447.82,1,0,99,22
stir,air,stir air,100,973,4.55,stir the air,4.11,9,8,153.36,215.5,239.69,254.08,1,0,90,13
stir,anger,stir anger,100,764,5.56,stirred anger,2.41,3,8,116.48,185.38,221.03,245.74,1,0,90,9
stir,audience,stir audience,100,472,3.16,stirred the audience,4.29,4,8,138.77,221.07,265.12,291.55,1,0,90,4
stir,batter,stir batter,100,589,5.86,stir the batter,4.41,2,8,71.333,100.48,109.53,113.55,1,0,90,2
stir,bit,stir bit,100,856,1.95,stirred a bit,3.27,11,8,192.43,300.42,350.38,380.06,1,0,90,29
stir,blood,stir blood,100,1243,5.19,stir the blood,4.86,5,8,132.86,194.1,218.83,232.67,1,0,90,9
stir,butter,stir butter,100,591,5.4,Stir the butter,4.9,2,8,82.231,121.23,150.89,172.76,1,0,90,5
stir,cauldron,stir cauldron,100,715,6.53,stirring the cauldron,4.61,1,8,50.042,68.563,77.443,82.317,1,0,90,1
stir,cheese,stir cheese,100,425,4.7,stir the cheese,4.7,2,8,75.996,122.02,151.65,176.1,1,0,90,4
stir,chocolate,stir chocolate,100,573,5.29,stir the chocolate,4.72,3,8,95.493,139.69,161.32,177.35,1,0,90,3
stir,coffee,stir coffee,100,1054,5.51,stirred his coffee,4.81,4,8,63.844,123.99,152.8,174.46,1,0,90,6
stir,concern,stir concern,100,776,3.12,stirred concerns,1.7,5,8,192.53,304.28,359.28,388.82,1,0,90,6
stir,conscience,stir conscience,100,633,5.86,stir the conscience,1.96,3,8,73.14,106.89,118.77,125.25,1,0,90,1
stir,content,stir content,100,1029,3.33,stir the contents,2.59,7,8,164.92,250.07,280.91,297.3,1,0,90,17
stir,controversy,stir controversy,100,6065,8.59,stirred controversy,2.29,1,8,146.19,222.23,259.61,281.54,1,0,90,5
stir,conversation,stir conversation,100,424,3.14,stir conversation,3.28,1,8,166.81,255.38,299.17,324.56,1,0,90,11
stir,cream,stir cream,100,676,5.0,stir the cream,4.83,3,8,105.58,165.87,202.72,226.25,1,0,90,6
stir,crowd,stir crowd,100,440,3.96,stirred the crowd,4.52,2,8,168.11,256.74,291.15,308.88,1,0,90,6
stir,cup,stir cup,100,853,4.99,Stir 1 cup,5.0,8,8,115.33,194.33,234.41,266.26,1,0,90,8
stir,curiosity,stir curiosity,100,690,5.82,stirred my curiosity,1.61,2,8,82.605,114.81,126.57,133.77,1,0,90,5
stir,debate,stir debate,100,3147,6.66,stirred debate,3.18,2,8,184.93,291.91,338.79,365.58,1,0,90,9
stir,desire,stir desire,100,622,4.23,stirred a desire,1.7,3,8,165.31,243.51,281.9,306.53,1,0,90,8
stir,discussion,stir discussion,100,616,3.23,stir discussion,3.07,2,8,180.21,295.44,351.36,377.72,1,0,90,11
stir,dish,stir dish,100,384,3.69,stir fry dishes,4.9,6,8,114.88,176.59,214.21,242.14,1,0,90,3
stir,drink,stir drink,100,1354,5.58,straw that stirs the drink,4.76,5,8,84.804,162.1,206.78,234.68,1,0,90,7
stir,dust,stir dust,100,489,5.01,stirred the dust,4.4,3,8,87.632,148.3,174.03,189.46,1,0,90,4
stir,egg,stir egg,100,748,4.52,stir the eggs,4.97,3,8,124.85,178.59,202.35,217.95,1,0,90,9
stir,emotion,stir emotion,100,5629,7.7,stir emotions,2.44,1,8,133.04,187.76,208.77,222.4,1,0,90,6
stir,excitement,stir excitement,100,595,5.33,stirred excitement,2.48,4,8,100.92,143.32,161.2,172.28,1,0,90,3
stir,fear,stir fear,100,1163,4.95,stirred fears,2.57,3,8,208.48,300.15,342.67,365.02,1,0,90,14
stir,feeling,stir feeling,100,2000,4.83,stir feelings,1.68,6,8,176.83,271.16,309.46,329.6,1,0,90,10
stir,fire,stir fire,100,903,4.11,stirred the fire,4.68,9,8,142.33,217.4,250.15,268.89,1,0,90,13
stir,flour,stir flour,100,1228,6.65,stir together the flour,4.97,1,8,70.597,104.03,122.55,135.92,1,0,90,1
stir,food,stir food,100,470,2.05,stir the food,4.8,3,8,169.07,241.2,280.07,303.04,1,0,90,18
stir,fry,stir fry,100,5539,9.22,and stir fry,4.37,3,8,71.44,99.698,108.59,112.53,1,0,90,1
stir,hair,stir hair,100,624,3.66,stirred her hair,4.97,6,8,145.81,211.36,244.64,264.55,1,0,90,12
stir,hatred,stir hatred,100,402,5.09,stir hatred,2.0,1,8,90.517,140.19,161.91,173.21,1,0,90,6
stir,heart,stir heart,100,4576,6.22,stir the heart,4.52,10,8,222.29,308.92,338.38,354.34,1,0,90,18
stir,hope,stir hope,100,412,3.25,stirred hopes,1.25,6,8,166.95,241.91,272.45,287.77,1,0,90,11
stir,imagination,stir imagination,100,2903,7.44,stir the imagination,1.69,3,8,94.676,139.25,161.68,174.76,1,0,90,11
stir,ingredient,stir ingredient,100,2367,6.26,stir the ingredients,3.84,3,8,139.24,200.31,226.53,242.76,1,0,90,2
stir,interest,stir interest,100,3003,4.55,stir interest,1.8,7,8,176.83,268.45,304.88,322.86,1,0,90,14
stir,juice,stir juice,100,732,5.46,Stir lemon juice,4.89,4,8,86.673,133.6,170.71,193.42,1,0,90,8
stir,leaf,stir leaf,100,477,4.27,stirred the leaves,5.0,3,8,136.48,208.19,246.0,268.67,1,0,90,5
stir,liquid,stir liquid,100,490,5.11,stir the liquid,4.72,4,8,100.26,167.19,195.13,210.43,1,0,90,5
stir,lot,stir lot,100,687,0.78,stirred a lot of,3.7,7,8,144.92,243.93,294.05,322.54,1,0,90,34
stir,man,stir man,100,420,0.84,stir men,4.79,11,8,192.73,336.5,412.7,455.21,1,0,90,37
stir,memory,stir memory,100,3111,5.83,stirred memories,2.38,5,8,208.41,286.39,315.63,333.95,1,0,90,12
stir,milk,stir milk,100,794,5.21,stir the milk,4.92,4,8,85.509,138.38,171.6,192.28,1,0,90,6
stir,mind,stir mind,100,844,3.57,stir the mind,2.5,7,8,197.15,276.78,313.43,334.55,1,0,90,16
stir,minute,stir minute,100,2740,5.2,stirring every 15 minutes,3.04,6,8,175.94,339.53,403.99,438.57,1,0,90,5
stir,mix,stir mix,100,922,4.93,stir the mix,3.82,3,8,157.14,275.97,320.13,344.31,1,0,90,3
stir,mixture,stir mixture,100,9045,8.65,mixture was stirred,3.79,5,8,173.87,303.73,353.4,380.67,1,0,90,7
stir,music,stir music,100,784,3.08,stirring music,4.31,5,8,190.77,285.42,323.99,353.44,1,0,90,7
stir,noodle,stir noodle,100,504,5.73,stir fried noodles,4.71,2,8,39.804,62.588,78.678,89.505,1,0,90,1
stir,oil,stir oil,100,436,3.14,stir the oil,4.93,4,8,116.09,174.9,208.49,229.11,1,0,90,13
stir,onion,stir onion,100,415,4.99,stir the onions,4.86,3,8,44.124,96.685,136.56,161.44,1,0,90,3
stir,opposition,stir opposition,100,378,4.17,stirred opposition,2.25,8,8,172.7,256.4,285.97,300.19,1,0,90,7
stir,outrage,stir outrage,100,609,5.78,stirred outrage,2.45,4,8,70.176,105.01,122.9,134.11,1,0,90,3
stir,passion,stir passion,100,1830,6.03,stir the passions,2.3,7,8,119.78,201.4,232.88,253.47,1,0,90,7
stir,people,stir people,100,1870,1.71,stir people,4.82,4,8,190.25,264.24,315.17,343.14,1,0,90,39
stir,pot,stir pot,100,13006,9.4,stir the pot,4.81,9,8,92.316,147.83,182.1,202.46,1,0,90,4
stir,reaction,stir reaction,100,929,4.7,reaction was stirred,2.41,7,8,188.79,280.38,311.53,325.44,1,0,90,4
stir,resentment,stir resentment,100,422,5.51,stirred resentment,1.78,1,8,65.466,105.55,126.74,139.17,1,0,90,3
stir,rice,stir rice,100,742,5.67,stir the rice,4.86,4,8,99.209,160.13,184.21,199.75,1,0,90,3
stir,sauce,stir sauce,100,1279,6.38,stir the sauce,4.75,1,8,85.746,147.89,184.05,207.34,1,0,90,4
stir,second,stir second,100,497,3.98,stirring every 30 seconds,3.3,10,8,90.233,129.57,151.69,162.26,1,0,90,2
stir,sense,stir sense,100,989,2.8,stir the senses,2.61,5,8,206.76,300.07,335.13,356.84,1,0,90,11
stir,sentiment,stir sentiment,100,476,4.88,stirring sentiments,2.1,2,8,107.7,162.53,184.29,195.29,1,0,90,7
stir,shit,stir shit,100,567,4.96,to stir shit,4.33,6,8,42.891,71.102,83.074,90.257,1,0,90,6
stir,solution,stir solution,100,1789,3.65,solution was stirred,2.61,5,8,187.76,265.14,296.6,314.05,1,0,90,7
stir,soul,stir soul,100,3571,6.68,stir the soul,1.86,5,8,173.0,242.94,270.78,286.52,1,0,90,10
stir,soup,stir soup,100,1074,6.37,stir the soup,4.72,3,8,60.974,99.863,134.03,163.83,1,0,90,4
stir,speech,stir speech,100,688,4.32,stirring speeches,3.37,8,8,178.11,270.32,303.26,321.76,1,0,90,3
stir,spirit,stir spirit,100,941,4.52,spirit was stirred,1.6,8,8,185.02,272.1,307.13,325.29,1,0,90,10
stir,stew,stir stew,100,396,5.59,stirred the stew,4.43,2,8,54.751,83.277,99.404,111.89,1,0,90,1
stir,stick,stir stick,100,539,4.9,stirring stick,4.59,9,8,98.732,150.31,174.49,190.91,1,0,90,4
stir,stuff,stir stuff,100,745,3.43,stirring stuff,3.13,7,8,154.36,228.68,256.01,270.5,1,0,90,15
stir,sugar,stir sugar,100,1401,6.16,stir the sugar,4.87,3,8,84.472,131.97,165.27,185.99,1,0,90,4
stir,tea,stir tea,100,781,5.3,stirred his tea,4.69,5,8,72.271,138.59,176.5,199.08,1,0,90,5
stir,tension,stir tension,100,530,4.44,stirred tensions,2.6,6,8,148.12,226.42,267.67,294.21,1,0,90,6
stir,thing,stir thing,100,7611,3.89,to stir things up,3.17,12,8,143.55,268.8,339.04,370.97,1,0,90,51
stir,thought,stir thought,100,686,3.44,stirring thoughts,1.97,4,8,172.64,253.02,286.84,305.45,1,0,90,17
stir,time,stir time,100,1989,1.4,stirring times,3.07,10,8,273.83,408.51,469.17,512.74,1,0,90,50
stir,trouble,stir trouble,100,948,4.48,to stir trouble,2.25,6,8,135.61,191.96,212.84,224.67,1,0,90,3
stir,unrest,stir unrest,100,536,5.88,stir unrest,2.24,2,8,72.232,112.39,137.52,149.49,1,0,90,2
stir,vegetable,stir vegetable,100,704,5.35,stir fried vegetables,4.89,2,8,70.178,130.48,163.96,189.0,1,0,90,5
stir,water,stir water,100,2732,4.4,stir the water,5.0,6,8,232.15,324.2,362.8,390.59,1,0,90,24
stir,word,stir word,100,720,2.06,stirring words of,3.56,10,8,247.83,371.55,418.36,446.17,1,0,90,25
stir,world,stir world,100,436,1.59,stirred the world,4.36,8,8,202.2,309.66,360.98,390.98,1,0,90,28
strain,ability,strain ability,100,458,2.25,straining the ability,1.81,2,9,193.93,281.52,320.44,346.08,1,0,80,8
strain,alliance,strain alliance,100,207,4.06,strained the alliance,2.5,5,9,136.73,218.78,256.02,274.57,1,0,80,3
strain,arm,strain arm,100,524,3.3,arms strained,4.96,6,9,180.22,255.25,290.97,315.14,1,0,80,21
strain,back,strain back,100,1576,5.38,strain your back,4.33,9,9,202.43,294.7,348.59,382.6,1,0,80,9
strain,bag,strain bag,100,304,2.91,straining bag,4.9,9,9,145.54,219.91,255.08,276.69,1,0,80,15
strain,belief,strain belief,100,176,2.54,strains belief,1.19,2,9,175.05,262.14,299.23,321.46,1,0,80,8
strain,bit,strain bit,100,1331,2.6,a bit strained,3.27,11,9,192.43,300.42,350.38,380.06,1,0,80,29
strain,body,strain body,100,965,2.98,body strained,4.79,11,9,237.41,335.77,373.18,393.77,1,0,80,40
strain,bond,strain bond,100,285,3.53,strain the bonds,3.62,10,9,110.64,161.44,182.63,192.11,1,0,80,6
strain,brain,strain brain,100,748,4.95,strain your brain,4.69,5,9,120.31,177.7,212.37,233.34,1,0,80,8
strain,broth,strain broth,100,603,6.88,Strain the broth,4.68,2,9,35.447,60.282,75.794,87.944,1,0,80,1
strain,budget,strain budget,100,1867,5.75,budgets are strained,3.14,2,9,107.41,155.85,174.75,190.35,1,0,80,7
strain,calf,strain calf,100,200,4.89,strained his calf,4.48,4,9,75.881,108.19,122.44,131.04,1,0,80,2
strain,capacity,strain capacity,100,947,4.11,straining the capacity,3.1,9,9,151.08,222.66,249.95,262.95,1,0,80,5
strain,chain,strain chain,100,255,3.42,strained supply chains,4.55,10,9,177.94,249.67,274.0,285.19,1,0,80,5
strain,cord,strain cord,100,197,4.43,strained his vocal cords,4.63,4,9,87.55,127.25,142.62,153.43,1,0,80,5
strain,credibility,strain credibility,100,984,6.44,strains credibility,2.29,1,9,69.476,107.17,121.6,130.55,1,0,80,3
strain,drink,strain drink,100,186,2.92,Strain the drink,4.76,5,9,84.804,162.1,206.78,234.68,1,0,80,7
strain,ear,strain ear,100,2727,7.18,strained his ears,5.0,5,9,96.208,155.07,189.7,219.75,1,0,80,8
strain,economy,strain economy,100,512,3.48,strained the economy,2.57,4,9,165.36,238.62,265.62,283.32,1,0,80,14
strain,effort,strain effort,100,304,1.4,straining effort,2.33,4,9,200.2,307.62,348.88,374.91,1,0,80,16
strain,engine,strain engine,100,237,2.33,strain the engine,4.86,4,9,161.05,244.11,278.23,299.74,1,0,80,8
strain,eye,strain eye,100,6299,5.71,strain your eyes,4.9,5,9,206.15,312.42,361.23,392.48,1,0,80,19
strain,fabric,strain fabric,100,267,4.08,straining the fabric,4.63,2,9,103.84,177.02,211.66,229.92,1,0,80,6
strain,family,strain family,100,357,1.56,family is strained,4.23,8,9,241.61,347.92,387.48,407.58,1,0,80,11
strain,finance,strain finance,100,731,6.02,finances are strained,3.36,3,9,73.789,118.42,137.74,149.15,1,0,80,2
strain,finger,strain finger,100,175,2.28,strain your fingers,5.0,3,9,107.49,155.49,183.73,208.51,1,0,80,12
strain,food,strain food,100,168,0.61,strain food,4.8,3,9,169.07,241.2,280.07,303.04,1,0,80,18
strain,friendship,strain friendship,100,621,5.48,friendship is strained,2.39,1,9,158.89,219.81,246.49,260.75,1,0,80,2
strain,grid,strain grid,100,271,4.66,strain the grid,4.55,5,9,107.43,151.23,164.96,171.77,1,0,80,1
strain,groin,strain groin,100,200,5.7,strained his groin,4.58,3,9,37.486,56.64,66.775,74.386,1,0,80,1
strain,hamstring,strain hamstring,100,496,6.94,strained his hamstring,4.72,1,9,32.462,49.396,61.391,68.014,1,0,80,1
strain,hand,strain hand,100,324,1.15,straining your hands,4.72,14,9,269.2,382.64,427.86,454.46,1,0,80,33
strain,head,strain head,100,203,0.82,strained his head,4.75,33,9,299.95,421.51,474.88,503.64,1,0,80,28
strain,hearing,strain hearing,100,214,3.21,strained his hearing,3.18,6,9,139.39,196.09,223.39,238.89,1,0,80,2
strain,heart,strain heart,100,413,2.83,strain the heart,4.52,10,9,222.29,308.92,338.38,354.34,1,0,80,18
strain,hospital,strain hospital,100,304,3.86,straining hospitals,4.64,2,9,174.96,263.92,311.91,340.08,1,0,80,1
strain,imagination,strain imagination,100,336,4.68,strains the imagination,1.69,3,9,94.676,139.25,161.68,174.76,1,0,80,11
strain,infrastructure,strain infrastructure,100,478,4.08,straining infrastructure,3.38,2,9,133.61,185.95,204.17,213.9,1,0,80,3
strain,joint,strain joint,100,304,4.83,strain the joints,4.37,6,9,100.87,148.45,166.75,177.72,1,0,80,3
strain,juice,strain juice,100,945,6.19,strain the juice,4.89,4,9,86.673,133.6,170.71,193.42,1,0,80,8
strain,knee,strain knee,100,289,4.6,strained his knee,5.0,3,9,71.134,127.72,169.11,201.61,1,0,80,10
strain,leg,strain leg,100,248,2.79,legs strained,4.83,9,9,134.48,212.33,256.38,294.07,1,0,80,17
strain,ligament,strain ligament,100,339,6.26,strained a ligament,4.33,2,9,34.702,63.773,75.954,83.687,1,0,80,1
strain,limit,strain limit,100,411,3.07,straining the limits,2.28,6,9,166.96,240.9,272.83,290.23,1,0,80,7
strain,liquid,strain liquid,100,1521,7.17,Strain the liquid,4.72,4,9,100.26,167.19,195.13,210.43,1,0,80,5
strain,liquor,strain liquor,100,228,5.23,strain the liquor,4.73,3,9,47.267,71.942,92.322,105.87,1,0,80,1
strain,marriage,strain marriage,100,762,4.9,marriage is strained,2.51,4,9,196.35,296.41,331.1,348.3,1,0,80,2
strain,material,strain material,100,240,0.89,material is strained,4.26,5,9,225.35,316.51,351.27,369.43,1,0,80,25
strain,memory,strain memory,100,166,1.7,strain your memory,2.38,5,9,208.41,286.39,315.63,333.95,1,0,80,12
strain,milk,strain milk,100,466,4.71,strain the milk,4.92,4,9,85.509,138.38,171.6,192.28,1,0,80,6
strain,mind,strain mind,100,309,2.19,mind strained,2.5,7,9,197.15,276.78,313.43,334.55,1,0,80,16
strain,mixture,strain mixture,100,1739,6.52,Strain the mixture,3.79,5,9,173.87,303.73,353.4,380.67,1,0,80,7
strain,muscle,strain muscle,100,3831,7.5,straining muscles,4.5,5,9,91.117,146.9,175.42,195.22,1,0,80,4
strain,neck,strain neck,100,1898,7.26,strain your neck,5.0,5,9,103.05,160.31,195.22,234.8,1,0,80,8
strain,nerve,strain nerve,100,1475,7.07,straining every nerve,3.89,3,9,73.346,106.07,124.85,137.86,1,0,80,4
strain,network,strain network,100,247,1.98,strain the network,3.2,5,9,205.05,307.08,346.49,368.3,1,0,80,7
strain,oil,strain oil,100,395,3.11,strain the oil,4.93,4,9,116.09,174.9,208.49,229.11,1,0,80,13
strain,patience,strain patience,100,273,4.66,strain the patience,1.66,2,9,59.023,88.598,103.93,114.06,1,0,80,1
strain,power,strain power,100,176,0.02,powers were strained,2.04,9,9,196.2,276.34,308.2,322.74,1,0,80,19
strain,pulp,strain pulp,100,242,5.69,strain the pulp,4.3,5,9,64.154,90.673,99.941,105.02,1,0,80,2
strain,relation,strain relation,100,5144,7.47,strained relations,2.11,6,9,234.35,333.67,369.06,392.03,1,0,80,2
strain,relationship,strain relationship,100,6957,5.96,strained relationship,2.8,4,9,256.77,383.37,435.58,473.39,1,0,80,10
strain,resource,strain resource,100,3099,4.91,resources are strained,2.55,3,9,166.52,241.94,269.95,282.85,1,0,80,7
strain,sauce,strain sauce,100,380,5.02,Strain the sauce,4.75,1,9,85.746,147.89,184.05,207.34,1,0,80,4
strain,seed,strain seed,100,204,2.88,strain the seeds,4.71,5,9,144.65,206.61,233.49,248.01,1,0,80,10
strain,service,strain service,100,444,0.66,services are strained,2.21,15,9,200.41,284.58,315.39,332.94,1,0,80,18
strain,shoulder,strain shoulder,100,403,4.78,strained his shoulder,4.93,5,9,98.948,172.54,218.33,259.56,1,0,80,6
strain,soup,strain soup,100,274,4.88,Strain the soup,4.72,3,9,60.974,99.863,134.03,163.83,1,0,80,4
strain,stock,strain stock,100,562,3.96,Strain the stock,4.19,17,9,126.63,186.3,217.83,237.29,1,0,80,7
strain,supply,strain supply,100,534,3.61,straining supplies,3.43,3,9,118.76,179.4,208.2,224.52,1,0,80,5
strain,syrup,strain syrup,100,206,5.12,Strain the syrup,4.76,1,9,51.27,87.861,106.42,121.58,1,0,80,1
strain,system,strain system,100,2433,2.91,strain the system,2.94,9,9,223.61,330.78,374.49,401.55,1,0,80,36
strain,tea,strain tea,100,437,4.76,Strain the tea,4.69,5,9,72.271,138.59,176.5,199.08,1,0,80,5
strain,tendon,strain tendon,100,346,6.25,strained a tendon,4.47,1,9,37.09,75.364,90.81,100.48,1,0,80,1
strain,tie,strain tie,100,1021,5.6,strained ties,4.81,9,9,169.49,246.42,275.49,292.55,1,0,80,5
strain,voice,strain voice,100,2011,4.96,voice strained,4.13,11,9,221.3,316.55,353.41,375.5,1,0,80,8
strain,water,strain water,100,1007,3.0,strain the water,5.0,6,9,232.15,324.2,362.8,390.59,1,0,80,24
strain,wrist,strain wrist,100,305,5.36,strain your wrist,4.93,1,9,41.938,84.636,123.83,149.09,1,0,80,7
strain,yogurt,strain yogurt,100,393,6.21,yogurt is strained,4.9,1,9,29.924,59.998,74.36,87.038,1,0,80,2
strike,agreement,strike agreement,100,5638,5.95,struck an agreement,2.22,6,21,161.45,257.69,309.64,342.15,1,0,91,5
strike,area,strike area,100,5508,4.49,struck the area,3.72,6,21,263.68,404.24,463.02,501.91,1,0,91,24
strike,balance,strike balance,100,79459,10.18,strike a balance,2.89,12,21,132.32,196.87,226.81,247.01,1,0,91,6
strike,ball,strike ball,100,10323,6.85,strike the ball,5.0,12,21,152.85,224.94,253.8,268.96,1,0,91,26
strike,bargain,strike bargain,100,4412,7.0,strike a bargain,2.59,2,21,55.959,85.197,96.433,102.44,1,0,91,1
strike,bell,strike bell,100,2030,5.74,strike the bell,4.96,10,21,103.02,145.88,160.01,167.89,1,0,91,3
strike,blow,strike blow,100,24251,9.19,strike a blow,3.74,7,21,121.11,168.6,186.18,195.0,1,0,91,3
strike,boy,strike boy,100,1516,4.34,struck the boy,4.76,4,21,118.02,242.69,304.06,336.23,1,0,91,7
strike,building,strike building,100,2104,4.26,struck the building,4.64,4,21,193.2,298.76,338.74,361.38,1,0,91,10
strike,camp,strike camp,100,1373,4.82,struck camp,4.35,8,21,168.41,253.77,289.28,308.16,1,0,91,3
strike,car,strike car,100,3580,4.53,car was struck,4.89,5,21,146.58,271.86,328.14,362.93,1,0,91,26
strike,child,strike child,100,3017,3.55,struck the child,4.78,4,21,201.04,295.22,346.37,384.22,1,0,91,21
strike,chord,strike chord,100,43092,10.23,struck a chord with,4.29,2,21,77.715,116.53,133.56,143.97,1,0,91,2
strike,city,strike city,100,3049,4.82,struck the city,4.79,3,21,196.98,329.78,410.83,452.11,1,0,91,11
strike,coast,strike coast,100,1735,5.63,struck the coast,4.21,4,21,136.87,254.12,312.36,345.47,1,0,91,1
strike,coin,strike coin,100,9401,7.72,coins struck,4.89,1,21,99.96,146.96,163.78,174.69,1,0,91,4
strike,community,strike community,100,1487,3.4,struck the community,3.52,6,21,214.58,316.13,353.91,376.42,1,0,91,12
strike,compromise,strike compromise,100,1995,5.74,strike a compromise,1.8,2,21,109.47,154.02,172.7,183.32,1,0,91,2
strike,cord,strike cord,100,3009,6.38,struck a cord,4.63,4,21,87.55,127.25,142.62,153.43,1,0,91,5
strike,country,strike country,100,2624,4.18,struck the country,4.17,5,21,173.56,276.1,341.96,389.05,1,0,91,12
strike,day,strike day,100,1533,2.23,struck one day,3.92,10,21,202.17,322.8,424.94,489.25,1,0,91,31
strike,deal,strike deal,100,52591,8.72,struck a deal,3.1,9,21,162.55,254.97,291.8,311.14,1,0,91,10
strike,earth,strike earth,100,4583,6.52,strike the earth,4.8,7,21,148.47,254.46,304.88,330.38,1,0,91,5
strike,enemy,strike enemy,100,2680,5.45,strike the enemy,2.83,4,21,148.22,227.71,259.5,276.9,1,0,91,13
strike,eye,strike eye,100,2591,4.14,strikes the eye,4.9,5,21,206.15,312.42,361.23,392.48,1,0,91,19
strike,face,strike face,100,1759,4.29,struck his face,4.87,13,21,234.58,343.73,395.03,428.46,1,0,91,15
strike,family,strike family,100,2601,4.14,struck the family,4.23,8,21,241.61,347.92,387.48,407.58,1,0,91,11
strike,fancy,strike fancy,100,6319,7.59,strikes your fancy,2.5,3,21,48.899,68.627,75.09,78.165,1,0,91,2
strike,fear,strike fear,100,11145,7.51,strike fear into,2.57,3,21,208.48,300.15,342.67,365.02,1,0,91,14
strike,floor,strike floor,100,1355,4.61,struck the floor,4.8,10,21,175.64,276.15,320.45,350.82,1,0,91,8
strike,goal,strike goal,100,1792,3.63,struck goal,3.06,4,21,186.1,266.96,303.41,324.86,1,0,91,6
strike,gold,strike gold,100,11563,7.83,struck gold,4.81,5,21,88.382,172.23,210.45,229.06,1,0,91,3
strike,ground,strike ground,100,8201,6.7,struck the ground,4.77,11,21,207.06,291.84,324.49,350.64,1,0,91,13
strike,hand,strike hand,100,1588,3.19,struck his hand,4.72,14,21,269.2,382.64,427.86,454.46,1,0,91,33
strike,head,strike head,100,5681,5.32,struck his head,4.75,33,21,299.95,421.51,474.88,503.64,1,0,91,28
strike,heart,strike heart,100,1923,4.5,struck my heart,4.52,10,21,222.29,308.92,338.38,354.34,1,0,91,18
strike,home,strike home,100,5678,4.45,struck home,4.11,9,21,239.73,352.55,396.94,419.06,1,0,91,14
strike,hour,strike hour,100,2424,4.22,struck the hour,3.1,4,21,196.05,338.94,416.53,461.12,1,0,91,5
strike,house,strike house,100,1821,3.82,struck a house,5.0,12,21,207.43,310.94,359.63,394.2,1,0,91,10
strike,iceberg,strike iceberg,100,1410,5.5,struck an iceberg,4.96,2,21,38.569,55.808,63.353,67.472,1,0,91,1
strike,island,strike island,100,1654,5.05,struck the island,4.96,2,21,189.15,307.78,376.84,415.1,1,0,91,3
strike,key,strike key,100,1997,4.66,key is struck,4.89,15,21,135.99,198.79,224.6,237.24,1,0,91,7
strike,law,strike law,100,1815,3.69,law was struck,2.57,7,21,136.56,216.4,271.88,309.43,1,0,91,10
strike,line,strike line,100,2298,3.62,struck power lines,4.5,30,21,253.42,357.41,397.32,421.22,1,0,91,42
strike,man,strike man,100,7187,4.8,man was struck,4.79,11,21,192.73,336.5,412.7,455.21,1,0,91,37
strike,match,strike match,100,5524,6.25,struck a match,4.14,9,21,179.16,263.76,319.74,359.0,1,0,91,6
strike,medal,strike medal,100,2420,5.77,medal was struck,4.89,1,21,95.907,143.5,160.19,168.95,1,0,91,2
strike,midnight,strike midnight,100,3450,6.76,the clock strikes midnight,3.14,1,21,82.093,162.01,220.17,258.41,1,0,91,1
strike,mind,strike mind,100,1806,4.25,struck my mind,2.5,7,21,197.15,276.78,313.43,334.55,1,0,91,16
strike,mine,strike mine,100,4698,6.57,struck a mine and,3.56,2,21,129.16,191.91,219.85,235.59,1,0,91,5
strike,name,strike name,100,2622,3.33,name was struck from the,3.5,6,21,276.55,417.22,464.64,487.44,1,0,91,16
strike,nerve,strike nerve,100,7069,7.53,struck a nerve,3.89,3,21,73.346,106.07,124.85,137.86,1,0,91,4
strike,note,strike note,100,12055,6.75,struck a note,4.61,9,21,185.39,262.54,291.67,307.86,1,0,91,8
strike,object,strike object,100,2458,4.68,strikes an object,3.66,5,21,227.43,320.07,354.24,371.31,1,0,91,11
strike,officer,strike officer,100,2639,5.03,struck the officer,4.8,4,21,200.25,288.09,326.95,352.01,1,0,91,3
strike,oil,strike oil,100,2038,4.81,struck oil,4.93,4,21,116.09,174.9,208.49,229.11,1,0,91,13
strike,opponent,strike opponent,100,2238,5.55,strike an opponent,3.52,2,21,176.66,283.87,330.83,357.57,1,0,91,12
strike,panic,strike panic,100,1419,5.38,panic stricken,3.04,2,21,68.935,102.98,116.38,124.13,1,0,91,3
strike,part,strike part,100,2142,2.16,struck parts,3.29,12,21,237.04,382.12,430.05,454.33,1,0,91,30
strike,partnership,strike partnership,100,1789,4.99,struck a partnership,2.82,3,21,168.4,260.8,306.07,330.05,1,0,91,5
strike,pedestrian,strike pedestrian,100,3067,6.54,pedestrian was struck,4.41,1,21,58.188,88.723,105.82,114.34,1,0,91,1
strike,people,strike people,100,7105,3.58,strike people,4.82,4,21,190.25,264.24,315.17,343.14,1,0,91,39
strike,person,strike person,100,2201,3.67,person was struck,4.72,3,21,154.72,265.14,314.69,341.74,1,0,91,9
strike,piece,strike piece,100,1694,3.62,pieces were struck,4.14,13,21,236.3,331.62,361.88,377.98,1,0,91,26
strike,pole,strike pole,100,1916,5.68,struck a utility pole,4.66,10,21,106.55,157.95,179.15,190.25,1,0,91,2
strike,pose,strike pose,100,13132,8.6,strike a pose,3.33,3,21,12.162,16.888,18.741,19.754,1,0,91,1
strike,post,strike post,100,2134,4.29,struck the post,4.3,11,21,152.62,212.88,237.75,249.94,1,0,91,7
strike,reader,strike reader,100,2564,5.06,strike the reader,3.89,8,21,110.89,196.48,224.07,243.45,1,0,91,3
strike,region,strike region,100,2585,5.22,struck the region,3.19,5,21,226.7,354.01,422.65,462.14,1,0,91,5
strike,rock,strike rock,100,5365,6.68,struck a rock,4.91,7,21,225.91,320.78,360.6,382.06,1,0,91,10
strike,root,strike root,100,1659,4.98,struck root,4.34,8,21,183.82,254.44,278.26,289.43,1,0,91,4
strike,ship,strike ship,100,2407,5.09,struck the ship,4.87,1,21,128.34,250.17,304.84,346.07,1,0,91,15
strike,shot,strike shot,100,2416,4.76,struck shot,4.44,17,21,163.26,250.01,288.05,309.59,1,0,91,10
strike,side,strike side,100,2865,4.82,struck the side,3.68,12,21,242.69,366.37,436.59,477.44,1,0,91,25
strike,spark,strike spark,100,1385,5.3,strike sparks,4.25,6,21,33.531,49.242,54.109,56.416,1,0,91,2
strike,string,strike string,100,1887,5.11,strike the strings,4.76,10,21,172.64,246.14,273.02,285.14,1,0,91,5
strike,surface,strike surface,100,3086,5.64,strikes the surface,4.26,6,21,249.55,357.56,402.19,427.02,1,0,91,10
strike,target,strike target,100,9230,6.88,strike targets,4.11,5,21,165.15,233.33,258.47,270.78,1,0,91,6
strike,terror,strike terror,100,4965,7.16,to strike terror,2.43,4,21,89.753,127.38,141.12,150.15,1,0,91,5
strike,time,strike time,100,6122,2.98,struck three times,3.07,10,21,273.83,408.51,469.17,512.74,1,0,91,50
strike,tone,strike tone,100,7111,7.13,strike the right tone,3.07,10,21,168.02,248.56,285.18,303.36,1,0,91,3
strike,tower,strike tower,100,1412,5.03,tower was struck,4.76,3,21,154.73,235.04,269.35,288.09,1,0,91,2
strike,town,strike town,100,1855,4.71,struck the town,4.64,4,21,167.37,359.75,445.5,497.25,1,0,91,7
strike,tree,strike tree,100,5262,6.01,struck a tree,5.0,3,21,191.1,292.07,341.58,367.12,1,0,91,9
strike,vehicle,strike vehicle,100,5255,5.81,vehicle was struck,4.64,4,21,135.77,243.43,288.48,318.05,1,0,91,14
strike,victim,strike victim,100,3090,5.43,struck the victim,3.59,2,21,144.96,233.01,264.82,282.56,1,0,91,6
strike,wall,strike wall,100,2618,5.23,struck the wall,4.86,8,21,199.95,305.54,363.69,395.21,1,0,91,15
strike,water,strike water,100,2200,3.84,struck the water,5.0,6,21,232.15,324.2,362.8,390.59,1,0,91,24
strike,woman,strike woman,100,3956,4.44,woman was struck,4.46,4,21,176.89,278.3,349.75,390.06,1,0,91,19
strike,word,strike word,100,1530,2.96,striking the words,3.56,10,21,247.83,371.55,418.36,446.17,1,0,91,25
strike,worker,strike worker,100,1695,4.36,workers struck,4.59,4,21,147.64,231.75,263.71,283.01,1,0,91,4
string,arrow,string arrow,100,143,3.91,strung an arrow,4.97,2,7,76.862,112.0,132.58,143.7,1,0,45,1
string,attack,string attack,100,205,1.78,string attacks,3.71,9,7,172.82,287.0,339.01,372.67,1,0,45,14
string,bead,string bead,100,2491,8.52,stringing beads,4.9,3,7,78.865,116.76,135.58,146.95,1,0,45,1
string,bow,string bow,100,1319,7.36,string the bow,4.61,9,7,97.661,134.94,148.16,156.42,1,0,45,2
string,bunch,string bunch,100,553,4.37,string together a bunch,3.5,3,7,111.17,185.88,217.22,235.8,1,0,45,3
string,cable,string cable,100,1412,6.09,cables strung,4.74,6,7,115.74,172.2,198.15,212.99,1,0,45,4
string,chain,string chain,100,342,3.91,chain strung,4.55,10,7,177.94,249.67,274.0,285.19,1,0,45,5
string,combination,string combination,100,163,2.19,stringing together combinations,2.86,7,7,204.59,304.85,362.25,394.28,1,0,45,2
string,combo,string combo,100,420,6.11,string together combos,3.37,1,7,57.99,83.876,93.897,99.289,1,0,45,3
string,cord,string cord,100,402,5.63,cord strung,4.63,4,7,87.55,127.25,142.62,153.43,1,0,45,5
string,couple,string couple,100,365,2.36,string a couple of,3.93,5,7,182.09,258.84,294.35,314.51,1,0,45,8
string,drive,string drive,100,145,2.01,string together drives,3.86,12,7,230.27,322.71,352.72,367.84,1,0,45,8
string,game,string game,100,368,0.47,string a few games,4.5,11,7,197.97,310.04,362.54,399.13,1,0,45,35
string,garland,string garland,100,230,6.23,garlands strung,4.85,4,7,62.552,86.744,94.457,98.055,1,0,45,1
string,guitar,string guitar,100,589,5.04,guitar strung,4.9,1,7,104.56,197.07,256.01,292.56,1,0,45,2
string,hit,string hit,100,691,4.42,string together hits,4.11,7,7,143.98,218.39,250.05,265.94,1,0,45,2
string,letter,string letter,100,249,1.56,letters strung,4.7,5,7,200.25,296.12,337.49,359.86,1,0,45,7
string,light,string light,100,2613,4.83,lights strung,4.21,15,7,215.58,298.48,332.34,352.33,1,0,45,13
string,line,string line,100,1801,3.5,lines strung,4.5,30,7,253.42,357.41,397.32,421.22,1,0,45,42
string,move,string move,100,255,2.3,string moves,3.25,5,7,208.04,296.01,329.89,349.78,1,0,45,2
string,necklace,string necklace,100,405,6.22,necklace strung,4.96,1,7,35.566,76.847,97.82,109.67,1,0,45,1
string,number,string number,100,409,0.3,string together a number,3.3,11,7,198.05,280.36,322.92,351.63,1,0,45,36
string,pass,string pass,100,740,5.1,string passes,2.71,17,7,137.75,207.72,239.64,258.53,1,0,45,5
string,pearl,string pearl,100,422,6.61,pearls strung,4.87,3,7,60.919,91.796,107.35,116.18,1,0,45,2
string,performance,string performance,100,323,1.67,string together consistent performances,3.04,5,7,226.31,347.54,398.8,425.5,1,0,45,7
string,phrase,string phrase,100,203,3.26,phrases strung,2.86,4,7,149.58,213.9,239.33,254.32,1,0,45,1
string,piece,string piece,100,458,2.06,pieces strung,4.14,13,7,236.3,331.62,361.88,377.98,1,0,45,26
string,point,string point,100,273,0.14,points strung,3.39,26,7,249.95,349.67,391.1,417.02,1,0,45,21
string,racket,string racket,100,350,6.49,racket strung,4.26,4,7,53.336,74.988,82.831,86.722,1,0,45,3
string,result,string result,100,224,0.22,string result,2.85,4,7,216.6,338.17,395.56,425.61,1,0,45,10
string,rope,string rope,100,847,6.33,rope strung,4.93,2,7,101.68,145.55,165.14,178.71,1,0,45,5
string,run,string run,100,452,3.4,string a run,4.31,16,7,183.39,258.97,292.47,315.05,1,0,45,5
string,season,string season,100,228,1.59,string together a season,3.32,3,7,247.21,364.08,408.66,437.05,1,0,45,8
string,sentence,string sentence,100,2391,6.16,string a sentence,3.57,3,7,120.5,167.75,185.71,195.53,1,0,45,4
string,sequence,string sequence,100,269,3.35,string together a sequence,3.1,5,7,191.61,266.27,294.3,308.04,1,0,45,1
string,series,string series,100,905,3.25,string together a series of,2.92,7,7,235.62,353.57,397.71,420.71,1,0,45,11
string,set,string set,100,203,1.07,string together a set,3.41,13,7,195.14,287.11,323.46,341.74,1,0,45,8
string,single,string single,100,175,3.94,strung together three straight singles,3.27,2,7,11.56,17.112,19.369,20.701,1,0,45,1
string,story,string story,100,415,0.9,stories strung,3.3,6,7,197.18,328.22,376.06,402.62,1,0,45,28
string,streak,string streak,100,153,3.83,strung together a streak,3.67,4,7,99.054,148.63,167.32,178.32,1,0,45,2
string,thought,string thought,100,385,2.71,string two thoughts,1.97,4,7,172.64,253.02,286.84,305.45,1,0,45,17
string,victory,string victory,100,329,3.61,string together victories,2.55,1,7,205.23,323.57,386.01,422.35,1,0,45,5
string,win,string win,100,1212,5.48,string some wins,2.67,2,7,115.99,164.48,188.7,203.28,1,0,45,5
string,wire,string wire,100,3523,7.48,wire strung,4.72,4,7,109.41,157.85,184.72,202.41,1,0,45,5
string,word,string word,100,3173,4.24,words strung,3.56,10,7,247.83,371.55,418.36,446.17,1,0,45,25
swallow,air,swallow air,100,2001,5.6,swallowing air,4.11,9,8,153.36,215.5,239.69,254.08,1,0,94,13
swallow,amount,swallow amount,100,1186,2.99,swallow large amounts,2.74,4,8,171.9,263.47,299.86,323.81,1,0,94,19
swallow,anger,swallow anger,100,586,5.22,swallowed his anger,2.41,3,8,116.48,185.38,221.03,245.74,1,0,94,9
swallow,bait,swallow bait,100,1029,6.5,swallowed the bait,4.45,2,8,57.855,86.182,96.537,101.14,1,0,94,2
swallow,ball,swallow ball,100,666,3.34,swallow the ball,5.0,12,8,152.85,224.94,253.8,268.96,1,0,94,26
swallow,battery,swallow battery,100,537,4.06,swallowed a button battery,4.67,7,8,117.05,166.22,184.07,193.19,1,0,94,2
swallow,bile,swallow bile,100,616,6.41,swallowed the bile,4.46,1,8,33.155,49.583,57.845,62.034,1,0,94,2
swallow,bit,swallow bit,100,986,2.15,swallowed a bit,3.27,11,8,192.43,300.42,350.38,380.06,1,0,94,29
swallow,bite,swallow bite,100,1127,6.29,swallowed a bite,4.44,9,8,64.517,89.384,98.882,104.21,1,0,94,1
swallow,blood,swallow blood,100,638,4.25,swallowing blood,4.86,5,8,132.86,194.1,218.83,232.67,1,0,94,9
swallow,body,swallow body,100,408,1.7,body was swallowed,4.79,11,8,237.41,335.77,373.18,393.77,1,0,94,40
swallow,bottle,swallow bottle,100,511,4.12,swallowed a bottle,4.91,3,8,120.42,183.22,217.03,239.9,1,0,94,12
swallow,bug,swallow bug,100,950,4.96,I swallowed a bug,5.0,5,8,90.702,134.72,154.59,166.79,1,0,94,6
swallow,camel,swallow camel,100,1334,7.39,swallow a camel,4.93,1,8,42.496,71.787,86.65,97.247,1,0,94,1
swallow,capsule,swallow capsule,100,2176,7.72,swallow capsules,4.52,7,8,79.559,121.03,137.58,146.56,1,0,94,1
swallow,car,swallow car,100,372,1.51,swallowing cars,4.89,5,8,146.58,271.86,328.14,362.93,1,0,94,26
swallow,child,swallow child,100,486,1.06,child swallowed,4.78,4,8,201.04,295.22,346.37,384.22,1,0,94,21
swallow,chunk,swallow chunk,100,395,4.9,swallowed a chunk,3.86,2,8,83.144,125.43,142.54,152.59,1,0,94,2
swallow,city,swallow city,100,365,2.12,city swallowed,4.79,3,8,196.98,329.78,410.83,452.11,1,0,94,11
swallow,cock,swallow cock,100,1276,6.66,swallows his cock,4.79,5,8,41.715,61.758,68.885,73.263,1,0,94,1
swallow,content,swallow content,100,442,2.11,swallowed the contents,2.59,7,8,164.92,250.07,280.91,297.3,1,0,94,17
swallow,cost,swallow cost,100,407,1.48,swallow the cost,2.5,3,8,160.14,263.17,306.3,332.11,1,0,94,14
swallow,difficulty,swallow difficulty,100,2490,5.88,swallowing difficulties,1.9,4,8,147.99,218.21,247.6,266.0,1,0,94,2
swallow,disorder,swallow disorder,100,2675,6.85,and swallowing disorders,3.1,3,8,85.615,145.59,173.21,194.34,1,0,94,2
swallow,dose,swallow dose,100,606,4.56,swallow a dose,3.85,4,8,118.65,182.24,210.8,225.65,1,0,94,1
swallow,drink,swallow drink,100,366,3.72,swallowed the drink,4.76,5,8,84.804,162.1,206.78,234.68,1,0,94,7
swallow,drop,swallow drop,100,1232,5.53,swallowed every drop,4.21,9,8,122.25,182.55,212.24,232.52,1,0,94,3
swallow,drug,swallow drug,100,589,3.59,swallowed drugs,4.48,1,8,122.95,192.91,226.63,245.26,1,0,94,3
swallow,earth,swallow earth,100,598,4.53,swallow the earth,4.8,7,8,148.47,254.46,304.88,330.38,1,0,94,5
swallow,egg,swallow egg,100,600,4.22,eggs are swallowed,4.97,3,8,124.85,178.59,202.35,217.95,1,0,94,9
swallow,fear,swallow fear,100,947,4.67,swallowed his fear,2.57,3,8,208.48,300.15,342.67,365.02,1,0,94,14
swallow,fish,swallow fish,100,918,4.6,swallow the fish,5.0,4,8,164.99,237.0,271.35,292.14,1,0,94,9
swallow,fluid,swallow fluid,100,457,4.88,swallowing amniotic fluid,4.73,2,8,107.21,168.71,197.48,212.55,1,0,94,4
swallow,fly,swallow fly,100,537,5.43,who swallowed a fly,4.64,5,8,91.278,126.82,143.84,154.57,1,0,94,5
swallow,food,swallow food,100,4316,5.26,swallow food,4.8,3,8,169.07,241.2,280.07,303.04,1,0,94,18
swallow,function,swallow function,100,733,2.94,swallowing function,1.92,7,8,187.48,290.95,333.19,358.27,1,0,94,2
swallow,glass,swallow glass,100,378,3.4,swallowing glass,4.82,7,8,149.6,219.89,246.25,262.92,1,0,94,12
swallow,gulp,swallow gulp,100,367,5.69,swallowed a gulp,4.19,2,8,19.856,27.654,31.149,32.898,1,0,94,1
swallow,gum,swallow gum,100,375,5.26,swallow gum,4.89,6,8,72.69,101.9,112.61,119.45,1,0,94,1
swallow,head,swallow head,100,394,1.73,swallowed head,4.75,33,8,299.95,421.51,474.88,503.64,1,0,94,28
swallow,hook,swallow hook,100,1612,6.79,swallowed hook,4.79,8,8,97.858,145.13,163.73,175.13,1,0,94,4
swallow,idea,swallow idea,100,527,1.15,swallow the idea that,1.61,5,8,186.11,292.47,339.77,365.76,1,0,94,31
swallow,issue,swallow issue,100,557,1.01,swallowing issues,2.37,11,8,174.52,308.87,366.65,399.06,1,0,94,16
swallow,juice,swallow juice,100,409,4.66,swallow the juice,4.89,4,8,86.673,133.6,170.71,193.42,1,0,94,8
swallow,lie,swallow lie,100,945,5.45,swallow the lie,3.11,3,8,104.11,149.95,166.69,174.52,1,0,94,4
swallow,light,swallow light,100,444,2.21,swallow the light,4.21,15,8,215.58,298.48,332.34,352.33,1,0,94,13
swallow,line,swallow line,100,971,2.57,swallowed the line,4.5,30,8,253.42,357.41,397.32,421.22,1,0,94,42
swallow,liquid,swallow liquid,100,906,6.04,swallowing liquids,4.72,4,8,100.26,167.19,195.13,210.43,1,0,94,5
swallow,load,swallow load,100,1271,5.15,swallow his load,3.63,9,8,139.13,209.14,235.35,251.18,1,0,94,10
swallow,loss,swallow loss,100,455,2.69,swallow the loss,2.19,8,8,224.78,325.17,364.27,385.08,1,0,94,9
swallow,lot,swallow lot,100,1134,1.51,swallow a lot of,3.7,7,8,144.92,243.93,294.05,322.54,1,0,94,34
swallow,lump,swallow lump,100,2489,8.04,swallowed the lump,4.56,4,8,62.411,94.743,108.23,115.63,1,0,94,1
swallow,magnet,swallow magnet,100,414,5.17,magnets are swallowed,4.7,2,8,74.248,105.29,115.53,120.66,1,0,94,1
swallow,man,swallow man,100,1081,2.21,man swallowed,4.79,11,8,192.73,336.5,412.7,455.21,1,0,94,37
swallow,medication,swallow medication,100,461,4.18,swallow the medication,4.53,2,8,79.28,129.34,155.18,170.05,1,0,94,1
swallow,medicine,swallow medicine,100,800,4.96,swallow the medicine,4.79,4,8,133.76,196.43,218.79,231.78,1,0,94,1
swallow,moan,swallow moan,100,370,5.55,swallowed a moan,3.72,1,8,11.064,15.358,16.945,17.864,1,0,94,2
swallow,mouthful,swallow mouthful,100,1899,7.97,swallowed a mouthful,3.96,2,8,35.125,50.952,59.236,65.221,1,0,94,1
swallow,object,swallow object,100,763,3.4,swallowed objects,3.66,5,8,227.43,320.07,354.24,371.31,1,0,94,11
swallow,oil,swallow oil,100,365,2.9,swallow the oil,4.93,4,8,116.09,174.9,208.49,229.11,1,0,94,13
swallow,pain,swallow pain,100,625,3.47,swallow the pain,3.5,5,8,146.11,209.1,238.27,258.16,1,0,94,4
swallow,part,swallow part,100,510,0.17,swallowed part,3.29,12,8,237.04,382.12,430.05,454.33,1,0,94,30
swallow,people,swallow people,100,601,0.07,swallow people,4.82,4,8,190.25,264.24,315.17,343.14,1,0,94,39
swallow,piece,swallow piece,100,1280,3.49,swallowed a piece,4.14,13,8,236.3,331.62,361.88,377.98,1,0,94,26
swallow,pill,swallow pill,100,8107,9.06,swallow pills,4.72,5,8,68.926,102.91,117.35,126.85,1,0,94,2
swallow,poison,swallow poison,100,1192,6.82,swallowed poison,4.27,2,8,75.783,113.59,128.06,136.3,1,0,94,3
swallow,prey,swallow prey,100,925,6.22,swallow prey,3.61,2,8,82.153,114.43,128.02,136.59,1,0,94,4
swallow,pride,swallow pride,100,8341,8.82,swallow your pride,1.66,5,8,105.29,146.53,161.59,171.11,1,0,94,2
swallow,problem,swallow problem,100,2168,2.65,swallowing problems,2.68,3,8,202.61,312.71,353.01,375.03,1,0,94,16
swallow,propaganda,swallow propaganda,100,500,5.49,swallowed the propaganda,2.48,1,8,95.835,134.51,148.78,156.35,1,0,94,3
swallow,rest,swallow rest,100,550,3.41,swallowed the rest of,3.03,7,8,192.69,296.32,342.93,369.25,1,0,94,5
swallow,rule,swallow rule,100,587,2.5,swallow the rule,2.57,12,8,177.48,280.06,326.59,358.7,1,0,94,11
swallow,saliva,swallow saliva,100,1274,7.43,swallow saliva,4.89,1,8,32.636,54.329,68.325,76.619,1,0,94,1
swallow,seed,swallow seed,100,701,4.5,swallow the seeds,4.71,5,8,144.65,206.61,233.49,248.01,1,0,94,10
swallow,semen,swallow semen,100,369,5.62,swallowing semen,4.79,1,8,31.699,47.686,56.246,61.079,1,0,94,2
swallow,soul,swallow soul,100,448,3.7,swallow your soul,1.86,5,8,173.0,242.94,270.78,286.52,1,0,94,10
swallow,sound,swallow sound,100,502,2.94,swallowing sounds,3.7,8,8,201.18,297.75,348.31,382.29,1,0,94,10
swallow,stone,swallow stone,100,490,4.04,swallow stones,4.72,13,8,159.19,242.89,279.87,302.48,1,0,94,11
swallow,story,swallow story,100,552,1.28,swallowed the story,3.3,6,8,197.18,328.22,376.06,402.62,1,0,94,28
swallow,stuff,swallow stuff,100,381,2.47,swallow the stuff,3.13,7,8,154.36,228.68,256.01,270.5,1,0,94,15
swallow,substance,swallow substance,100,378,4.0,swallow the substance,3.44,7,8,130.28,195.61,220.84,238.43,1,0,94,2
swallow,sun,swallow sun,100,622,4.95,swallow the sun,4.83,5,8,145.69,237.96,274.94,296.31,1,0,94,3
swallow,sword,swallow sword,100,1080,5.83,swallowing swords,4.93,1,8,97.936,149.28,180.75,198.31,1,0,94,10
swallow,tablet,swallow tablet,100,2519,7.32,swallow tablets,4.82,4,8,106.08,157.44,174.61,182.97,1,0,94,2
swallow,tail,swallow tail,100,673,5.47,swallowing its own tail,4.96,8,8,108.95,165.48,193.88,214.43,1,0,94,7
swallow,tear,swallow tear,100,744,5.33,swallowed back tears,4.56,4,8,76.006,120.53,139.78,151.99,1,0,94,5
swallow,thing,swallow thing,100,1161,1.18,swallow things,3.17,12,8,143.55,268.8,339.04,370.97,1,0,94,51
swallow,time,swallow time,100,1272,0.76,swallowed several times,3.07,10,8,273.83,408.51,469.17,512.74,1,0,94,50
swallow,tongue,swallow tongue,100,1473,6.51,swallowed his tongue,4.93,8,8,111.81,154.76,172.28,185.07,1,0,94,4
swallow,toothpaste,swallow toothpaste,100,384,5.67,swallow toothpaste,4.97,1,8,30.325,49.499,59.652,66.035,1,0,94,1
swallow,water,swallow water,100,2828,4.45,swallowing water,5.0,6,8,232.15,324.2,362.8,390.59,1,0,94,24
swallow,whole,swallow whole,100,6905,8.82,swallowed whole,3.25,2,8,222.85,307.84,334.17,346.83,1,0,94,2
swallow,word,swallow word,100,1624,3.23,swallowed his words,3.56,10,8,247.83,371.55,418.36,446.17,1,0,94,25
swallow,world,swallow world,100,556,1.95,swallow the world,4.36,8,8,202.2,309.66,360.98,390.98,1,0,94,28
sway,argument,sway argument,100,141,1.41,sway the argument,2.85,7,4,207.97,293.58,327.55,347.58,1,0,68,5
sway,arm,sway arm,100,388,2.89,swaying arms,4.96,6,4,180.22,255.25,290.97,315.14,1,0,68,21
sway,audience,sway audience,100,607,3.65,sway the audience,4.29,4,4,138.77,221.07,265.12,291.55,1,0,68,4
sway,balance,sway balance,100,315,2.96,to sway the balance,2.89,12,4,132.32,196.87,226.81,247.01,1,0,68,6
sway,bar,sway bar,100,399,3.44,sway bars,4.67,15,4,175.66,275.99,320.38,342.98,1,0,68,7
sway,belief,sway belief,100,148,2.33,sway your beliefs,1.19,2,4,175.05,262.14,299.23,321.46,1,0,68,8
sway,body,sway body,100,1650,3.76,body swayed,4.79,11,4,237.41,335.77,373.18,393.77,1,0,68,40
sway,boy,sway boy,100,723,3.94,sway boy,4.76,4,4,118.02,242.69,304.06,336.23,1,0,68,7
sway,branch,sway branch,100,663,4.89,swaying branches,4.9,6,4,219.89,313.19,345.27,359.23,1,0,68,7
sway,buyer,sway buyer,100,270,4.14,sway buyers,4.36,1,4,91.757,139.26,163.88,181.95,1,0,68,1
sway,choice,sway choice,100,221,1.06,sway your choice,1.9,3,4,197.54,293.08,325.17,339.57,1,0,68,6
sway,consumer,sway consumer,100,287,3.4,to sway consumers,3.57,1,4,103.16,160.27,187.04,205.23,1,0,68,2
sway,court,sway court,100,443,3.64,sway the court,4.31,11,4,152.67,222.89,258.41,278.61,1,0,68,4
sway,crowd,sway crowd,100,535,4.49,crowd swayed,4.52,2,4,168.11,256.74,291.15,308.88,1,0,68,6
sway,customer,sway customer,100,227,1.5,sway customers,3.82,1,4,113.93,195.73,240.52,265.35,1,0,68,6
sway,decision,sway decision,100,2538,4.11,sway your decision,2.19,5,4,178.12,260.71,300.65,322.66,1,0,68,8
sway,election,sway election,100,2139,5.8,sway the election,3.17,4,4,169.32,244.01,275.67,294.49,1,0,68,4
sway,electorate,sway electorate,100,165,5.37,to sway the electorate,2.67,1,4,78.533,116.81,131.38,139.13,1,0,68,1
sway,emotion,sway emotion,100,215,3.26,sway the emotions,2.44,1,4,133.04,187.76,208.77,222.4,1,0,68,6
sway,fan,sway fan,100,162,1.12,sway fans,4.71,3,4,219.41,315.36,357.16,381.0,1,0,68,3
sway,girl,sway girl,100,1240,4.07,sway girl,4.85,5,4,134.18,267.25,335.11,371.05,1,0,68,7
sway,government,sway government,100,314,1.8,sway the government,2.88,4,4,149.61,245.04,291.34,317.6,1,0,68,7
sway,group,sway group,100,176,0.07,sway the group,4.12,3,4,225.61,346.48,394.01,420.34,1,0,68,12
sway,hand,sway hand,100,209,0.52,hands swayed,4.72,14,4,269.2,382.64,427.86,454.46,1,0,68,33
sway,head,sway head,100,739,2.69,head swayed,4.75,33,4,299.95,421.51,474.88,503.64,1,0,68,28
sway,heart,sway heart,100,505,3.15,sway the hearts,4.52,10,4,222.29,308.92,338.38,354.34,1,0,68,18
sway,hip,sway hip,100,2465,8.23,swaying hips,4.21,5,4,90.411,129.73,157.16,172.63,1,0,68,6
sway,judge,sway judge,100,642,4.8,sway the judges,3.75,2,4,136.9,206.41,239.08,258.4,1,0,68,1
sway,judgment,sway judgment,100,295,3.6,judgment was not substantially swayed,1.68,7,4,81.001,155.34,182.47,196.35,1,0,68,3
sway,juror,sway juror,100,201,5.42,sway jurors,4.29,1,4,61.722,90.964,103.05,110.01,1,0,68,1
sway,jury,sway jury,100,786,6.44,sway the jury,4.64,2,4,69.623,112.93,129.88,138.84,1,0,68,1
sway,lawmaker,sway lawmaker,100,203,5.03,to sway lawmakers,4.15,1,4,69.113,135.59,164.14,180.76,1,0,68,1
sway,leader,sway leader,100,168,1.19,sway leaders,3.89,2,4,205.5,301.95,348.11,378.65,1,0,68,4
sway,link,sway link,100,237,1.04,sway bar links,3.43,9,4,208.43,313.12,359.04,384.62,1,0,68,5
sway,majority,sway majority,100,205,2.92,sway the majority,2.54,3,4,158.29,226.35,266.08,294.41,1,0,68,1
sway,man,sway man,100,484,1.07,man swayed,4.79,11,4,192.73,336.5,412.7,455.21,1,0,68,37
sway,market,sway market,100,219,1.29,sway the market,4.7,5,4,166.28,245.6,289.22,311.24,1,0,68,22
sway,mass,sway mass,100,439,4.32,to sway the masses,3.44,9,4,154.2,224.02,246.95,257.31,1,0,68,1
sway,member,sway member,100,363,0.74,sway members,3.07,5,4,208.76,325.3,372.4,397.51,1,0,68,10
sway,mind,sway mind,100,913,3.78,sway the minds,2.5,7,4,197.15,276.78,313.43,334.55,1,0,68,16
sway,odd,sway odd,100,199,4.11,to sway the odds,1.7,0,4,26.264,36.774,40.899,43.129,1,0,68,5
sway,official,sway official,100,150,2.05,sway officials,2.54,2,4,143.06,211.26,243.04,263.84,1,0,68,1
sway,opinion,sway opinion,100,6621,6.85,to sway public opinion,1.93,6,4,152.86,241.2,273.22,291.02,1,0,68,10
sway,other,sway other,100,468,2.39,to sway others,2.04,0,4,236.43,340.08,398.13,427.98,1,0,68,7
sway,outcome,sway outcome,100,705,3.88,sway the outcome of,2.27,2,4,139.77,196.85,219.74,232.08,1,0,68,3
sway,palm,sway palm,100,1809,8.24,swaying palms,4.83,4,4,72.686,104.53,117.41,124.41,1,0,68,2
sway,people,sway people,100,2492,2.14,sway people,4.82,4,4,190.25,264.24,315.17,343.14,1,0,68,39
sway,perception,sway perception,100,158,3.3,sway public perception,2.0,5,4,130.82,196.59,225.8,239.97,1,0,68,3
sway,person,sway person,100,193,0.42,sway a person,4.72,3,4,154.72,265.14,314.69,341.74,1,0,68,9
sway,policy,sway policy,100,289,1.49,sway policy,2.76,3,4,171.66,250.29,295.41,320.55,1,0,68,12
sway,politician,sway politician,100,199,3.6,to sway politicians,4.33,3,4,229.97,341.76,386.4,409.21,1,0,68,1
sway,public,sway public,100,579,4.27,to sway the public,2.57,2,4,115.48,178.82,208.97,225.17,1,0,68,1
sway,reader,sway reader,100,344,2.81,to sway the reader,3.89,8,4,110.89,196.48,224.07,243.45,1,0,68,3
sway,result,sway result,100,542,1.49,sway the results,2.85,4,4,216.6,338.17,395.56,425.61,1,0,68,10
sway,sentiment,sway sentiment,100,197,4.07,sway public sentiment,2.1,2,4,107.7,162.53,184.29,195.29,1,0,68,7
sway,side,sway side,100,759,3.37,swaying side to side,3.68,12,4,242.69,366.37,436.59,477.44,1,0,68,25
sway,support,sway support,100,149,0.04,sway support,2.83,11,4,192.66,285.67,327.93,350.38,1,0,68,9
sway,tail,sway tail,100,399,5.17,tail swayed,4.96,8,4,108.95,165.48,193.88,214.43,1,0,68,7
sway,thinking,sway thinking,100,223,3.53,sway their thinking,1.96,1,4,117.26,171.43,192.02,206.43,1,0,68,5
sway,thought,sway thought,100,195,1.73,sway your thoughts,1.97,4,4,172.64,253.02,286.84,305.45,1,0,68,17
sway,tide,sway tide,100,140,4.14,sway the tide of,4.1,3,4,107.19,152.77,170.45,179.26,1,0,68,1
sway,tree,sway tree,100,3166,5.89,swaying palm trees,5.0,3,4,191.1,292.07,341.58,367.12,1,0,68,9
sway,user,sway user,100,144,0.53,sway users,3.16,3,4,131.7,217.8,259.62,282.68,1,0,68,4
sway,view,sway view,100,187,0.8,sway the views,3.21,10,4,225.92,335.06,380.85,402.91,1,0,68,14
sway,vote,sway vote,100,2059,5.59,sway the vote,3.85,5,4,134.11,201.51,233.78,251.74,1,0,68,3
sway,voter,sway voter,100,2692,7.37,to sway voters,3.93,1,4,113.27,163.03,184.22,197.0,1,0,68,2
sway,way,sway way,100,1271,1.18,swayed one way,2.34,12,4,244.04,355.4,397.34,421.07,1,0,68,38
sway,world,sway world,100,230,0.72,sway the world,4.36,8,4,202.2,309.66,360.98,390.98,1,0,68,28
sweeten,air,sweeten air,100,271,2.92,sweeten the air,4.11,9,2,153.36,215.5,239.69,254.08,1,0,27,13
sweeten,beverage,sweeten beverage,100,2327,8.5,sugar sweetened beverages,4.6,1,2,54.69,91.055,112.78,128.66,1,0,27,2
sweeten,bid,sweeten bid,100,167,3.59,sweetened its bid,2.71,4,2,167.31,244.08,272.4,286.71,1,0,27,2
sweeten,breath,sweeten breath,100,275,3.59,to sweeten the breath,4.36,5,2,72.307,105.92,123.28,131.92,1,0,27,4
sweeten,coffee,sweeten coffee,100,650,5.23,sweetened coffee,4.81,4,2,63.844,123.99,152.8,174.46,1,0,27,6
sweeten,cup,sweeten cup,100,178,3.08,sweeten a cup,5.0,8,2,115.33,194.33,234.41,266.26,1,0,27,8
sweeten,deal,sweeten deal,100,8402,6.46,to sweeten the deal,3.1,9,2,162.55,254.97,291.8,311.14,1,0,27,10
sweeten,dish,sweeten dish,100,181,2.91,sweeten the dish,4.9,6,2,114.88,176.59,214.21,242.14,1,0,27,3
sweeten,drink,sweeten drink,100,2328,6.69,sweetened drinks,4.76,5,2,84.804,162.1,206.78,234.68,1,0,27,7
sweeten,food,sweeten food,100,1045,3.28,sweetened foods,4.8,3,2,169.07,241.2,280.07,303.04,1,0,27,18
sweeten,fruit,sweeten fruit,100,277,3.29,fruit sweetened,4.81,3,2,128.34,194.72,221.4,242.63,1,0,27,8
sweeten,juice,sweeten juice,100,465,5.42,juice sweetened,4.89,4,2,86.673,133.6,170.71,193.42,1,0,27,8
sweeten,life,sweeten life,100,431,0.73,sweeten life,2.69,14,2,228.25,333.37,374.48,396.14,1,0,27,27
sweeten,milk,sweeten milk,100,2791,7.48,sweetened condensed milk,4.92,4,2,85.509,138.38,171.6,192.28,1,0,27,6
sweeten,mix,sweeten mix,100,185,2.93,sweeten the mix,3.82,3,2,157.14,275.97,320.13,344.31,1,0,27,3
sweeten,offer,sweeten offer,100,750,4.47,sweeten the offer,2.23,3,2,161.81,229.61,254.01,267.23,1,0,27,1
sweeten,package,sweeten package,100,150,1.77,sweeten the package,4.72,3,2,156.24,221.03,247.55,261.67,1,0,27,1
sweeten,pill,sweeten pill,100,461,5.56,to sweeten the pill,4.72,5,2,68.926,102.91,117.35,126.85,1,0,27,2
sweeten,pot,sweeten pot,100,3461,8.0,to sweeten the pot,4.81,9,2,92.316,147.83,182.1,202.46,1,0,27,4
sweeten,product,sweeten product,100,581,1.59,sweetened products,4.17,6,2,227.73,323.72,365.31,390.22,1,0,27,15
sweeten,soil,sweeten soil,100,156,3.23,to sweeten the soil,4.87,4,2,153.97,228.07,261.15,280.98,1,0,27,6
sweeten,sound,sweeten sound,100,150,1.32,sweeten the sound,3.7,8,2,201.18,297.75,348.31,382.29,1,0,27,10
sweeten,taste,sweeten taste,100,266,3.52,to sweeten the taste,4.07,7,2,129.8,213.23,248.95,267.43,1,0,27,2
sweeten,tea,sweeten tea,100,1464,6.71,tea sweetened,4.69,5,2,72.271,138.59,176.5,199.08,1,0,27,5
sweeten,water,sweeten water,100,593,2.26,water sweetened,5.0,6,2,232.15,324.2,362.8,390.59,1,0,27,24
sweeten,wine,sweeten wine,100,318,3.46,sweeten the wine,4.79,2,2,89.369,155.57,198.09,221.78,1,0,27,4
sweeten,yogurt,sweeten yogurt,100,366,6.85,sweetened yogurt,4.9,1,2,29.924,59.998,74.36,87.038,1,0,27,2
swing,arm,swing arm,100,11379,7.62,swinging arm,4.96,6,13,180.22,255.25,290.97,315.14,1,0,83,21
swing,axe,swing axe,100,3085,8.05,swung the axe,5.0,1,13,40.835,66.546,80.921,90.326,1,0,83,2
swing,bag,swing bag,100,1003,4.48,swung the bag,4.9,9,13,145.54,219.91,255.08,276.69,1,0,83,15
swing,balance,swing balance,100,992,4.43,swing the balance,2.89,12,13,132.32,196.87,226.81,247.01,1,0,83,6
swing,ball,swing ball,100,3681,5.78,swing the ball,5.0,12,13,152.85,224.94,253.8,268.96,1,0,83,26
swing,band,swing band,100,508,3.23,swinging band,4.68,13,13,247.28,343.56,379.96,400.28,1,0,83,3
swing,bar,swing bar,100,434,3.36,swinging bar,4.67,15,13,175.66,275.99,320.38,342.98,1,0,83,7
swing,bat,swing bat,100,8552,9.34,swing the bat,5.0,5,13,106.48,152.39,169.58,180.11,1,0,83,1
swing,baton,swing baton,100,454,5.63,swinging batons,4.64,5,13,51.823,72.243,79.869,84.541,1,0,83,1
swing,bell,swing bell,100,487,4.96,swinging bell,4.96,10,13,103.02,145.88,160.01,167.89,1,0,83,3
swing,blade,swing blade,100,2373,6.93,swung his blade,4.93,9,13,99.421,152.87,179.13,196.07,1,0,83,9
swing,body,swing body,100,1254,3.31,swung his body,4.79,11,13,237.41,335.77,373.18,393.77,1,0,83,40
swing,bridge,swing bridge,100,2126,6.1,swinging bridge,4.97,9,13,213.38,308.7,348.37,371.78,1,0,83,4
swing,camera,swing camera,100,642,3.8,swing the camera,5.0,2,13,128.7,190.76,221.6,239.44,1,0,83,3
swing,cane,swing cane,100,487,5.56,swinging his cane,4.87,3,13,68.567,99.246,112.55,119.76,1,0,83,1
swing,car,swing car,100,577,2.12,swung the car,4.89,5,13,146.58,271.86,328.14,362.93,1,0,83,26
swing,cat,swing cat,100,1687,5.89,swing a cat,4.86,8,13,96.279,168.48,214.51,248.96,1,0,83,4
swing,chain,swing chain,100,553,4.28,swinging chains,4.55,10,13,177.94,249.67,274.0,285.19,1,0,83,5
swing,chair,swing chair,100,1006,5.07,swinging chair,4.58,5,13,202.61,287.24,317.47,333.33,1,0,83,7
swing,club,swing club,100,5593,7.02,swing the club,3.78,7,13,243.73,343.32,386.17,409.6,1,0,83,5
swing,couple,swing couple,100,666,3.12,swinging couples,3.93,5,13,182.09,258.84,294.35,314.51,1,0,83,8
swing,cross,swing cross,100,420,4.64,swinging cross,4.44,6,13,160.91,220.55,239.32,248.97,1,0,83,3
swing,dance,swing dance,100,453,4.43,to swing dance,4.32,4,13,118.98,198.57,227.94,244.97,1,0,83,1
swing,deal,swing deal,100,1766,4.11,swing a deal,3.1,9,13,162.55,254.97,291.8,311.14,1,0,83,10
swing,degree,swing degree,100,514,2.86,swung 180 degrees,3.0,7,13,190.09,272.24,303.72,319.56,1,0,83,5
swing,dick,swing dick,100,597,5.74,swinging dick,4.35,2,13,45.66,69.476,79.291,86.197,1,0,83,1
swing,direction,swing direction,100,410,3.26,swung the other direction,2.79,9,13,226.73,322.34,356.32,374.95,1,0,83,6
swing,door,swing door,100,9808,6.9,swinging doors,4.81,5,13,145.33,240.25,284.65,309.98,1,0,83,14
swing,election,swing election,100,2890,6.04,swing the election,3.17,4,13,169.32,244.01,275.67,294.49,1,0,83,4
swing,end,swing end,100,450,2.44,swinging end,3.14,14,13,214.61,386.98,458.38,496.15,1,0,83,9
swing,fist,swing fist,100,2317,7.49,swung his fist,4.93,1,13,57.217,87.284,100.85,108.91,1,0,83,1
swing,fly,swing fly,100,519,5.23,swinging flies,4.64,5,13,91.278,126.82,143.84,154.57,1,0,83,5
swing,foot,swing foot,100,2501,5.15,swung his feet,4.9,11,13,236.46,337.5,383.01,409.62,1,0,83,23
swing,game,swing game,100,1201,2.15,swung the game,4.5,11,13,197.97,310.04,362.54,399.13,1,0,83,35
swing,gate,swing gate,100,1181,5.89,swinging gate,4.96,4,13,143.81,229.28,265.02,282.2,1,0,83,5
swing,gun,swing gun,100,830,4.22,swung the gun,4.83,7,13,107.12,176.06,215.29,243.49,1,0,83,7
swing,hair,swing hair,100,397,2.98,hair swung,4.97,6,13,145.81,211.36,244.64,264.55,1,0,83,12
swing,hammer,swing hammer,100,3409,8.22,swing a hammer,4.77,8,13,63.213,100.74,119.15,130.18,1,0,83,3
swing,hand,swing hand,100,1603,3.4,swung his hand,4.72,14,13,269.2,382.64,427.86,454.46,1,0,83,33
swing,head,swing head,100,2708,4.5,swung his head,4.75,33,13,299.95,421.51,474.88,503.64,1,0,83,28
swing,hip,swing hip,100,1738,6.98,swinging her hips,4.21,5,13,90.411,129.73,157.16,172.63,1,0,83,6
swing,hook,swing hook,100,404,4.66,swinging hook,4.79,8,13,97.858,145.13,163.73,175.13,1,0,83,4
swing,jazz,swing jazz,100,644,5.8,swinging jazz,3.9,3,13,97.59,148.8,182.53,205.17,1,0,83,1
swing,knife,swing knife,100,682,5.05,swung the knife,4.9,3,13,92.137,132.92,155.86,174.34,1,0,83,8
swing,lantern,swing lantern,100,428,5.37,swinging lantern,5.0,1,13,55.663,85.29,97.912,104.22,1,0,83,1
swing,lead,swing lead,100,411,3.1,swinging the lead,4.1,17,13,130.35,191.55,218.52,233.44,1,0,83,9
swing,leg,swing leg,100,10847,8.07,swung his legs,4.83,9,13,134.48,212.33,256.38,294.07,1,0,83,17
swing,light,swing light,100,395,2.02,swinging light,4.21,15,13,215.58,298.48,332.34,352.33,1,0,83,13
swing,mace,swing mace,100,399,5.54,swung his mace,4.81,4,13,41.331,62.286,71.614,76.207,1,0,83,1
swing,machete,swing machete,100,399,5.54,swinging a machete,4.82,1,13,31.224,44.774,53.54,60.405,1,0,83,1
swing,momentum,swing momentum,100,1348,6.0,swing the momentum,2.5,2,13,79.992,112.44,123.59,129.88,1,0,83,5
swing,music,swing music,100,657,2.81,swing music,4.31,5,13,190.77,285.42,323.99,353.44,1,0,83,7
swing,opinion,swing opinion,100,582,3.21,swing public opinion,1.93,6,13,152.86,241.2,273.22,291.02,1,0,83,10
swing,partner,swing partner,100,396,2.88,swing your partner,3.53,3,13,230.46,320.99,354.06,372.32,1,0,83,2
swing,pendulum,swing pendulum,100,3264,8.52,swinging pendulum,4.69,1,13,38.95,55.421,61.984,65.269,1,0,83,1
swing,punch,swing punch,100,751,5.64,swinging punches,4.39,3,13,72.308,100.35,113.38,121.24,1,0,83,3
swing,racket,swing racket,100,668,6.13,swing the racket,4.26,4,13,53.336,74.988,82.831,86.722,1,0,83,3
swing,result,swing result,100,435,1.14,swing the result,2.85,4,13,216.6,338.17,395.56,425.61,1,0,83,10
swing,rhythm,swing rhythm,100,626,5.31,swinging rhythm,3.07,5,13,93.911,162.57,199.44,220.48,1,0,83,1
swing,rifle,swing rifle,100,435,4.84,swung his rifle,4.85,1,13,67.805,113.06,141.16,161.36,1,0,83,3
swing,right,swing right,100,760,2.0,swinging right,3.47,8,13,191.92,277.76,311.67,326.78,1,0,83,7
swing,rope,swing rope,100,910,5.81,swinging rope,4.93,2,13,101.68,145.55,165.14,178.71,1,0,83,5
swing,round,swing round,100,4533,6.59,swung round,3.9,14,13,139.8,209.38,243.16,267.85,1,0,83,8
swing,scythe,swing scythe,100,460,5.76,swung his scythe,4.29,1,13,19.275,29.785,35.732,40.183,1,0,83,1
swing,seat,swing seat,100,419,3.02,swinging seat,4.78,9,13,185.24,254.59,276.31,286.81,1,0,83,4
swing,ship,swing ship,100,502,3.37,swinging ship,4.87,1,13,128.34,250.17,304.84,346.07,1,0,83,15
swing,side,swing side,100,666,3.08,swinging side,3.68,12,13,242.69,366.37,436.59,477.44,1,0,83,25
swing,sledgehammer,swing sledgehammer,100,392,5.54,swinging a sledgehammer,4.89,1,13,18.062,28.884,33.788,37.273,1,0,83,1
swing,staff,swing staff,100,832,3.84,swung her staff,4.36,6,13,166.75,248.92,288.14,309.36,1,0,83,4
swing,state,swing state,100,696,2.55,swing states,3.52,8,13,191.75,277.34,313.22,330.08,1,0,83,12
swing,stick,swing stick,100,1741,6.52,swing a stick,4.59,9,13,98.732,150.31,174.49,190.91,1,0,83,4
swing,strike,swing strike,100,1079,5.7,swinging strikes,4.07,6,13,121.41,189.04,221.03,238.98,1,0,83,5
swing,sword,swing sword,100,8754,8.75,swung his sword,4.93,1,13,97.936,149.28,180.75,198.31,1,0,83,10
swing,tail,swing tail,100,976,5.88,swinging tail,4.96,8,13,108.95,165.48,193.88,214.43,1,0,83,7
swing,thing,swing thing,100,1127,1.13,swing things,3.17,12,13,143.55,268.8,339.04,370.97,1,0,83,51
swing,time,swing time,100,1036,0.46,swinging good time,3.07,10,13,273.83,408.51,469.17,512.74,1,0,83,50
swing,trade,swing trade,100,1115,5.12,swing a trade,3.08,7,13,117.96,176.2,199.72,213.55,1,0,83,3
swing,vote,swing vote,100,1810,5.23,swing the vote,3.85,5,13,134.11,201.51,233.78,251.74,1,0,83,3
swing,voter,swing voter,100,1407,6.01,to swing voters,3.93,1,13,113.27,163.03,184.22,197.0,1,0,83,2
swing,way,swing way,100,9523,4.06,swing the other way,2.34,12,13,244.04,355.4,397.34,421.07,1,0,83,38
swing,weapon,swing weapon,100,2071,5.36,swung his weapon,4.76,2,13,121.89,179.72,215.89,244.38,1,0,83,12
swing,weight,swing weight,100,869,3.81,swinging weights,3.94,8,13,136.57,203.08,229.71,245.41,1,0,83,7
swing,whip,swing whip,100,414,5.39,swung the whip,4.68,5,13,59.164,80.916,87.681,91.144,1,0,83,3
taste,air,taste air,100,1467,4.85,taste the air,4.11,9,6,153.36,215.5,239.69,254.08,1,0,84,13
taste,alcohol,taste alcohol,100,834,4.89,taste the alcohol,4.76,2,6,108.68,153.8,172.94,185.32,1,0,84,2
taste,apple,taste apple,100,858,5.15,tasting apple,5.0,2,6,122.94,173.31,191.87,204.43,1,0,84,2
taste,bar,taste bar,100,2565,5.66,tasting bar,4.67,15,6,175.66,275.99,320.38,342.98,1,0,84,7
taste,beer,taste beer,100,4437,7.03,tasting beer,4.88,1,6,74.267,130.5,169.11,196.91,1,0,84,5
taste,bit,taste bit,100,5892,4.67,taste a bit,3.27,11,6,192.43,300.42,350.38,380.06,1,0,84,29
taste,bitterness,taste bitterness,100,1082,5.92,taste the bitterness,2.36,4,6,60.309,89.319,103.05,113.21,1,0,84,2
taste,blood,taste blood,100,5479,6.98,tasted blood,4.86,5,6,132.86,194.1,218.83,232.67,1,0,84,9
taste,bottle,taste bottle,100,801,4.36,taste a bottle,4.91,3,6,120.42,183.22,217.03,239.9,1,0,84,12
taste,bread,taste bread,100,1377,5.53,tasting bread,4.92,2,6,73.743,110.84,141.42,169.42,1,0,84,3
taste,cake,taste cake,100,1406,5.53,tasting cake,4.81,3,6,72.352,114.07,149.41,179.15,1,0,84,2
taste,cheese,taste cheese,100,1608,5.97,tasting cheese,4.7,2,6,75.996,122.02,151.65,176.1,1,0,84,4
taste,chocolate,taste chocolate,100,1994,6.37,tasting chocolate,4.72,3,6,95.493,139.69,161.32,177.35,1,0,84,3
taste,coffee,taste coffee,100,3059,6.55,tasting coffee,4.81,4,6,63.844,123.99,152.8,174.46,1,0,84,6
taste,cream,taste cream,100,972,4.99,tasting ice cream,4.83,3,6,105.58,165.87,202.72,226.25,1,0,84,6
taste,cuisine,taste cuisine,100,2672,7.0,taste the local cuisine,3.7,1,6,112.0,162.5,182.19,192.12,1,0,84,1
taste,cup,taste cup,100,1751,5.59,tasting cup,5.0,8,6,115.33,194.33,234.41,266.26,1,0,84,8
taste,day,taste day,100,1259,2.01,tasting day,3.92,10,6,202.17,322.8,424.94,489.25,1,0,84,31
taste,death,taste death,100,2627,5.25,taste death,3.73,8,6,269.53,391.47,466.23,508.95,1,0,84,6
taste,defeat,taste defeat,100,2562,6.76,tasted defeat,2.96,2,6,202.4,297.16,334.65,355.7,1,0,84,1
taste,delicacy,taste delicacy,100,1125,5.96,taste the delicacies,2.81,7,6,76.257,109.3,121.2,127.18,1,0,84,1
taste,delight,taste delight,100,824,5.18,taste the delights,2.3,2,6,108.94,154.2,172.35,183.4,1,0,84,1
taste,difference,taste difference,100,4838,5.04,taste the difference,2.15,5,6,172.12,284.43,350.04,390.67,1,0,84,6
taste,dinner,taste dinner,100,1351,5.21,tasting dinner,4.5,2,6,87.973,196.63,246.57,275.85,1,0,84,1
taste,dish,taste dish,100,5081,7.02,tasting dishes,4.9,6,6,114.88,176.59,214.21,242.14,1,0,84,3
taste,drink,taste drink,100,1786,5.56,tasting drink,4.76,5,6,84.804,162.1,206.78,234.68,1,0,84,7
taste,event,taste event,100,8124,5.5,tasting event,2.69,4,6,226.3,317.53,360.62,385.59,1,0,84,19
taste,experience,taste experience,100,6866,4.9,tasting experience,1.8,3,6,185.87,276.44,315.87,336.02,1,0,84,12
taste,fish,taste fish,100,1203,4.66,tasting fish,5.0,4,6,164.99,237.0,271.35,292.14,1,0,84,9
taste,flavor,taste flavor,100,4555,7.2,taste the flavor,3.55,3,6,58.205,145.13,179.92,198.76,1,0,84,1
taste,flesh,taste flesh,100,1009,5.42,tasted human flesh,4.59,3,6,117.07,169.48,189.27,199.45,1,0,84,4
taste,flight,taste flight,100,1644,5.23,tasting flight,3.9,9,6,182.89,267.28,302.48,324.32,1,0,84,3
taste,food,taste food,100,16369,7.06,tasting food,4.8,3,6,169.07,241.2,280.07,303.04,1,0,84,18
taste,freedom,taste freedom,100,1351,4.84,tasted freedom,2.34,2,6,106.59,157.48,184.07,201.07,1,0,84,2
taste,fruit,taste fruit,100,4860,6.81,taste the fruit,4.81,3,6,128.34,194.72,221.4,242.63,1,0,84,8
taste,glass,taste glass,100,2180,5.58,tasting glass,4.82,7,6,149.6,219.89,246.25,262.92,1,0,84,12
taste,good,taste good,100,924,4.18,tasted good,1.64,4,6,79.783,116.22,127.81,133.23,1,0,84,3
taste,honey,taste honey,100,1124,5.78,taste the honey,4.88,2,6,69.638,108.91,126.14,139.37,1,0,84,1
taste,joy,taste joy,100,880,4.73,taste the joy,2.37,2,6,107.12,161.36,189.58,205.58,1,0,84,5
taste,juice,taste juice,100,1972,6.25,tasting juice,4.89,4,6,86.673,133.6,170.71,193.42,1,0,84,8
taste,kind,taste kind,100,1697,3.43,tastes kind,2.07,1,6,133.27,291.79,361.24,396.17,1,0,84,12
taste,life,taste life,100,1270,2.2,taste life,2.69,14,6,228.25,333.37,374.48,396.14,1,0,84,27
taste,lip,taste lip,100,1112,5.11,taste her lips,4.96,5,6,77.69,125.74,156.68,180.84,1,0,84,7
taste,lot,taste lot,100,4146,3.34,taste a lot,3.7,7,6,144.92,243.93,294.05,322.54,1,0,84,34
taste,love,taste love,100,880,3.6,taste the love,2.07,6,6,236.75,336.16,379.05,401.89,1,0,84,7
taste,meal,taste meal,100,1571,4.97,tasting meal,4.62,3,6,108.62,181.62,219.62,243.19,1,0,84,3
taste,meat,taste meat,100,1531,5.4,tasting meat,4.9,3,6,92.942,146.23,184.83,210.57,1,0,84,6
taste,menu,taste menu,100,18465,8.98,tasting menu,4.67,4,6,135.35,200.39,223.23,235.96,1,0,84,2
taste,milk,taste milk,100,926,4.9,tasting milk,4.92,4,6,85.509,138.38,171.6,192.28,1,0,84,6
taste,mouth,taste mouth,100,814,4.6,mouth tasted like,4.74,8,6,171.28,251.18,292.8,315.3,1,0,84,6
taste,nectar,taste nectar,100,896,5.67,taste the nectar,4.63,3,6,44.602,62.062,68.341,71.556,1,0,84,1
taste,note,taste note,100,21445,7.78,tasting notes,4.61,9,6,185.39,262.54,291.67,307.86,1,0,84,8
taste,oil,taste oil,100,1689,4.85,tasting oil,4.93,4,6,116.09,174.9,208.49,229.11,1,0,84,13
taste,party,taste party,100,1553,4.0,tasting party,3.89,5,6,161.4,244.31,287.75,312.33,1,0,84,10
taste,pepper,taste pepper,100,934,5.5,taste pepper,4.59,4,6,52.436,104.99,135.75,156.73,1,0,84,2
taste,pleasure,taste pleasure,100,887,4.44,tasting pleasure,2.04,5,6,99.175,152.15,178.62,192.12,1,0,84,1
taste,power,taste power,100,950,2.34,tasted power,2.04,9,6,196.2,276.34,308.2,322.74,1,0,84,19
taste,product,taste product,100,3243,3.97,tasting product,4.17,6,6,227.73,323.72,365.31,390.22,1,0,84,15
taste,range,taste range,100,1086,3.18,taste a range,3.22,9,6,198.81,309.84,356.99,380.7,1,0,84,6
taste,recipe,taste recipe,100,1284,4.8,tasting recipes,4.43,1,6,119.4,170.81,194.14,207.31,1,0,84,3
taste,result,taste result,100,961,2.22,taste the results,2.85,4,6,216.6,338.17,395.56,425.61,1,0,84,10
taste,salt,taste salt,100,2331,6.51,taste the salt,4.89,4,6,95.397,158.93,190.86,211.55,1,0,84,4
taste,sample,taste sample,100,2308,5.31,tasting samples,3.79,3,6,166.24,232.86,260.07,273.73,1,0,84,4
taste,sauce,taste sauce,100,1742,6.14,taste the sauce,4.75,1,6,85.746,147.89,184.05,207.34,1,0,84,4
taste,selection,taste selection,100,858,4.07,taste a selection of,2.34,5,6,168.7,243.49,274.21,291.44,1,0,84,2
taste,session,taste session,100,4674,6.17,tasting session,2.58,4,6,181.47,258.85,293.65,312.46,1,0,84,3
taste,skin,taste skin,100,912,4.14,taste her skin,4.79,6,6,169.4,240.84,276.4,299.07,1,0,84,10
taste,soup,taste soup,100,1360,5.92,taste the soup,4.72,3,6,60.974,99.863,134.03,163.83,1,0,84,4
taste,stuff,taste stuff,100,1106,3.81,tasting stuff,3.13,7,6,154.36,228.68,256.01,270.5,1,0,84,15
taste,success,taste success,100,4956,5.9,tasted success,2.21,4,6,194.18,295.66,331.23,349.41,1,0,84,5
taste,sweetness,taste sweetness,100,2863,7.27,taste the sweetness of,2.83,4,6,51.911,82.898,97.691,105.89,1,0,84,1
taste,taste,taste taste,100,916,4.58,taste the taste,4.07,7,6,129.8,213.23,248.95,267.43,1,0,84,2
taste,tea,taste tea,100,1952,6.06,tasting tea,4.69,5,6,72.271,138.59,176.5,199.08,1,0,84,5
taste,test,taste test,100,827,2.98,to taste test,3.93,6,6,143.42,222.3,256.56,274.48,1,0,84,5
taste,thing,taste thing,100,2575,2.3,taste things,3.17,12,6,143.55,268.8,339.04,370.97,1,0,84,51
taste,time,taste time,100,1480,0.96,Tasted three times,3.07,10,6,273.83,408.51,469.17,512.74,1,0,84,50
taste,tomato,taste tomato,100,1117,5.61,tasting tomatoes,5.0,2,6,47.116,90.08,130.19,155.75,1,0,84,3
taste,tour,taste tour,100,3051,5.89,tasting tour,3.38,3,6,200.77,282.75,318.94,340.73,1,0,84,1
taste,variety,taste variety,100,2388,4.79,taste a variety,2.13,6,6,189.87,293.84,344.92,372.87,1,0,84,7
taste,victory,taste victory,100,2555,5.96,tasted victory,2.55,1,6,205.23,323.57,386.01,422.35,1,0,84,5
taste,vintage,taste vintage,100,1257,6.11,taste the new vintage,2.7,2,6,63.416,94.265,107.18,114.03,1,0,84,1
taste,water,taste water,100,4008,4.85,tasting water,5.0,6,6,232.15,324.2,362.8,390.59,1,0,84,24
taste,way,taste way,100,3764,2.71,taste your way,2.34,12,6,244.04,355.4,397.34,421.07,1,0,84,38
taste,wine,taste wine,100,24525,9.12,tasting wine,4.79,2,6,89.369,155.57,198.09,221.78,1,0,84,4
throw,arm,throw arm,100,26285,7.7,threw her arms,4.96,6,15,180.22,255.25,290.97,315.14,1,0,95,21
throw,baby,throw baby,100,10185,6.44,throw the baby out with the,5.0,7,15,142.59,217.27,250.61,271.03,1,0,95,8
throw,bag,throw bag,100,7486,6.05,threw the bag,4.9,9,15,145.54,219.91,255.08,276.69,1,0,95,15
throw,ball,throw ball,100,71815,9.05,throw the ball,5.0,12,15,152.85,224.94,253.8,268.96,1,0,95,26
throw,baseball,throw baseball,100,3787,5.55,throw a baseball,4.86,2,15,67.668,102.42,130.36,148.81,1,0,95,1
throw,bit,throw bit,100,5046,4.11,throw a bit,3.27,11,15,192.43,300.42,350.38,380.06,1,0,95,29
throw,blanket,throw blanket,100,5306,6.01,throw a blanket,5.0,3,15,67.187,106.91,127.65,141.13,1,0,95,3
throw,body,throw body,100,13936,6.16,body was thrown,4.79,11,15,237.41,335.77,373.18,393.77,1,0,95,40
throw,bomb,throw bomb,100,14164,7.29,throwing bombs,4.84,3,15,82.168,128.66,156.09,175.26,1,0,95,7
throw,bone,throw bone,100,4737,5.7,throw a bone,4.9,3,15,113.62,182.3,215.25,233.86,1,0,95,6
throw,book,throw book,100,10965,5.3,throw the book,4.9,11,15,222.59,338.67,394.89,426.22,1,0,95,15
throw,bottle,throw bottle,100,12744,7.01,throwing bottles,4.91,3,15,120.42,183.22,217.03,239.9,1,0,95,12
throw,brick,throw brick,100,6810,6.36,throwing bricks,4.83,2,15,85.298,130.44,165.76,185.19,1,0,95,2
throw,bunch,throw bunch,100,4566,5.51,throw a bunch of,3.5,3,15,111.17,185.88,217.22,235.8,1,0,95,3
throw,card,throw card,100,3695,4.56,cards are thrown,4.9,11,15,148.11,207.64,231.41,245.34,1,0,95,11
throw,case,throw case,100,5199,4.15,case thrown,3.93,20,15,282.91,389.36,429.99,455.63,1,0,95,16
throw,caution,throw caution,100,12185,7.23,throw caution to the wind,2.04,4,15,56.967,83.004,93.24,98.931,1,0,95,1
throw,chair,throw chair,100,4375,5.48,throwing chairs,4.58,5,15,202.61,287.24,317.47,333.33,1,0,95,7
throw,challenge,throw challenge,100,5169,4.86,challenges thrown,2.11,5,15,158.7,224.89,250.88,263.63,1,0,95,9
throw,child,throw child,100,4105,3.75,children were thrown,4.78,4,15,201.04,295.22,346.37,384.22,1,0,95,21
throw,cocktail,throw cocktail,100,3801,5.54,throwing Molotov cocktails,4.4,2,15,69.192,110.3,126.3,135.37,1,0,95,2
throw,coin,throw coin,100,4430,5.62,throwing coins,4.89,1,15,99.96,146.96,163.78,174.69,1,0,95,4
throw,couple,throw couple,100,4283,4.88,throw a couple of,3.93,5,15,182.09,258.84,294.35,314.51,1,0,95,8
throw,curveball,throw curveball,100,4909,6.0,throw a curveball,4.26,0,15,19.169,30.926,37.117,41.137,1,0,95,1
throw,dart,throw dart,100,7505,6.6,throwing darts,4.9,3,15,60.569,86.132,95.021,99.817,1,0,95,2
throw,dice,throw dice,100,5537,6.12,throw the dice,4.86,1,15,51.044,70.528,77.317,80.88,1,0,95,1
throw,door,throw door,100,5428,5.17,threw the door,4.81,5,15,145.33,240.25,284.65,309.98,1,0,95,14
throw,doubt,throw doubt,100,3607,4.98,throw doubt,1.79,2,15,158.05,239.27,270.23,288.3,1,0,95,5
throw,egg,throw egg,100,5328,5.71,throwing eggs,4.97,3,15,124.85,178.59,202.35,217.95,1,0,95,9
throw,error,throw error,100,33190,7.95,throwing error,2.68,7,15,127.5,191.5,215.85,231.26,1,0,95,2
throw,event,throw event,100,5384,4.49,throwing events,2.69,4,15,226.3,317.53,360.62,385.59,1,0,95,19
throw,exception,throw exception,100,39922,8.59,throw an exception,1.85,3,15,246.11,352.32,390.19,411.94,1,0,95,2
throw,fastball,throw fastball,100,6021,6.28,throws a fastball,3.79,1,15,39.612,63.293,76.353,84.829,1,0,95,1
throw,fit,throw fit,100,14985,7.19,throw a fit,2.7,4,15,108.94,153.68,169.1,175.94,1,0,95,1
throw,flag,throw flag,100,3631,5.16,flag was thrown,4.79,7,15,118.42,169.96,192.99,204.91,1,0,95,6
throw,food,throw food,100,7765,5.41,throwing food,4.8,3,15,169.07,241.2,280.07,303.04,1,0,95,18
throw,football,throw football,100,5650,5.98,throw the football,4.73,2,15,56.975,106.34,140.5,160.87,1,0,95,2
throw,game,throw game,100,10539,4.96,threw a complete game,4.5,11,15,197.97,310.04,362.54,399.13,1,0,95,35
throw,garbage,throw garbage,100,3751,5.54,throw garbage,4.69,3,15,43.039,76.299,92.044,100.14,1,0,95,2
throw,grenade,throw grenade,100,16927,7.74,throwing grenades,4.9,1,15,51.974,79.046,94.614,107.49,1,0,95,2
throw,hand,throw hand,100,19678,6.49,threw his hands,4.72,14,15,269.2,382.64,427.86,454.46,1,0,95,33
throw,hat,throw hat,100,14261,7.29,throw my hat,4.88,2,15,87.277,125.25,147.49,171.25,1,0,95,3
throw,head,throw head,100,22838,6.93,threw his head,4.75,33,15,299.95,421.51,474.88,503.64,1,0,95,28
throw,idea,throw idea,100,7961,4.69,throwing ideas,1.61,5,15,186.11,292.47,339.77,365.76,1,0,95,31
throw,innings,throw innings,100,18549,7.84,threw two innings,3.41,2,15,8.1949,11.293,12.28,12.761,1,0,95,2
throw,interception,throw interception,100,18392,7.87,threw an interception,2.7,2,15,48.597,79.389,98.709,110.87,1,0,95,1
throw,item,throw item,100,5078,4.82,throwing items,4.41,5,15,197.78,301.7,343.31,365.49,1,0,95,15
throw,kick,throw kick,100,3891,5.52,throws a leg kick,4.33,6,15,78.956,125.28,150.98,169.82,1,0,95,2
throw,knife,throw knife,100,11167,6.97,throwing knives,4.9,3,15,92.137,132.92,155.86,174.34,1,0,95,8
throw,leg,throw leg,100,4497,5.37,throw a leg,4.83,9,15,134.48,212.33,256.38,294.07,1,0,95,17
throw,life,throw life,100,7146,4.41,life is thrown,2.69,14,15,228.25,333.37,374.48,396.14,1,0,95,27
throw,light,throw light,100,39951,7.92,throw light,4.21,15,15,215.58,298.48,332.34,352.33,1,0,95,13
throw,line,throw line,100,4591,4.3,throw a line,4.5,30,15,253.42,357.41,397.32,421.22,1,0,95,42
throw,lot,throw lot,100,14449,4.95,throw a lot,3.7,7,15,144.92,243.93,294.05,322.54,1,0,95,34
throw,man,throw man,100,6392,4.39,men were thrown,4.79,11,15,192.73,336.5,412.7,455.21,1,0,95,37
throw,money,throw money,100,43659,7.27,throwing money,4.54,3,15,103.44,164.62,189.47,205.68,1,0,95,15
throw,name,throw name,100,5381,4.14,names thrown,3.5,6,15,276.55,417.22,464.64,487.44,1,0,95,16
throw,number,throw number,100,4934,3.6,numbers thrown,3.3,11,15,198.05,280.36,322.92,351.63,1,0,95,36
throw,object,throw object,100,11209,6.3,throwing objects,3.66,5,15,227.43,320.07,354.24,371.31,1,0,95,11
throw,paper,throw paper,100,3650,4.63,threw the paper,4.93,7,15,155.17,242.42,275.37,290.75,1,0,95,8
throw,party,throw party,100,58685,8.54,throw a party,3.89,5,15,161.4,244.31,287.75,312.33,1,0,95,10
throw,pass,throw pass,100,26498,8.11,passes thrown,2.71,17,15,137.75,207.72,239.64,258.53,1,0,95,5
throw,people,throw people,100,13439,4.39,throw people,4.82,4,15,190.25,264.24,315.17,343.14,1,0,95,39
throw,pick,throw pick,100,4119,5.53,threw a pick,3.82,9,15,93.548,135.04,153.41,167.49,1,0,95,2
throw,piece,throw piece,100,5759,4.97,threw a piece,4.14,13,15,236.3,331.62,361.88,377.98,1,0,95,26
throw,pillow,throw pillow,100,4465,5.8,throw pillows,5.0,1,15,45.358,79.452,96.114,106.98,1,0,95,1
throw,pitch,throw pitch,100,23938,8.09,pitches thrown,4.0,10,15,146.78,205.88,229.23,240.91,1,0,95,3
throw,punch,throw punch,100,26642,8.32,throwing punches,4.39,3,15,72.308,100.35,113.38,121.24,1,0,95,3
throw,question,throw question,100,4942,3.89,questions thrown,3.36,6,15,211.73,299.72,335.13,354.36,1,0,95,7
throw,rock,throw rock,100,33109,8.39,throwing rocks,4.91,7,15,225.91,320.78,360.6,382.06,1,0,95,10
throw,shade,throw shade,100,5672,6.03,throwing shade,3.38,8,15,75.902,132.13,154.85,166.31,1,0,95,2
throw,shadow,throw shadow,100,4362,5.65,shadows thrown,4.54,9,15,136.51,200.2,223.91,235.43,1,0,95,5
throw,shoe,throw shoe,100,5437,5.83,threw a shoe,4.97,4,15,83.429,129.65,161.22,186.45,1,0,95,4
throw,shot,throw shot,100,5568,5.36,throwing shots,4.44,17,15,163.26,250.01,288.05,309.59,1,0,95,10
throw,snowball,throw snowball,100,4051,5.72,throwing snowballs,4.93,4,15,27.429,38.679,42.167,43.876,1,0,95,2
throw,spear,throw spear,100,5240,6.05,throwing spears,5.0,2,15,46.238,84.648,102.05,113.21,1,0,95,2
throw,stick,throw stick,100,5228,5.9,throwing sticks,4.59,9,15,98.732,150.31,174.49,190.91,1,0,95,4
throw,stone,throw stone,100,42690,8.74,throwing stones,4.72,13,15,159.19,242.89,279.87,302.48,1,0,95,11
throw,strike,throw strike,100,9224,6.69,throw strikes,4.07,6,15,121.41,189.04,221.03,238.98,1,0,95,5
throw,stuff,throw stuff,100,10555,6.25,throwing stuff,3.13,7,15,154.36,228.68,256.01,270.5,1,0,95,15
throw,support,throw support,100,13945,6.0,threw his support,2.83,11,15,192.66,285.67,327.93,350.38,1,0,95,9
throw,switch,throw switch,100,6540,6.09,throw the switch,4.07,7,15,116.64,170.85,193.38,206.68,1,0,95,2
throw,tantrum,throw tantrum,100,20160,8.02,throwing a tantrum,3.37,1,15,33.155,47.811,53.989,57.94,1,0,95,1
throw,thing,throw thing,100,29364,5.65,throwing things,3.17,12,15,143.55,268.8,339.04,370.97,1,0,95,51
throw,time,throw time,100,3646,2.15,time thrown,3.07,10,15,273.83,408.51,469.17,512.74,1,0,95,50
throw,touchdown,throw touchdown,100,14135,7.44,threw a touchdown,3.88,2,15,63.201,102.35,128.33,145.32,1,0,95,2
throw,towel,throw towel,100,4304,5.72,throw the towel,4.86,1,15,56.372,89.458,106.92,118.06,1,0,95,2
throw,toy,throw toy,100,3897,5.45,throwing toys,4.93,5,15,103.54,153.05,177.64,191.24,1,0,95,2
throw,trash,throw trash,100,3650,5.51,throw trash,4.7,4,15,39.822,78.445,93.021,100.46,1,0,95,1
throw,water,throw water,100,12608,5.99,throwing water,5.0,6,15,232.15,324.2,362.8,390.59,1,0,95,24
throw,way,throw way,100,18639,4.87,thrown his way,2.34,12,15,244.04,355.4,397.34,421.07,1,0,95,38
throw,weapon,throw weapon,100,6846,5.85,thrown weapons,4.76,2,15,121.89,179.72,215.89,244.38,1,0,95,12
throw,weight,throw weight,100,20322,7.29,throw their weight,3.94,8,15,136.57,203.08,229.71,245.41,1,0,95,7
throw,word,throw word,100,6565,4.76,words thrown,3.56,10,15,247.83,371.55,418.36,446.17,1,0,95,25
throw,wrench,throw wrench,100,14002,7.48,throw a wrench,4.93,3,15,23.36,39.344,46.7,51.162,1,0,95,1
twist,ankle,twist ankle,100,5585,9.05,twisted his ankle,4.81,1,10,41.848,89.279,125.92,148.97,1,0,87,4
twist,arm,twist arm,100,11204,7.63,twist my arm,4.96,6,10,180.22,255.25,290.97,315.14,1,0,87,21
twist,back,twist back,100,623,3.92,twisted his back,4.33,9,10,202.43,294.7,348.59,382.6,1,0,87,9
twist,bit,twist bit,100,1383,2.64,a bit twisted,3.27,11,10,192.43,300.42,350.38,380.06,1,0,87,29
twist,blade,twist blade,100,805,5.46,twisted the blade,4.93,9,10,99.421,152.87,179.13,196.07,1,0,87,9
twist,body,twist body,100,6216,5.63,body twisted,4.79,11,10,237.41,335.77,373.18,393.77,1,0,87,40
twist,brain,twist brain,100,504,4.19,twist your brain,4.69,5,10,120.31,177.7,212.37,233.34,1,0,87,8
twist,branch,twist branch,100,483,4.18,twisting branches,4.9,6,10,219.89,313.19,345.27,359.23,1,0,87,7
twist,cable,twist cable,100,502,4.31,twist the cable,4.74,6,10,115.74,172.2,198.15,212.99,1,0,87,4
twist,cap,twist cap,100,997,5.4,twist the cap,4.59,9,10,101.88,157.85,180.37,194.16,1,0,87,4
twist,cord,twist cord,100,473,5.23,cord twisted,4.63,4,10,87.55,127.25,142.62,153.43,1,0,87,5
twist,degree,twist degree,100,432,2.63,twisted 180 degrees,3.0,7,10,190.09,272.24,303.72,319.56,1,0,87,5
twist,dial,twist dial,100,708,6.16,twist the dial,4.52,4,10,64.594,91.959,103.32,110.33,1,0,87,2
twist,ear,twist ear,100,584,4.7,ears twisted,5.0,5,10,96.208,155.07,189.7,219.75,1,0,87,8
twist,end,twist end,100,2165,4.73,twist the ends,3.14,14,10,214.61,386.98,458.38,496.15,1,0,87,9
twist,face,twist face,100,4798,6.17,face twisted,4.87,13,10,234.58,343.73,395.03,428.46,1,0,87,15
twist,fact,twist fact,100,3548,5.02,twist the facts,2.72,4,10,254.34,365.67,419.85,450.64,1,0,87,9
twist,feature,twist feature,100,796,2.81,features twisted,2.96,6,10,224.82,325.48,365.88,386.04,1,0,87,9
twist,fiber,twist fiber,100,460,5.01,fibers twisted,4.5,5,10,62.449,128.55,154.95,167.55,1,0,87,3
twist,finger,twist finger,100,1904,5.59,fingers twisted,5.0,3,10,107.49,155.49,183.73,208.51,1,0,87,12
twist,foot,twist foot,100,1019,3.88,foot twisted,4.9,11,10,236.46,337.5,383.01,409.62,1,0,87,23
twist,form,twist form,100,414,1.56,twisting form,3.13,16,10,243.13,363.22,411.47,440.19,1,0,87,6
twist,gut,twist gut,100,599,5.73,gut twisted,4.15,3,10,60.847,88.961,101.48,110.5,1,0,87,3
twist,hair,twist hair,100,2088,5.41,hair twisted,4.97,6,10,145.81,211.36,244.64,264.55,1,0,87,12
twist,hand,twist hand,100,3059,4.35,hands twisted,4.72,14,10,269.2,382.64,427.86,454.46,1,0,87,33
twist,handle,twist handle,100,740,5.5,twist the handle,4.57,1,10,,,,,1,0,87,3
twist,head,twist head,100,5099,5.42,twisted his head,4.75,33,10,299.95,421.51,474.88,503.64,1,0,87,28
twist,heart,twist heart,100,645,3.4,heart twisted,4.52,10,10,222.29,308.92,338.38,354.34,1,0,87,18
twist,hip,twist hip,100,943,6.22,twisted his hips,4.21,5,10,90.411,129.73,157.16,172.63,1,0,87,6
twist,history,twist history,100,644,2.72,twist history,2.96,5,10,244.12,342.42,382.02,402.74,1,0,87,9
twist,idea,twist idea,100,404,0.76,twisted ideas,1.61,5,10,186.11,292.47,339.77,365.76,1,0,87,31
twist,key,twist key,100,596,3.43,twist the key,4.89,15,10,135.99,198.79,224.6,237.24,1,0,87,7
twist,knee,twist knee,100,1508,6.6,twisted his knee,5.0,3,10,71.134,127.72,169.11,201.61,1,0,87,10
twist,knife,twist knife,100,2722,7.12,twist the knife,4.9,3,10,92.137,132.92,155.86,174.34,1,0,87,8
twist,knob,twist knob,100,2003,7.59,twisted the knob,4.75,4,10,60.367,85.589,96.822,103.58,1,0,87,1
twist,language,twist language,100,463,2.5,twist the language,2.35,6,10,194.82,290.71,327.65,349.13,1,0,87,2
twist,law,twist law,100,912,2.96,twist the law,2.57,7,10,136.56,216.4,271.88,309.43,1,0,87,10
twist,leg,twist leg,100,1699,5.43,legs twisted,4.83,9,10,134.48,212.33,256.38,294.07,1,0,87,17
twist,life,twist life,100,423,0.67,life twisted,2.69,14,10,228.25,333.37,374.48,396.14,1,0,87,27
twist,limb,twist limb,100,498,5.39,limbs twisted,4.64,6,10,75.578,119.17,143.41,159.78,1,0,87,2
twist,line,twist line,100,963,2.55,twisting lines,4.5,30,10,253.42,357.41,397.32,421.22,1,0,87,42
twist,lip,twist lip,100,2091,6.53,lips twisted,4.96,5,10,77.69,125.74,156.68,180.84,1,0,87,7
twist,lock,twist lock,100,441,4.69,twisting a lock,4.65,6,10,123.39,173.09,188.93,197.25,1,0,87,6
twist,logic,twist logic,100,479,4.58,twist logic,1.72,5,10,103.38,157.82,180.81,193.67,1,0,87,2
twist,loop,twist loop,100,389,4.3,twist the loop,4.26,10,10,130.88,184.93,207.99,219.91,1,0,87,3
twist,meaning,twist meaning,100,1654,5.18,twist the meaning,1.85,2,10,162.8,234.33,260.23,275.05,1,0,87,4
twist,metal,twist metal,100,429,4.25,twisting metal,4.87,2,10,125.31,203.89,250.4,277.21,1,0,87,9
twist,mind,twist mind,100,1852,4.71,twist your mind,2.5,7,10,197.15,276.78,313.43,334.55,1,0,87,16
twist,motion,twist motion,100,1088,5.15,a twisting motion,3.8,7,10,126.73,181.66,202.69,213.78,1,0,87,2
twist,mouth,twist mouth,100,2105,6.46,mouth twisted,4.74,8,10,171.28,251.18,292.8,315.3,1,0,87,6
twist,movement,twist movement,100,602,3.2,twisting movements,3.63,11,10,228.82,319.09,350.45,367.29,1,0,87,13
twist,neck,twist neck,100,2250,7.14,twisted his neck,5.0,5,10,103.05,160.31,195.22,234.8,1,0,87,8
twist,nipple,twist nipple,100,842,6.45,twisting her nipples,4.83,2,10,33.037,48.872,56.661,62.685,1,0,87,2
twist,passage,twist passage,100,385,3.96,twisting passages,3.8,10,10,188.69,265.41,290.41,302.31,1,0,87,2
twist,piece,twist piece,100,652,2.51,twisting a piece,4.14,13,10,236.3,331.62,361.88,377.98,1,0,87,26
twist,plot,twist plot,100,750,4.96,twisting plot,3.14,4,10,152.98,228.72,255.26,268.78,1,0,87,5
twist,reality,twist reality,100,915,4.42,twist reality,1.72,4,10,156.24,228.7,258.45,273.33,1,0,87,8
twist,ring,twist ring,100,1015,5.12,rings are twisted,4.81,9,10,158.39,221.34,244.87,257.2,1,0,87,6
twist,road,twist road,100,2210,5.42,twisting roads,4.75,2,10,236.91,405.38,498.87,551.42,1,0,87,9
twist,rope,twist rope,100,707,5.55,rope twisted,4.93,2,10,101.68,145.55,165.14,178.71,1,0,87,5
twist,round,twist round,100,1002,4.44,twisted round,3.9,14,10,139.8,209.38,243.16,267.85,1,0,87,8
twist,rule,twist rule,100,428,2.03,twist the rules,2.57,12,10,177.48,280.06,326.59,358.7,1,0,87,11
twist,screw,twist screw,100,383,4.6,twist the screw,4.81,5,10,55.734,82.213,98.356,112.79,1,0,87,2
twist,scripture,twist scripture,100,1004,6.4,twist the Scriptures,3.86,2,10,67.47,108.18,136.98,156.17,1,0,87,2
twist,section,twist section,100,515,2.61,twisting section,3.24,14,10,251.58,357.1,398.07,416.69,1,0,87,11
twist,side,twist side,100,375,2.27,twisting side,3.68,12,10,242.69,366.37,436.59,477.44,1,0,87,25
twist,spine,twist spine,100,543,5.65,twisting the spine,4.88,5,10,81.784,123.37,148.95,164.7,1,0,87,3
twist,statement,twist statement,100,376,2.0,statement was twisted,2.96,7,10,170.19,247.31,285.97,308.4,1,0,87,3
twist,stomach,twist stomach,100,1046,6.44,stomach twisted,4.89,4,10,81.894,129.6,150.59,166.12,1,0,87,2
twist,story,twist story,100,1569,2.79,twist the story,3.3,6,10,197.18,328.22,376.06,402.62,1,0,87,28
twist,strand,twist strand,100,1183,6.73,strands twisted,4.1,6,10,109.11,152.77,169.27,178.17,1,0,87,2
twist,string,twist string,100,372,3.58,twist the string,4.76,10,10,172.64,246.14,273.02,285.14,1,0,87,5
twist,tail,twist tail,100,615,5.31,twist the tail,4.96,8,10,108.95,165.48,193.88,214.43,1,0,87,7
twist,tale,twist tale,100,619,4.67,twisting tale of,3.23,2,10,178.08,277.38,316.31,343.61,1,0,87,3
twist,thing,twist thing,100,2597,2.33,twist things,3.17,12,10,143.55,268.8,339.04,370.97,1,0,87,51
twist,thread,twist thread,100,807,4.38,threads twisted,4.83,4,10,107.65,151.12,168.96,178.79,1,0,87,9
twist,throttle,twist throttle,100,1358,7.25,twist the throttle,4.24,2,10,36.471,51.72,58.09,61.665,1,0,87,3
twist,tongue,twist tongue,100,753,5.52,tongue twisted,4.93,8,10,111.81,154.76,172.28,185.07,1,0,87,4
twist,top,twist top,100,752,4.76,twist the top,3.93,11,10,196.8,334.23,419.4,464.91,1,0,87,10
twist,torso,twist torso,100,1048,7.0,twist your torso,4.83,1,10,48.313,78.312,93.134,104.4,1,0,87,1
twist,truth,twist truth,100,3138,5.58,twist the truth,1.96,5,10,153.56,224.44,249.84,264.71,1,0,87,8
twist,way,twist way,100,2429,2.1,twists its way,2.34,12,10,244.04,355.4,397.34,421.07,1,0,87,38
twist,wire,twist wire,100,3329,7.1,wires twisted,4.72,4,10,109.41,157.85,184.72,202.41,1,0,87,5
twist,word,twist word,100,6271,5.18,twist my words,3.56,10,10,247.83,371.55,418.36,446.17,1,0,87,25
twist,world,twist world,100,429,1.56,world twisted,4.36,8,10,202.2,309.66,360.98,390.98,1,0,87,28
twist,wrist,twist wrist,100,1986,7.5,twisted his wrist,4.93,1,10,41.938,84.636,123.83,149.09,1,0,87,7
twist,yarn,twist yarn,100,715,6.04,yarn twisted,4.93,2,10,68.587,101.1,112.5,118.39,1,0,87,3
unearth,answer,unearth answer,100,167,1.21,unearth answers,2.89,5,2,136.99,211.28,240.33,253.53,1,0,77,2
unearth,article,unearth article,100,215,0.56,Unearthed Arcana article,4.33,4,2,179.02,272.79,315.01,337.97,1,0,77,9
unearth,artifact,unearth artifact,100,1116,6.77,artifacts unearthed,4.5,1,2,63.683,133.14,162.96,178.99,1,0,77,1
unearth,body,unearth body,100,673,2.47,bodies were unearthed,4.79,11,2,237.41,335.77,373.18,393.77,1,0,77,40
unearth,bone,unearth bone,100,711,5.34,bones were unearthed,4.9,3,2,113.62,182.3,215.25,233.86,1,0,77,6
unearth,book,unearth book,100,217,0.09,unearthed a book,4.9,11,2,222.59,338.67,394.89,426.22,1,0,77,15
unearth,box,unearth box,100,215,1.98,unearthed a box,4.9,10,2,185.98,265.79,297.28,315.78,1,0,77,8
unearth,cache,unearth cache,100,186,4.64,unearthed a cache of,3.8,3,2,70.691,102.05,112.99,118.46,1,0,77,1
unearth,case,unearth case,100,275,0.33,unearthed a case,3.93,20,2,282.91,389.36,429.99,455.63,1,0,77,16
unearth,cause,unearth cause,100,166,1.43,unearth the cause,2.43,5,2,177.98,256.75,293.25,317.43,1,0,77,2
unearth,clue,unearth clue,100,517,4.67,unearth clues,2.93,2,2,90.414,128.15,141.26,147.94,1,0,77,1
unearth,coin,unearth coin,100,335,4.33,coins were unearthed,4.89,1,2,99.96,146.96,163.78,174.69,1,0,77,4
unearth,collection,unearth collection,100,216,1.79,unearthed a collection,4.04,4,2,205.96,301.06,341.35,364.34,1,0,77,3
unearth,connection,unearth connection,100,272,1.87,unearth connections,3.0,9,2,212.19,336.16,390.35,421.85,1,0,77,8
unearth,conspiracy,unearth conspiracy,100,332,5.62,unearth the conspiracy,1.76,3,2,89.273,128.15,143.57,153.44,1,0,77,1
unearth,copy,unearth copy,100,195,1.46,unearthed a copy,3.9,4,2,154.08,222.55,246.42,258.47,1,0,77,2
unearth,detail,unearth detail,100,703,3.02,unearth details,2.5,5,2,181.66,257.54,289.87,309.11,1,0,77,10
unearth,diamond,unearth diamond,100,219,4.74,diamond was unearthed,4.89,6,2,90.364,140.45,159.75,171.58,1,0,77,2
unearth,discovery,unearth discovery,100,318,4.32,discoveries unearthed,2.36,4,2,161.74,234.54,261.11,275.88,1,0,77,1
unearth,document,unearth document,100,900,3.53,unearthed documents,4.41,4,2,158.9,245.28,277.4,295.0,1,0,77,8
unearth,evidence,unearth evidence,100,2275,4.28,unearthed evidence,3.65,3,2,161.8,250.91,291.33,310.6,1,0,77,5
unearth,example,unearth example,100,185,0.58,unearthed examples,3.03,6,2,242.85,422.42,514.37,556.22,1,0,77,3
unearth,fact,unearth fact,100,974,3.22,unearthed the fact,2.72,4,2,254.34,365.67,419.85,450.64,1,0,77,9
unearth,find,unearth find,100,364,6.09,finds unearthed,2.63,2,2,56.736,89.911,101.64,107.74,1,0,77,1
unearth,finding,unearth finding,100,224,2.84,findings unearthed,2.89,3,2,131.79,191.93,216.85,230.68,1,0,77,2
unearth,footage,unearth footage,100,329,4.54,unearthed footage,3.42,2,2,102.35,161.17,187.24,200.89,1,0,77,3
unearth,fossil,unearth fossil,100,748,7.14,fossils unearthed,4.9,2,2,82.179,119.57,136.28,145.49,1,0,77,1
unearth,foundation,unearth foundation,100,165,2.36,unearthed the foundations of,3.74,7,2,179.51,257.89,289.64,307.68,1,0,77,4
unearth,fragment,unearth fragment,100,266,4.85,unearthed fragments,4.1,3,2,149.57,210.85,235.42,249.97,1,0,77,1
unearth,gem,unearth gem,100,1587,7.23,unearthed a gem,4.88,5,2,78.17,127.57,146.39,154.91,1,0,77,2
unearth,grave,unearth grave,100,513,6.14,graves were unearthed,4.56,3,2,113.35,177.25,202.53,217.19,1,0,77,1
unearth,history,unearth history,100,1036,3.48,unearth the history,2.96,5,2,244.12,342.42,382.02,402.74,1,0,77,9
unearth,hundred,unearth hundred,100,178,2.39,unearthed hundreds of,3.2,1,2,62.203,182.2,248.64,284.5,1,0,77,4
unearth,image,unearth image,100,174,0.36,unearthed images,3.85,9,2,179.93,316.21,370.25,403.89,1,0,77,21
unearth,information,unearth information,100,1323,1.9,unearth information,2.87,5,2,188.65,292.02,342.92,373.06,1,0,77,17
unearth,insight,unearth insight,100,566,3.65,unearth insights,1.72,4,2,127.44,178.44,194.41,201.84,1,0,77,4
unearth,issue,unearth issue,100,344,0.33,unearth issues,2.37,11,2,174.52,308.87,366.65,399.06,1,0,77,16
unearth,item,unearth item,100,290,1.46,items unearthed,4.41,5,2,197.78,301.7,343.31,365.49,1,0,77,15
unearth,layer,unearth layer,100,174,2.34,unearthing the layers,3.52,5,2,209.54,295.05,324.1,342.07,1,0,77,8
unearth,letter,unearth letter,100,206,1.29,unearthed a letter,4.7,5,2,200.25,296.12,337.49,359.86,1,0,77,7
unearth,link,unearth link,100,180,0.65,unearthed links,3.43,9,2,208.43,313.12,359.04,384.62,1,0,77,5
unearth,material,unearth material,100,652,2.34,material unearthed,4.26,5,2,225.35,316.51,351.27,369.43,1,0,77,25
unearth,meaning,unearth meaning,100,172,2.06,unearth the meaning,1.85,2,2,162.8,234.33,260.23,275.05,1,0,77,4
unearth,memory,unearth memory,100,344,2.77,unearth memories,2.38,5,2,208.41,286.39,315.63,333.95,1,0,77,12
unearth,mystery,unearth mystery,100,478,4.66,unearth the mystery,2.33,2,2,106.73,156.93,178.71,191.8,1,0,77,3
unearth,nugget,unearth nugget,100,259,6.03,unearth nuggets,4.45,1,2,39.22,61.028,69.216,73.553,1,0,77,1
unearth,number,unearth number,100,511,0.62,unearthed a number of,3.3,11,2,198.05,280.36,322.92,351.63,1,0,77,36
unearth,object,unearth object,100,334,2.29,objects unearthed,3.66,5,2,227.43,320.07,354.24,371.31,1,0,77,11
unearth,opportunity,unearth opportunity,100,390,0.91,unearth opportunities,1.88,1,2,136.89,208.1,236.58,250.98,1,0,77,10
unearth,past,unearth past,100,310,4.46,unearthing the past,1.7,3,2,213.46,308.81,350.28,372.42,1,0,77,2
unearth,pattern,unearth pattern,100,171,1.38,unearth patterns,3.92,8,2,195.07,280.49,312.64,330.48,1,0,77,4
unearth,photo,unearth photo,100,287,1.77,unearthed a photo,4.93,1,2,102.55,203.45,258.19,285.53,1,0,77,8
unearth,piece,unearth piece,100,505,2.2,unearthed pieces,4.14,13,2,236.3,331.62,361.88,377.98,1,0,77,26
unearth,plot,unearth plot,100,203,3.37,unearthed a plot,3.14,4,2,152.98,228.72,255.26,268.78,1,0,77,5
unearth,potential,unearth potential,100,248,2.08,unearth the potential,1.91,2,2,154.16,221.87,249.35,265.29,1,0,77,6
unearth,racket,unearth racket,100,209,5.68,unearthed a racket,4.26,4,2,53.336,74.988,82.831,86.722,1,0,77,3
unearth,reason,unearth reason,100,196,0.57,unearth the reasons,1.93,6,2,234.48,357.74,407.43,432.0,1,0,77,2
unearth,record,unearth record,100,302,1.44,records unearthed,4.15,8,2,188.53,270.23,302.1,318.6,1,0,77,14
unearth,recording,unearth recording,100,323,3.89,unearthed recordings,3.68,3,2,157.5,230.31,271.59,298.24,1,0,77,2
unearth,relic,unearth relic,100,602,6.77,relics unearthed,4.07,2,2,82.27,128.84,148.15,159.39,1,0,77,1
unearth,root,unearth root,100,348,3.81,unearth the roots,4.34,8,2,183.82,254.44,278.26,289.43,1,0,77,4
unearth,ruin,unearth ruin,100,212,4.93,unearthed the ruins,2.59,6,2,115.01,166.91,186.64,198.95,1,0,77,1
unearth,scam,unearth scam,100,362,5.66,scam was unearthed,2.64,1,2,61.501,91.868,102.5,108.97,1,0,77,1
unearth,scandal,unearth scandal,100,279,5.28,scandal was unearthed,2.13,2,2,130.4,188.74,212.28,224.38,1,0,77,1
unearth,secret,unearth secret,100,2119,6.3,unearth the secrets,2.19,3,2,106.43,149.86,166.24,174.76,1,0,77,7
unearth,series,unearth series,100,214,1.17,unearthed a series of,2.92,7,2,235.62,353.57,397.71,420.71,1,0,77,11
unearth,site,unearth site,100,352,1.26,site was unearthed,4.56,3,2,252.6,368.9,411.88,434.34,1,0,77,18
unearth,skeleton,unearth skeleton,100,862,7.16,skeleton was unearthed,4.97,4,2,84.951,124.19,139.67,148.23,1,0,77,1
unearth,skull,unearth skull,100,360,5.79,skull was unearthed,4.83,1,2,85.681,134.14,160.28,175.12,1,0,77,4
unearth,source,unearth source,100,262,1.15,unearth the source,2.96,9,2,225.06,315.84,347.17,361.21,1,0,77,2
unearth,story,unearth story,100,1503,2.75,unearth stories,3.3,6,2,197.18,328.22,376.06,402.62,1,0,77,28
unearth,talent,unearth talent,100,1111,5.09,unearth talent,2.19,2,2,149.46,215.84,243.88,261.1,1,0,77,6
unearth,tomb,unearth tomb,100,451,6.3,tomb was unearthed,4.73,1,2,107.36,180.67,215.57,236.44,1,0,77,1
unearth,treasure,unearth treasure,100,1465,7.06,unearthed treasures,4.32,4,2,82.104,130.92,156.81,169.79,1,0,77,1
unearth,truth,unearth truth,100,1707,4.8,to unearth the truth,1.96,5,2,153.56,224.44,249.84,264.71,1,0,77,8
unearth,video,unearth video,100,303,1.62,unearthed video,4.67,4,2,147.3,222.06,256.29,276.31,1,0,77,7
unearth,wealth,unearth wealth,100,228,3.34,unearthed a wealth of,2.63,4,2,116.03,167.93,186.4,196.46,1,0,77,3
unleash,ability,unleash ability,100,719,2.82,unleash their ability,1.81,2,3,193.93,281.52,320.44,346.08,1,0,95,8
unleash,album,unleash album,100,1016,4.06,unleash their debut album,4.69,2,3,199.17,316.04,376.82,418.8,1,0,95,4
unleash,amount,unleash amount,100,648,2.11,unleash massive amounts,2.74,4,3,171.9,263.47,299.86,323.81,1,0,95,19
unleash,anger,unleash anger,100,1026,5.91,unleash his anger,2.41,3,3,116.48,185.38,221.03,245.74,1,0,95,9
unleash,army,unleash army,100,1111,5.15,unleash an army,4.7,3,3,127.38,213.56,259.99,294.17,1,0,95,8
unleash,arsenal,unleash arsenal,100,442,5.37,unleash an arsenal,3.86,3,3,82.774,122.6,142.39,155.7,1,0,95,1
unleash,artist,unleash artist,100,442,3.04,unleash your inner artist,4.24,1,3,182.18,293.88,365.73,410.2,1,0,95,1
unleash,assault,unleash assault,100,813,5.61,unleashed an assault,3.41,4,3,124.83,201.11,232.33,250.5,1,0,95,2
unleash,attack,unleash attack,100,5543,6.4,unleash an attack,3.71,9,3,172.82,287.0,339.01,372.67,1,0,95,14
unleash,beast,unleash beast,100,1883,6.84,unleash the beast,4.63,2,3,79.706,134.98,160.11,178.98,1,0,95,2
unleash,blast,unleash blast,100,1136,6.14,unleashed a blast,3.9,6,3,91.945,150.01,174.26,190.31,1,0,95,1
unleash,bomb,unleash bomb,100,501,4.47,bombs were unleashed,4.84,3,3,82.168,128.66,156.09,175.26,1,0,95,7
unleash,brand,unleash brand,100,647,3.47,unleashed a brand,3.29,6,3,213.35,303.78,337.55,355.34,1,0,95,4
unleash,burst,unleash burst,100,503,5.45,unleashed a burst,3.1,4,3,126.0,183.16,204.24,214.91,1,0,95,1
unleash,campaign,unleash campaign,100,1531,4.73,unleashed a campaign,3.0,4,3,234.82,326.5,365.57,390.31,1,0,95,8
unleash,capability,unleash capability,100,390,3.08,unleash the capabilities,1.93,3,3,147.77,236.79,272.08,289.79,1,0,95,3
unleash,chaos,unleash chaos,100,1505,6.74,unleash chaos,2.79,4,3,93.015,129.39,146.93,159.87,1,0,95,2
unleash,combo,unleash combo,100,447,5.26,unleash devastating combos,3.37,1,3,57.99,83.876,93.897,99.289,1,0,95,3
unleash,creativity,unleash creativity,100,5457,8.33,unleash their creativity,1.8,1,3,90.711,131.02,148.56,159.5,1,0,95,7
unleash,crisis,unleash crisis,100,612,4.19,crisis unleashed,2.33,2,3,139.99,213.55,249.27,271.87,1,0,95,9
unleash,curse,unleash curse,100,408,5.02,unleash a curse,2.39,5,3,86.712,120.91,133.44,141.34,1,0,95,5
unleash,demand,unleash demand,100,429,2.71,unleash pent-up demand,2.2,5,3,175.66,257.9,291.88,309.12,1,0,95,13
unleash,demon,unleash demon,100,1021,6.06,demons unleashed,3.32,3,3,81.379,122.55,152.67,171.0,1,0,95,4
unleash,desire,unleash desire,100,397,3.54,unleashed desire,1.7,3,3,165.31,243.51,281.9,306.53,1,0,95,8
unleash,destruction,unleash destruction,100,917,5.75,destruction unleashed,3.21,3,3,129.94,186.81,208.33,220.31,1,0,95,3
unleash,dog,unleash dog,100,2534,5.41,unleashed dogs,4.85,7,3,104.88,197.0,248.38,285.38,1,0,95,10
unleash,drive,unleash drive,100,550,3.73,unleashed a powerful drive,3.86,12,3,230.27,322.71,352.72,367.84,1,0,95,8
unleash,effect,unleash effect,100,546,1.6,Unleash effect,1.8,6,3,218.79,347.59,391.78,415.54,1,0,95,8
unleash,effort,unleash effort,100,489,2.02,unleashed an effort,2.33,4,3,200.2,307.62,348.88,374.91,1,0,95,16
unleash,emotion,unleash emotion,100,427,3.93,emotions unleashed,2.44,1,3,133.04,187.76,208.77,222.4,1,0,95,6
unleash,energy,unleash energy,100,2556,5.01,energy unleashed,3.11,7,3,147.56,207.6,231.64,246.44,1,0,95,11
unleash,event,unleash event,100,532,1.63,Unleashed event,2.69,4,3,226.3,317.53,360.62,385.59,1,0,95,19
unleash,evil,unleash evil,100,1008,5.98,evil unleashed,1.93,3,3,99.432,147.25,170.47,183.24,1,0,95,3
unleash,fire,unleash fire,100,556,3.39,unleash fire,4.68,9,3,142.33,217.4,250.15,268.89,1,0,95,13
unleash,firestorm,unleash firestorm,100,453,5.71,unleashed a firestorm of,3.56,2,3,28.652,42.632,49.747,54.039,1,0,95,3
unleash,flood,unleash flood,100,1369,6.74,unleashed a flood of,4.62,6,3,88.579,142.0,170.7,188.63,1,0,95,1
unleash,flurry,unleash flurry,100,1008,6.74,unleashed a flurry of,3.38,2,3,66.111,99.767,118.23,128.57,1,0,95,2
unleash,force,unleash force,100,5682,5.95,forces unleashed,3.0,10,3,126.65,244.96,289.46,319.69,1,0,95,11
unleash,fury,unleash fury,100,3432,8.5,unleash the fury,2.89,4,3,78.211,122.7,138.28,147.9,1,0,95,2
unleash,game,unleash game,100,460,0.77,Unleashed game,4.5,11,3,197.97,310.04,362.54,399.13,1,0,95,35
unleash,growth,unleash growth,100,491,2.66,unleash economic growth,2.89,7,3,144.79,208.57,237.72,256.21,1,0,95,11
unleash,havoc,unleash havoc,100,539,5.31,unleash havoc,2.18,1,3,31.339,43.219,47.114,48.998,1,0,95,2
unleash,hell,unleash hell,100,2366,6.81,unleash hell,2.41,6,3,104.67,147.82,166.05,175.55,1,0,95,3
unleash,horde,unleash horde,100,619,6.02,unleash a horde,3.7,3,3,80.335,130.35,150.93,162.79,1,0,95,3
unleash,horror,unleash horror,100,943,6.1,horrors unleashed,2.5,3,3,109.08,156.75,175.87,188.3,1,0,95,1
unleash,hound,unleash hound,100,469,5.67,unleash the hounds,4.48,2,3,49.463,71.859,81.319,87.49,1,0,95,1
unleash,idea,unleash idea,100,450,0.91,unleash their ideas,1.61,5,3,186.11,292.47,339.77,365.76,1,0,95,31
unleash,imagination,unleash imagination,100,1230,6.12,unleash your imagination,1.69,3,3,94.676,139.25,161.68,174.76,1,0,95,11
unleash,innovation,unleash innovation,100,1019,5.19,unleash innovation,1.97,3,3,116.4,177.04,198.31,209.83,1,0,95,8
unleash,kind,unleash kind,100,579,1.96,unleash the kind,2.07,1,3,133.27,291.79,361.24,396.17,1,0,95,12
unleash,level,unleash level,100,445,1.37,unleash a new level,2.86,8,3,233.88,337.78,381.3,409.81,1,0,95,12
unleash,magic,unleash magic,100,595,5.01,magic unleashed,2.9,2,3,119.08,167.17,185.14,193.94,1,0,95,4
unleash,mayhem,unleash mayhem,100,840,6.52,unleash mayhem,2.24,2,3,50.655,78.334,88.658,94.448,1,0,95,1
unleash,might,unleash might,100,448,5.56,unleash the might,2.32,1,3,65.526,90.627,98.147,101.62,1,0,95,1
unleash,monster,unleash monster,100,1541,6.19,Monsters Unleashed,3.72,5,3,80.382,142.02,178.1,200.01,1,0,95,4
unleash,move,unleash move,100,609,3.41,unleash special moves,3.25,5,3,208.04,296.01,329.89,349.78,1,0,95,2
unleash,opportunity,unleash opportunity,100,609,1.51,unleash opportunities,1.88,1,3,136.89,208.1,236.58,250.98,1,0,95,10
unleash,passion,unleash passion,100,1114,5.26,Unleash your passion,2.3,7,3,119.78,201.4,232.88,253.47,1,0,95,7
unleash,performance,unleash performance,100,516,2.26,unleash the performance,3.04,5,3,226.31,347.54,398.8,425.5,1,0,95,7
unleash,plague,unleash plague,100,937,6.52,unleash a plague,3.41,5,3,38.324,63.274,74.412,80.291,1,0,95,2
unleash,plan,unleash plan,100,428,1.35,unleashes his plan,3.4,3,3,144.41,259.22,311.43,339.79,1,0,95,17
unleash,possibility,unleash possibility,100,488,3.11,possibilities unleashed,1.33,4,3,145.63,223.31,267.52,294.93,1,0,95,4
unleash,potential,unleash potential,100,10483,7.36,unleash the potential,1.91,2,3,154.16,221.87,249.35,265.29,1,0,95,6
unleash,power,unleash power,100,15563,6.44,unleash the power,2.04,9,3,196.2,276.34,308.2,322.74,1,0,95,19
unleash,rage,unleash rage,100,841,6.21,unleash their rage,3.13,5,3,78.825,123.42,139.63,154.56,1,0,95,2
unleash,reign,unleash reign,100,832,6.18,unleashed a reign of terror,2.37,3,3,169.8,252.63,297.65,319.93,1,0,95,1
unleash,repression,unleash repression,100,518,5.76,repression unleashed,1.66,3,3,53.032,92.371,112.96,124.44,1,0,95,1
unleash,revolution,unleash revolution,100,646,5.07,unleash a revolution,2.87,3,3,158.96,229.25,269.07,292.82,1,0,95,4
unleash,round,unleash round,100,409,3.12,unleash a new round,3.9,14,3,139.8,209.38,243.16,267.85,1,0,95,8
unleash,series,unleash series,100,1501,3.89,unleashed a series of,2.92,7,3,235.62,353.57,397.71,420.71,1,0,95,11
unleash,shot,unleash shot,100,2263,5.08,unleashed a shot,4.44,17,3,163.26,250.01,288.05,309.59,1,0,95,10
unleash,side,unleash side,100,1132,3.84,unleash your creative side,3.68,12,3,242.69,366.37,436.59,477.44,1,0,95,25
unleash,skill,unleash skill,100,780,2.67,unleash her skills,2.17,2,3,158.2,237.46,270.14,289.39,1,0,95,10
unleash,spell,unleash spell,100,527,4.65,unleash spells,3.32,4,3,120.98,176.92,199.04,209.58,1,0,95,5
unleash,spirit,unleash spirit,100,1262,4.91,unleash the spirit,1.6,8,3,185.02,272.1,307.13,325.29,1,0,95,10
unleash,storm,unleash storm,100,1255,6.11,unleashed a storm,4.7,3,3,113.46,178.08,210.12,230.75,1,0,95,5
unleash,stream,unleash stream,100,588,4.41,unleashed a stream,4.5,5,3,175.06,246.5,274.8,292.6,1,0,95,3
unleash,strength,unleash strength,100,458,3.2,unleash the strength,2.96,9,3,166.18,231.06,253.01,266.37,1,0,95,4
unleash,strike,unleash strike,100,883,5.42,unleashed a strike,4.07,6,3,121.41,189.04,221.03,238.98,1,0,95,5
unleash,talent,unleash talent,100,1141,4.9,unleash their talents,2.19,2,3,149.46,215.84,243.88,261.1,1,0,95,6
unleash,terror,unleash terror,100,2281,7.54,terror unleashed,2.43,4,3,89.753,127.38,141.12,150.15,1,0,95,5
unleash,tirade,unleash tirade,100,564,6.05,unleashed a tirade,2.81,1,3,37.456,66.531,79.988,86.845,1,0,95,1
unleash,torrent,unleash torrent,100,2836,8.24,unleashed a torrent of,3.31,3,3,57.259,86.387,98.638,106.4,1,0,95,1
unleash,tsunami,unleash tsunami,100,622,6.03,unleashed a tsunami,4.33,1,3,44.268,77.021,90.751,100.36,1,0,95,1
unleash,value,unleash value,100,456,1.22,unleash the value,1.62,6,3,204.29,287.34,318.64,334.81,1,0,95,21
unleash,version,unleash version,100,487,1.83,Unleashed version,1.7,6,3,263.55,386.28,441.13,471.77,1,0,95,10
unleash,video,unleash video,100,465,2.16,unleashed the video,4.67,4,3,147.3,222.06,256.29,276.31,1,0,95,7
unleash,violence,unleash violence,100,3115,6.46,violence unleashed,3.07,3,3,151.79,221.0,253.88,276.12,1,0,95,7
unleash,virus,unleash virus,100,1230,5.55,virus is unleashed,3.48,3,3,98.597,163.57,194.16,213.12,1,0,95,9
unleash,volley,unleash volley,100,761,6.4,unleashed a volley,3.59,2,3,57.444,86.119,103.74,115.73,1,0,95,1
unleash,war,unleash war,100,2904,5.5,war unleashed,3.63,4,3,185.71,287.06,333.51,366.33,1,0,95,8
unleash,wave,unleash wave,100,4788,7.16,unleashed a wave,4.55,9,3,166.5,236.93,267.61,282.94,1,0,95,11
unleash,weapon,unleash weapon,100,1770,5.13,weapons unleashed,4.76,2,3,121.89,179.72,215.89,244.38,1,0,95,12
unleash,wrath,unleash wrath,100,1365,7.0,unleash the wrath,2.42,2,3,66.357,102.3,119.03,126.9,1,0,95,2
unleash,year,unleash year,100,497,0.21,unleashed last year,3.25,4,3,119.49,308.84,424.66,500.24,1,0,95,26
unlock,ability,unlock ability,100,5639,5.67,unlock the ability,1.81,2,3,193.93,281.52,320.44,346.08,1,0,90,8
unlock,access,unlock access,100,2689,4.03,unlock access to,2.71,6,3,184.91,259.37,284.95,297.1,1,0,90,1
unlock,account,unlock account,100,2175,4.54,unlock your account,3.08,10,3,210.91,294.5,321.83,335.52,1,0,90,9
unlock,achievement,unlock achievement,100,2651,6.35,unlock achievements,2.37,1,3,117.54,193.16,221.96,236.3,1,0,90,1
unlock,application,unlock application,100,1072,2.93,software & unlock code applications,3.4,7,3,197.63,277.64,315.37,336.82,1,0,90,8
unlock,area,unlock area,100,2042,3.15,unlock new areas,3.72,6,3,263.68,404.24,463.02,501.91,1,0,90,24
unlock,benefit,unlock benefit,100,2308,4.34,unlock the benefits,2.25,3,3,190.8,268.37,292.93,305.07,1,0,90,6
unlock,bike,unlock bike,100,1089,4.71,unlock the bike,5.0,2,3,86.545,158.33,190.95,210.64,1,0,90,5
unlock,bonus,unlock bonus,100,1179,5.26,unlock bonuses,3.04,2,3,76.837,110.74,125.75,134.66,1,0,90,3
unlock,box,unlock box,100,1380,4.33,unlock the box,4.9,10,3,185.98,265.79,297.28,315.78,1,0,90,8
unlock,capability,unlock capability,100,1241,4.49,unlock new capabilities,1.93,3,3,147.77,236.79,272.08,289.79,1,0,90,3
unlock,capital,unlock capital,100,865,4.42,unlock capital,4.1,8,3,191.18,277.71,310.83,327.04,1,0,90,2
unlock,car,unlock car,100,5734,5.34,unlock the car,4.89,5,3,146.58,271.86,328.14,362.93,1,0,90,26
unlock,card,unlock card,100,1449,3.9,unlock new cards,4.9,11,3,148.11,207.64,231.41,245.34,1,0,90,11
unlock,cell,unlock cell,100,1226,4.17,unlocked cells,4.44,7,3,151.64,244.74,286.69,309.52,1,0,90,11
unlock,challenge,unlock challenge,100,824,2.8,unlock challenges,2.11,5,3,158.7,224.89,250.88,263.63,1,0,90,9
unlock,character,unlock character,100,4729,5.34,unlock new characters,2.93,9,3,277.35,405.34,452.72,475.45,1,0,90,14
unlock,chest,unlock chest,100,2093,6.49,an unlocked chest,4.93,4,3,101.46,146.27,172.5,202.92,1,0,90,4
unlock,code,unlock code,100,7121,6.05,unlock code,3.0,3,3,138.61,222.28,254.59,273.05,1,0,90,9
unlock,computer,unlock computer,100,1254,4.47,unlock your computer,4.93,2,3,120.92,187.82,222.96,248.44,1,0,90,4
unlock,content,unlock content,100,3300,4.88,unlock content,2.59,7,3,164.92,250.07,280.91,297.3,1,0,90,17
unlock,costume,unlock costume,100,900,5.21,unlock costumes,4.57,4,3,109.99,159.09,182.79,200.47,1,0,90,1
unlock,creativity,unlock creativity,100,1611,5.96,unlock creativity,1.8,1,3,90.711,131.02,148.56,159.5,1,0,90,7
unlock,device,unlock device,100,8071,6.33,unlock the device,3.97,5,3,184.14,273.74,314.56,337.87,1,0,90,10
unlock,door,unlock door,100,46638,9.0,unlock the door,4.81,5,3,145.33,240.25,284.65,309.98,1,0,90,14
unlock,drive,unlock drive,100,901,4.16,unlock the drive,3.86,12,3,230.27,322.71,352.72,367.84,1,0,90,8
unlock,event,unlock event,100,818,2.18,unlock event,2.69,4,3,226.3,317.53,360.62,385.59,1,0,90,19
unlock,experience,unlock experience,100,845,1.88,unlocking experience,1.8,3,3,185.87,276.44,315.87,336.02,1,0,90,12
unlock,feature,unlock feature,100,6696,5.75,unlock feature,2.96,6,3,224.82,325.48,365.88,386.04,1,0,90,9
unlock,file,unlock file,100,2519,4.11,unlock the file,4.41,4,3,161.95,238.97,274.76,297.38,1,0,90,9
unlock,game,unlock game,100,1712,2.61,unlock the game,4.5,11,3,197.97,310.04,362.54,399.13,1,0,90,35
unlock,gate,unlock gate,100,3713,7.01,unlock the gate,4.96,4,3,143.81,229.28,265.02,282.2,1,0,90,5
unlock,growth,unlock growth,100,1858,4.43,unlock growth,2.89,7,3,144.79,208.57,237.72,256.21,1,0,90,11
unlock,information,unlock information,100,1148,1.64,unlock information,2.87,5,3,188.65,292.02,342.92,373.06,1,0,90,17
unlock,innovation,unlock innovation,100,934,4.66,unlock innovation,1.97,3,3,116.4,177.04,198.31,209.83,1,0,90,8
unlock,insight,unlock insight,100,2213,5.22,unlock insights,1.72,4,3,127.44,178.44,194.41,201.84,1,0,90,4
unlock,investment,unlock investment,100,1568,4.67,unlock investment,3.59,6,3,124.05,176.45,202.01,218.67,1,0,90,4
unlock,iphone,unlock iphone,100,1436,6.35,to unlock iphone,4.93,0,3,19.867,36.165,48.524,55.875,1,0,90,1
unlock,item,unlock item,100,3447,4.85,unlock items,4.41,5,3,197.78,301.7,343.31,365.49,1,0,90,15
unlock,key,unlock key,100,1984,4.93,unlock the key,4.89,15,3,135.99,198.79,224.6,237.24,1,0,90,7
unlock,level,unlock level,100,5435,4.91,unlock new levels,2.86,8,3,233.88,337.78,381.3,409.81,1,0,90,12
unlock,lock,unlock lock,100,2028,6.22,unlock the lock,4.65,6,3,123.39,173.09,188.93,197.25,1,0,90,6
unlock,market,unlock market,100,955,3.2,unlock new markets,4.7,5,3,166.28,245.6,289.22,311.24,1,0,90,22
unlock,meaning,unlock meaning,100,827,3.89,unlock the meaning,1.85,2,3,162.8,234.33,260.23,275.05,1,0,90,4
unlock,mechanism,unlock mechanism,100,944,4.07,unlocking mechanism,3.67,5,3,195.48,276.41,304.06,319.14,1,0,90,2
unlock,memory,unlock memory,100,1159,4.17,unlock memories,2.38,5,3,208.41,286.39,315.63,333.95,1,0,90,12
unlock,mission,unlock mission,100,1123,4.47,unlock new missions,2.9,5,3,169.93,249.42,281.6,298.22,1,0,90,3
unlock,mode,unlock mode,100,2525,5.68,mode is unlocked,2.46,6,3,159.78,240.81,275.2,291.3,1,0,90,2
unlock,model,unlock model,100,1004,2.73,unlocked model,4.53,9,3,257.89,360.86,399.17,421.43,1,0,90,10
unlock,mystery,unlock mystery,100,7083,7.74,unlock the mysteries,2.33,2,3,106.73,156.93,178.71,191.8,1,0,90,3
unlock,opportunity,unlock opportunity,100,6997,4.98,unlock opportunities,1.88,1,3,136.89,208.1,236.58,250.98,1,0,90,10
unlock,option,unlock option,100,2174,3.61,unlock option,2.39,3,3,177.96,261.29,294.17,310.74,1,0,90,3
unlock,part,unlock part,100,1170,1.33,unlock parts,3.29,12,3,237.04,382.12,430.05,454.33,1,0,90,30
unlock,password,unlock password,100,1578,5.44,unlock password,3.83,1,3,56.943,87.481,103.63,113.39,1,0,90,4
unlock,perk,unlock perk,100,938,5.6,unlock perks,3.03,1,3,40.043,56.365,62.465,66.577,1,0,90,1
unlock,phone,unlock phone,100,18357,8.28,unlock the phone,4.86,3,3,132.03,200.44,232.92,254.36,1,0,90,8
unlock,possibility,unlock possibility,100,1704,4.7,unlock new possibilities,1.33,4,3,145.63,223.31,267.52,294.93,1,0,90,4
unlock,potential,unlock potential,100,27122,8.54,unlock the potential,1.91,2,3,154.16,221.87,249.35,265.29,1,0,90,6
unlock,power,unlock power,100,8904,5.57,unlock the power,2.04,9,3,196.2,276.34,308.2,322.74,1,0,90,19
unlock,process,unlock process,100,1223,2.5,unlocking process,2.93,6,3,219.57,309.68,362.4,391.04,1,0,90,24
unlock,resource,unlock resource,100,1241,3.42,unlock resources,2.55,3,3,166.52,241.94,269.95,282.85,1,0,90,7
unlock,reward,unlock reward,100,2135,6.11,unlock rewards,3.41,5,3,91.827,146.67,165.8,174.59,1,0,90,2
unlock,room,unlock room,100,1749,3.61,unlocked room,4.79,4,3,177.22,289.39,342.76,375.76,1,0,90,6
unlock,screen,unlock screen,100,2459,5.74,unlock the screen,4.6,9,3,184.18,258.18,287.66,306.13,1,0,90,8
unlock,secret,unlock secret,100,12058,8.19,unlock the secrets,2.19,3,3,106.43,149.86,166.24,174.76,1,0,90,7
unlock,service,unlock service,100,1080,1.87,unlocking service,2.21,15,3,200.41,284.58,315.39,332.94,1,0,90,18
unlock,skill,unlock skill,100,2599,4.3,unlock new skills,2.17,2,3,158.2,237.46,270.14,289.39,1,0,90,10
unlock,skin,unlock skin,100,1247,4.58,unlock skins,4.79,6,3,169.4,240.84,276.4,299.07,1,0,90,10
unlock,slot,unlock slot,100,825,4.85,unlocked slots,4.45,7,3,116.84,164.45,182.81,190.99,1,0,90,2
unlock,smartphone,unlock smartphone,100,1492,5.95,unlocked smartphone,4.57,0,3,36.422,61.608,72.385,80.419,1,0,90,2
unlock,software,unlock software,100,906,3.55,unlock the software,4.08,1,3,147.19,228.36,269.51,292.52,1,0,90,4
unlock,solution,unlock solution,100,1029,2.76,unlock solutions,2.61,5,3,187.76,265.14,296.6,314.05,1,0,90,7
unlock,song,unlock song,100,1320,3.56,unlock songs,4.46,6,3,201.8,327.69,394.38,431.11,1,0,90,8
unlock,stage,unlock stage,100,907,3.95,unlock new stages,4.64,8,3,237.79,333.96,373.25,392.25,1,0,90,7
unlock,story,unlock story,100,817,1.78,unlock the story,3.3,6,3,197.18,328.22,376.06,402.62,1,0,90,28
unlock,system,unlock system,100,2471,2.88,unlock system,2.94,9,3,223.61,330.78,374.49,401.55,1,0,90,36
unlock,talent,unlock talent,100,806,4.1,unlock talent,2.19,2,3,149.46,215.84,243.88,261.1,1,0,90,6
unlock,thing,unlock thing,100,1464,1.48,unlock things,3.17,12,3,143.55,268.8,339.04,370.97,1,0,90,51
unlock,time,unlock time,100,822,0.11,unlock time,3.07,10,3,273.83,408.51,469.17,512.74,1,0,90,50
unlock,tool,unlock tool,100,1364,3.27,unlock tool,4.6,4,3,195.29,277.16,313.4,337.24,1,0,90,8
unlock,track,unlock track,100,876,3.51,unlock new tracks,4.31,11,3,242.07,333.47,365.78,385.96,1,0,90,5
unlock,unit,unlock unit,100,1094,3.55,unlocked units,3.77,6,3,223.82,323.7,361.47,379.55,1,0,90,8
unlock,upgrade,unlock upgrade,100,1106,5.23,unlock upgrades,2.36,6,3,104.08,146.4,164.97,173.95,1,0,90,1
unlock,value,unlock value,100,11625,5.83,unlock value,1.62,6,3,204.29,287.34,318.64,334.81,1,0,90,21
unlock,vehicle,unlock vehicle,100,3478,5.43,unlocked vehicle,4.64,4,3,135.77,243.43,288.48,318.05,1,0,90,14
unlock,version,unlock version,100,2759,4.24,unlocked version,1.7,6,3,263.55,386.28,441.13,471.77,1,0,90,10
unlock,way,unlock way,100,1276,1.14,unlock new ways,2.34,12,3,244.04,355.4,397.34,421.07,1,0,90,38
unlock,weapon,unlock weapon,100,2644,5.48,unlock new weapons,4.76,2,3,121.89,179.72,215.89,244.38,1,0,90,12
unlock,window,unlock window,100,1376,4.2,unlocked window,4.86,8,3,140.8,244.66,291.16,317.16,1,0,90,15
unlock,world,unlock world,100,1847,3.58,unlock a world,4.36,8,3,202.2,309.66,360.98,390.98,1,0,90,28
weave,art,weave art,100,942,3.82,weaving art,4.17,4,4,176.16,254.33,287.89,305.67,1,0,83,3
weave,bag,weave bag,100,4347,6.44,woven bags,4.9,9,4,145.54,219.91,255.08,276.69,1,0,83,15
weave,band,weave band,100,966,4.03,woven band,4.68,13,4,247.28,343.56,379.96,400.28,1,0,83,3
weave,basket,weave basket,100,7588,8.54,woven baskets,5.0,4,4,92.968,137.82,159.48,172.87,1,0,83,1
weave,blanket,weave blanket,100,1767,6.54,woven blankets,5.0,3,4,67.187,106.91,127.65,141.13,1,0,83,3
weave,bracelet,weave bracelet,100,738,5.51,woven bracelet,4.96,2,4,32.305,65.308,86.196,97.035,1,0,83,1
weave,carpet,weave carpet,100,2558,7.12,woven carpets,4.96,2,4,88.675,133.13,160.77,180.18,1,0,83,1
weave,character,weave character,100,933,3.05,characters are woven,2.93,9,4,277.35,405.34,452.72,475.45,1,0,83,14
weave,cloth,weave cloth,100,7014,8.48,woven cloth,4.9,1,4,77.017,125.63,152.89,170.36,1,0,83,2
weave,community,weave community,100,895,2.85,weaving community,3.52,6,4,214.58,316.13,353.91,376.42,1,0,83,12
weave,cotton,weave cotton,100,1978,6.9,woven cotton,4.97,4,4,83.538,141.64,162.82,176.95,1,0,83,4
weave,culture,weave culture,100,673,3.59,weaving culture,2.04,7,4,186.1,286.95,330.06,354.28,1,0,83,8
weave,design,weave design,100,2259,4.51,woven design,3.27,7,4,235.93,343.99,390.64,412.09,1,0,83,5
weave,detail,weave detail,100,790,3.02,details woven,2.5,5,4,181.66,257.54,289.87,309.11,1,0,83,10
weave,dream,weave dream,100,716,3.78,weaving dreams,2.6,6,4,147.1,213.55,239.31,254.22,1,0,83,8
weave,element,weave element,100,2514,4.77,elements woven,3.63,7,4,214.49,312.21,360.35,389.13,1,0,83,9
weave,experience,weave experience,100,1533,2.77,weaving experience,1.8,3,4,185.87,276.44,315.87,336.02,1,0,83,12
weave,fabric,weave fabric,100,18788,9.52,woven fabric,4.63,2,4,103.84,177.02,211.66,229.92,1,0,83,6
weave,fact,weave fact,100,918,2.99,weaves fact,2.72,4,4,254.34,365.67,419.85,450.64,1,0,83,9
weave,fiber,weave fiber,100,2189,6.73,woven fibers,4.5,5,4,62.449,128.55,154.95,167.55,1,0,83,3
weave,finger,weave finger,100,673,3.88,wove his fingers,5.0,3,4,107.49,155.49,183.73,208.51,1,0,83,12
weave,garment,weave garment,100,1337,6.23,woven garments,4.78,1,4,78.546,112.22,132.23,146.26,1,0,83,2
weave,hair,weave hair,100,984,4.14,hair woven,4.97,6,4,145.81,211.36,244.64,264.55,1,0,83,12
weave,hand,weave hand,100,3149,4.33,hand woven,4.72,14,4,269.2,382.64,427.86,454.46,1,0,83,33
weave,hat,weave hat,100,782,4.82,woven hats,4.88,2,4,87.277,125.25,147.49,171.25,1,0,83,3
weave,history,weave history,100,2782,4.74,weaves history,2.96,5,4,244.12,342.42,382.02,402.74,1,0,83,9
weave,idea,weave idea,100,850,1.8,ideas woven,1.61,5,4,186.11,292.47,339.77,365.76,1,0,83,31
weave,image,weave image,100,887,2.6,Woven Image,3.85,9,4,179.93,316.21,370.25,403.89,1,0,83,21
weave,layer,weave layer,100,754,4.06,woven layer,3.52,5,4,209.54,295.05,324.1,342.07,1,0,83,8
weave,leaf,weave leaf,100,673,4.44,woven palm leaves,5.0,3,4,136.48,208.19,246.0,268.67,1,0,83,5
weave,life,weave life,100,2065,2.92,life is woven,2.69,14,4,228.25,333.37,374.48,396.14,1,0,83,27
weave,line,weave line,100,1391,3.03,lines woven,4.5,30,4,253.42,357.41,397.32,421.22,1,0,83,42
weave,linen,weave linen,100,802,5.74,woven linen,4.8,3,4,59.401,92.723,107.34,115.67,1,0,83,2
weave,loom,weave loom,100,1424,6.66,weaving looms,4.5,1,4,24.924,34.622,38.153,39.956,1,0,83,1
weave,machine,weave machine,100,2024,4.71,weaving machines,4.25,6,4,162.99,247.75,283.25,305.85,1,0,83,14
weave,magic,weave magic,100,2889,6.93,weave their magic,2.9,2,4,119.08,167.17,185.14,193.94,1,0,83,4
weave,mat,weave mat,100,2756,7.32,woven mats,4.83,7,4,67.86,108.6,131.67,143.45,1,0,83,1
weave,material,weave material,100,4453,5.0,woven material,4.26,5,4,225.35,316.51,351.27,369.43,1,0,83,25
weave,melody,weave melody,100,762,5.32,melodies woven,3.71,2,4,94.038,158.37,199.53,222.36,1,0,83,1
weave,mesh,weave mesh,100,1996,6.89,woven mesh,4.41,5,4,69.121,102.69,115.15,122.14,1,0,83,1
weave,message,weave message,100,719,2.53,message woven,3.97,2,4,175.56,250.41,284.71,304.77,1,0,83,13
weave,music,weave music,100,1047,3.4,music woven,4.31,5,4,190.77,285.42,323.99,353.44,1,0,83,7
weave,narrative,weave narrative,100,4355,7.23,weave a narrative,3.18,1,4,132.48,192.75,217.95,234.11,1,0,83,5
weave,nest,weave nest,100,712,5.2,woven nest,4.86,5,4,111.57,163.11,180.35,189.38,1,0,83,3
weave,net,weave net,100,1465,6.01,woven net,4.53,6,4,151.79,213.84,237.31,249.16,1,0,83,4
weave,network,weave network,100,824,3.51,woven network,3.2,5,4,205.05,307.08,346.49,368.3,1,0,83,7
weave,paper,weave paper,100,3168,5.22,wove paper,4.93,7,4,155.17,242.42,275.37,290.75,1,0,83,8
weave,path,weave path,100,901,3.67,weave a path,4.41,4,4,182.08,275.19,315.19,334.94,1,0,83,7
weave,pattern,weave pattern,100,5154,6.08,weaving patterns,3.92,8,4,195.07,280.49,312.64,330.48,1,0,83,4
weave,piece,weave piece,100,1826,3.92,woven piece,4.14,13,4,236.3,331.62,361.88,377.98,1,0,83,26
weave,plot,weave plot,100,1467,5.59,woven plot,3.14,4,4,152.98,228.72,255.26,268.78,1,0,83,5
weave,product,weave product,100,1263,2.63,woven products,4.17,6,4,227.73,323.72,365.31,390.22,1,0,83,15
weave,project,weave project,100,942,2.33,weaving project,3.62,2,4,170.17,284.97,344.87,374.52,1,0,83,19
weave,ribbon,weave ribbon,100,981,5.79,woven ribbon,4.89,4,4,78.041,114.23,131.11,140.71,1,0,83,3
weave,rope,weave rope,100,843,5.29,woven rope,4.93,2,4,101.68,145.55,165.14,178.71,1,0,83,5
weave,rug,weave rug,100,3432,7.71,woven rugs,4.79,1,4,58.353,88.435,105.16,114.89,1,0,83,1
weave,silk,weave silk,100,1625,6.74,woven silk,4.7,2,4,62.172,107.6,140.74,159.79,1,0,83,2
weave,skill,weave skill,100,862,2.75,weaving skills,2.17,2,4,158.2,237.46,270.14,289.39,1,0,83,10
weave,song,weave song,100,1015,3.23,songs woven,4.46,6,4,201.8,327.69,394.38,431.11,1,0,83,8
weave,spell,weave spell,100,2792,6.73,weave a spell,3.32,4,4,120.98,176.92,199.04,209.58,1,0,83,5
weave,story,weave story,100,15961,6.09,weave a story,3.3,6,4,197.18,328.22,376.06,402.62,1,0,83,28
weave,strand,weave strand,100,2594,7.2,strands woven,4.1,6,4,109.11,152.77,169.27,178.17,1,0,83,2
weave,strip,weave strip,100,922,5.29,woven strips,3.75,6,4,154.31,213.99,235.21,245.92,1,0,83,4
weave,structure,weave structure,100,1093,3.59,woven structure,4.03,5,4,243.93,343.97,379.8,400.18,1,0,83,8
weave,style,weave style,100,898,3.67,weaving style,2.67,9,4,265.3,373.91,413.91,433.56,1,0,83,6
weave,tale,weave tale,100,8235,8.07,weaves a tale,3.23,2,4,178.08,277.38,316.31,343.61,1,0,83,3
weave,tapestry,weave tapestry,100,6735,8.85,woven tapestry,4.52,3,4,62.525,94.289,109.11,117.55,1,0,83,1
weave,technique,weave technique,100,3046,5.18,weaving techniques,2.4,2,4,168.57,286.63,336.55,366.47,1,0,83,5
weave,technology,weave technology,100,1027,3.1,weaving technology,3.24,2,4,185.06,271.52,307.47,331.95,1,0,83,4
weave,textile,weave textile,100,2592,7.45,woven textiles,4.23,1,4,82.363,120.53,137.95,150.12,1,0,83,1
weave,texture,weave texture,100,950,5.29,woven texture,3.83,5,4,122.06,178.82,202.65,215.66,1,0,83,2
weave,theme,weave theme,100,2544,5.59,themes woven,2.72,5,4,220.34,310.53,346.82,364.6,1,0,83,2
weave,thread,weave thread,100,7139,7.31,threads woven,4.83,4,4,107.65,151.12,168.96,178.79,1,0,83,9
weave,tradition,weave tradition,100,1248,5.01,weaving traditions,1.69,2,4,209.79,305.49,345.92,368.67,1,0,83,4
weave,voice,weave voice,100,656,3.14,weaves together the voices,4.13,11,4,221.3,316.55,353.41,375.5,1,0,83,8
weave,way,weave way,100,15164,4.72,weaves its way,2.34,12,4,244.04,355.4,397.34,421.07,1,0,83,38
weave,web,weave web,100,6389,7.94,weave a web,4.37,7,4,113.54,161.86,183.69,197.47,1,0,83,4
weave,wire,weave wire,100,1657,5.75,woven wire,4.72,4,4,109.41,157.85,184.72,202.41,1,0,83,5
weave,wool,weave wool,100,1151,6.19,woven wool,4.86,3,4,69.805,106.95,131.54,147.43,1,0,83,2
weave,word,weave word,100,1410,2.98,weaving words,3.56,10,4,247.83,371.55,418.36,446.17,1,0,83,25
weave,work,weave work,100,1443,2.08,woven work,3.48,7,4,272.87,386.54,424.55,447.82,1,0,83,22
weave,world,weave world,100,1096,2.86,world woven,4.36,8,4,202.2,309.66,360.98,390.98,1,0,83,28
weave,yarn,weave yarn,100,1856,6.75,weaving yarn,4.93,2,4,68.587,101.1,112.5,118.39,1,0,83,3
